"poastila_id","nome","imagem_capa_url"
"03447356-14db-4943-a398-1df9192b5ad4","2026 - RA IV - Urgências e Emergências: Trauma e queimaduras",https://d1jsa4jz7pnf5n.cloudfront.net/196/_ent/13799/2026/old13001_imagem1680707487999_v5.png?1777926470923
"039cf799-63a8-4ac0-8ace-82d2ddc416c0","2024 R+ Reumatologia 3 - Osteoartrite, Gota, Outras Artropatias e Fibromialgia",https://d1jsa4jz7pnf5n.cloudfront.net/77/_ent/1196/2024/imagem1717698433584.jpg?1722344637811
"03a151c2-fff4-4571-93c0-c04020254e3a","2022 Insuficiência Cardíaca e suas causas",http://d1jsa4jz7pnf5n.cloudfront.net/16/_ent/563-t/2022/imagem128.jpg?1657050757674
"0b4bc21e-a55a-4e71-a512-3fd8881a3987","2022 R+ Hepatologia 2 - Complicações da Cirrose",http://d1jsa4jz7pnf5n.cloudfront.net/77/_ent/1166/2022/imagem42.jpg?1643138910907
"0b611143-d439-427c-905c-da8f27d54627","2023 REVALIDAAÇÃO2 - INFECTOLOGIA",https://d1jsa4jz7pnf5n.cloudfront.net/117/_ent/13002/2023/imagem1680111748194_v2.jpg?1700827225844
"150e0b3d-4fe3-4ffb-a5f7-0bf81bdc5d25","2023 R+ ENDOSCOPIA CLM 26",https://d1jsa4jz7pnf5n.cloudfront.net/77/_ent/1188/2023/imagem12.jpg?1687539849303
"1aebbcb6-2bab-4953-8aff-8a763e02b9b8","2026 R+ Clínica Cirúrgica",https://d1jsa4jz7pnf5n.cloudfront.net/77/_ent/1201/2026/imagem1753984214750.jpg?1785510975569
"24185023-1364-4f25-beb1-1b49d8c20428","2026 - RA IV - Sistema Único de Saúde",https://d1jsa4jz7pnf5n.cloudfront.net/196/_ent/13813/2026/old12995_imagem1699009557709.png?1781542411720
"24c6c223-146a-48d0-b2c0-1859ec7abe60","2025 R+ Hepatologia 2 - Complicações da Cirrose",https://d1jsa4jz7pnf5n.cloudfront.net/166/_ent/13505/2025/old1166_imagem1704980118463.jpg?1742563741029
"29cfc6a5-155b-4ffa-9d36-6092c12f0217","2026 R+ Nefrologia 2 - Falência Renal",https://d1jsa4jz7pnf5n.cloudfront.net/77/_ent/1188/2026/imagem1714157542751.jpg?1779375186405
"2e36dd69-ef6b-4219-9bf1-33a52f392f1a","2024 R+ Cardiologia 1 - Hipertensão Arterial Sistêmica e Valvulopatias",https://d1jsa4jz7pnf5n.cloudfront.net/166/_ent/13516/2024/imagem1712599365981.jpg?1723138039038
"35cb8bb7-aa18-4fa6-a810-9ad84990c4b2","2022 R+ Gastroenterologia 3 - Doenças do Pâncreas",http://d1jsa4jz7pnf5n.cloudfront.net/77/_ent/1169/2022/imagem28.jpg?1644929581512
"3e2b3033-e19a-4b92-8ba9-a6eab699d742","2026 - RA IV - Saúde da Mulher: Atendimento a queixas ginecológicas comuns",https://d1jsa4jz7pnf5n.cloudfront.net/196/_ent/13803/2026/old13009_imagem1684861842148_v4.jpg?1778777709175
"4119c4da-8c90-4d21-9208-753b3fb13800","2026 Doenças Intestinais",https://d1jsa4jz7pnf5n.cloudfront.net/16/_ent/592/2026/imagem1778521819829.jpg?1778874730284
"49e3af23-3907-4f9c-8b90-17bd81cb3bd0","2026 VENTILAMED Gráficos, Monitorização e Assincronias ",https://d1jsa4jz7pnf5n.cloudfront.net/104/_ent/12075/2026/6548_img_q7_bonus_vmed03.jpg?1784038049669
"4c56ef7d-793d-4b7b-9998-9e894ce2d18e","2022 R+ Sofrimento Fetal",http://d1jsa4jz7pnf5n.cloudfront.net/80/_ent/1308/2022/imagem40.jpg?1650475312967
"512c334d-54a6-4d82-b361-6e70bf870702","2026 MEDIMAGEM 02 - Cardiologia",https://d1jsa4jz7pnf5n.cloudfront.net/105/_ent/12082/2026/imagem1685563695736_v4.jpg?1781890485640
"555cd0fd-94a7-4da1-8290-426a67558187","2023 REVALIDAAÇÃO2 -ASSISTÊNCIA PRÉ-NATAL E PARTO",https://d1jsa4jz7pnf5n.cloudfront.net/117/_ent/13003/2023/imagem1680793496711_v2.jpg?1700861720594
"598d89cd-61df-4031-aac6-c0375e521c2a","2024 MED Estudos Epidemiológicos",https://d1jsa4jz7pnf5n.cloudfront.net/17/_ent/671/2024/imagem64_v2_v2.jpg?1712779864200
"5dbd3624-7073-4842-b3dc-5080000d7ec5","2023 - REVALIDAAÇÃO - CARDIOLOGIA",https://d1jsa4jz7pnf5n.cloudfront.net/117/_ent/13008/2023/imagem1681742911820.png?1685037724954
"6388c900-733e-4cee-a97f-eebc6f720996","2024 R+ ENDOSCOPIA CLM 17",https://d1jsa4jz7pnf5n.cloudfront.net/77/_ent/1179/2024/imagem1711472850773.JPG?1712758481706
"69500a6e-8043-42c3-8bff-4eba6bd5e1bd","2022 Artrites Soropositivas e Soronegativas",http://d1jsa4jz7pnf5n.cloudfront.net/16/_ent/705/2022/imagem60a_v2_v3.jpg?1645800830274
"7a4b357c-50e9-4d2b-a54b-2b71c75ff18e","2026 - REVALIDAAÇÃO - CLÍNICA MÉDICA - HEPATOLOGIA",https://d1jsa4jz7pnf5n.cloudfront.net/117/_ent/12999/2026/imagem1681168426770_v3.jpg?1776190336788
"7dba08ef-9747-43f1-9aef-e12087b5d126","2026 - RA IV - Saúde da Mulher: ISTs e abordagem da violência sexual",https://d1jsa4jz7pnf5n.cloudfront.net/196/_ent/13810/2026/old12998_imagem1761851025509_v8.png?1780934978153
"82d94117-2f98-4eda-92fe-b84c8c1ba0a3","2024 TED - Genodermatoses 1",https://d1jsa4jz7pnf5n.cloudfront.net/120/_ent/12705/2024/imagem1721227740306_v2.jpg?1726861957948
"8ff55a53-0de6-4abd-b912-d335ccc8accf","2026 Principais Doenças Endócrinas",https://d1jsa4jz7pnf5n.cloudfront.net/16/_ent/587/2026/imagem1750100740856_v3.png?1786022369014
"998f6f7c-0861-4ae9-834b-a21e47c73ce5","2026 - REVALIDAAÇÃO - DOENÇAS INFECCIOSAS PREVALENTES NA INFÂNCIA",https://d1jsa4jz7pnf5n.cloudfront.net/117/_ent/13010/2026/imagem1682263494965.jpg?1781888372014
"9e2f475f-efe5-4971-a144-680d7e917410","2025 MED ATB - INFECÇÕES BACTERIANAS INTRA-ABDOMINAIS",https://d1jsa4jz7pnf5n.cloudfront.net/116/_ent/12940/2025/imagem1694465716095_v3.png?1745521591419
a1bf2a39-9c40-4c8f-aef4-705d6f8c9b39,"2022 R+ ENDOSCOPIA CLM 38",http://d1jsa4jz7pnf5n.cloudfront.net/77/_ent/1200/2022/2020_DDG_APO_R3_CLM39_wells_A_01.jpg?1663869342200
"0024115b-e229-411e-99aa-5a5845fecc46","2026 R+ Medicina Fetal 2",https://d1jsa4jz7pnf5n.cloudfront.net/80/_ent/1318/2026/capago27_v5.jpg?1782933555572
a58724be-e100-441e-ab13-f78f1419badd,"2022 VENTILAMED ASMA, DPOC e Doenças Neuromusculares",http://d1jsa4jz7pnf5n.cloudfront.net/104/_ent/12078/2022/4_v2_v5.jpg?1652452271595
aabbe35e-9615-4457-bb3c-1fee17607bba,"2025 MED Alimentação e Síndromes Gastrointestinais na Infância",https://d1jsa4jz7pnf5n.cloudfront.net/17/_ent/668-b/2025/imagem29_v5.jpg?1758811486628
aebe3377-af0c-4547-bb87-70ceb37f7990,"2024 R+ Nefrologia 2 - Falência Renal",https://d1jsa4jz7pnf5n.cloudfront.net/166/_ent/13523/2024/imagem1714157542751.jpg?1723146337472
af3ed90b-d616-4371-ba63-0eb11e66d8bd,"2025 REVALIDAAÇÃO2 - DOENÇAS INFECCIOSAS PREVALENTES NA INFÂNCIA",https://d1jsa4jz7pnf5n.cloudfront.net/117/_ent/13010/2025/imagem1682263494965.jpg?1765280165891
"209b0ce8-7100-436c-ba32-2417d3f78f67","2026 R+ Nefrologia 1 - Síndromes Compartimentais Renais",https://d1jsa4jz7pnf5n.cloudfront.net/166/_ent/13522/2026/old1187_imagem1714072222373.jpg?1781709064330
b22f5af7-07f7-4f80-ab10-59764bce68b7,"2025 TED - Dermatoses inflamatórias 3: Eczemas",https://d1jsa4jz7pnf5n.cloudfront.net/120/_ent/12687/2025/imagem1739219944620.jpeg?1739469434822
baee6f09-b6fb-4683-910e-c1414e3b6da3,"2026 R+ Infectologia 2 - Infecções Pulmonares",https://d1jsa4jz7pnf5n.cloudfront.net/166/_ent/13534/2026/old1177_imagem1710329302623.jpg?1779985375522
c26af1ca-559c-4e1e-90f9-9819fecad88b,"2026 R+ Hematologia 3 - Distúrbios da Hemostasia e Transfusão de Hemoderivados",https://d1jsa4jz7pnf5n.cloudfront.net/166/_ent/13532/2026/old1200_imagem20_v2_v7.jpg?1784570809567
ca868090-4a99-480b-9c1f-1dea1515be03,"2024 TED - Genodermatoses 3",https://d1jsa4jz7pnf5n.cloudfront.net/120/_ent/12707/2024/imagem1723665106152.jpg?1728061859841
cfbcd5c0-fea1-40f7-9fba-196d826eda62,"2024 TED - Oncologia 1: Nevos melanocíticos e melanoma",https://d1jsa4jz7pnf5n.cloudfront.net/120/_ent/12691/2024/imagem1715799807831_v3.jpg?1718392083027
d96ea38c-dba3-4598-ab03-6b5c2caa1fda,"2023 MED ATB - INFECÇÕES BACTERIANAS DE PELE E PARTES MOLES",https://d1jsa4jz7pnf5n.cloudfront.net/116/_ent/12941/2023/imagem1689799113252.png?1694009689476
"281f4ad1-b02f-477d-bb67-575c3cf84945","2026 R+ Pneumologia 2 - Outras Doenças Pulmonares, Doenças Vasculares, Mediastinais e Pleurais",https://d1jsa4jz7pnf5n.cloudfront.net/77/_ent/1186/2026/imagem1714070091739.jpg?1781031338032
e3a36938-4487-4eff-8994-80e4a2eb0dd5,"2026 Apostila Intensivão - GIN",https://d1jsa4jz7pnf5n.cloudfront.net/14/_ent/740/2026/imagem1753213249911_v2.png?1780499285212
e8561a74-1bb4-41f6-a6bd-b3c5b9a8ab4f,"2023 MED Síndromes Exantemáticas na Infância",http://d1jsa4jz7pnf5n.cloudfront.net/17/_ent/663-b/2023/2022_DDG_APO_MED_PED1_febre_A_01_v3.jpg?1672232141005
e8bbb9ae-6cfe-4c7e-87cf-fccef66b9e84,"2022 Aleitamento Materno / Crescimento e Desenvolvimento",http://d1jsa4jz7pnf5n.cloudfront.net/16/_ent/687-b/2022/imagem30.jpg?1648145332318
f020f7ef-8bfd-445c-bba4-1e2591e148b2,"2026 TED -Dermatoses infecciosas 2: Doenças bacterianas",https://d1jsa4jz7pnf5n.cloudfront.net/120/_ent/12706/2026/imagem1750774954871_v2.PNG?1782421165578
f106c11f-2c2a-4ad5-b102-ddcde3092a88,"2026 Apostila Intensivão - CIR",https://d1jsa4jz7pnf5n.cloudfront.net/14/_ent/737/2026/imagem1752597947476.png?1786388654255
f5ce6469-cee4-4f82-9cbd-25e11f684a5a,"2026 TED - Dermatoses inflamatórias 3: Eczemas",https://d1jsa4jz7pnf5n.cloudfront.net/120/_ent/12687/2026/imagem1739219944620.jpeg?1771012671914
f63175ef-2d23-4a65-85ba-51e94576e1d4,"2026 MED ATB - TRATAMENTO DAS INFECÇÕES BACTERIANAS ORTOPÉDICAS & INTERPRETAÇÃO DO ANTIBIOGRAMA",https://d1jsa4jz7pnf5n.cloudfront.net/116/_ent/12944/2026/imagem1773174255867.png?1781029908427
f5aab295-7d34-43b9-a65b-251d6458998b,"2022 MED Oncologia ",http://d1jsa4jz7pnf5n.cloudfront.net/17/_ent/654/2022/2022_DIA_APO_MED_GIN02_TABELAS_v06_2_v7.jpg?1648224104300
"04f43ddb-a699-4ebd-9212-1d9429f26257","2026 R+ Hematologia Pediátrica 1 - Anemias e Distúrbios da Hemostasia",https://d1jsa4jz7pnf5n.cloudfront.net/79/_ent/1287/2026/imagem00_v2_v2_v5.jpg?1782482115538
f67be444-d2c8-4135-b02a-c2e2ef8dcb1e,"2026 RA IV ENAMED - Doenças Infecciosas Prevalentes na Infância II",https://d1jsa4jz7pnf5n.cloudfront.net/196/_ent/13816/2026/old13815_imagem1780339338553_v2.png?1782922129041
"0ec008c8-3df5-479c-9926-019e51acb733","2026 R+ Endócrino 2 - Tireoide e Paratireoide",https://d1jsa4jz7pnf5n.cloudfront.net/166/_ent/13525/2026/old1191_imagem00_v2_v5.jpg?1785335220608
"34af4791-8307-4462-a35f-a406366e9ed5","2026 R+ Mastologia 1",https://d1jsa4jz7pnf5n.cloudfront.net/80/_ent/1320/2026/capago29_v5.jpg?1784293160277
"080ec721-2d67-4540-88fd-01ee63a24c12","2022 MED O Parto",http://d1jsa4jz7pnf5n.cloudfront.net/17/_ent/662-b/2022/reveimagem33.jpg?1662064515546
"15da693c-7184-41ec-8597-20887c5e47c9","2026 R+ ENDOSCOPIA CIR 20",https://d1jsa4jz7pnf5n.cloudfront.net/78/_ent/1226/2026/capa-endoscopia.jpg
"16cf582f-4fa9-47e0-b527-e15345cb5a70","2026 R+ Oncologia 2 - Tumores Urológicos",https://d1jsa4jz7pnf5n.cloudfront.net/77/_ent/1203/2026/imagem00_v2_v5.jpg?1786023258727
"198d2149-f16a-4fa5-a45c-9c9c894b9340","2026 R+ ENDOSCOPIA CIR 30",https://d1jsa4jz7pnf5n.cloudfront.net/78/_ent/1235/2026/capa-endoscopia.jpg
"1ad6c4ec-0531-4494-b997-1e0609f5c719","2026 R+ ENDOSCOPIA CIR 31",https://d1jsa4jz7pnf5n.cloudfront.net/78/_ent/1236/2026/capa-endoscopia.jpg
"21dfbb5d-94a5-4325-a265-9045164a69d3","2026 MASTO GO Gemelaridade",https://d1jsa4jz7pnf5n.cloudfront.net/80/_ent/1316/2026/capa-masto.jpg
"03a6b742-7ba7-41c3-a9f1-7aa3a3d27c45","2025 RADIOLOGIA 03",https://d1jsa4jz7pnf5n.cloudfront.net/53/_ent/12930/2025/imagem1665259061060_v3.jpg?1761946431279
"00c7cb01-f948-4b33-96c9-da82a3087e94","2022 VENTILAMED Fisiologia Respiratória Aplicada",http://d1jsa4jz7pnf5n.cloudfront.net/104/_ent/12080/2022/21_v2a_v2.jpg?1653307798996
"26711cd6-ec46-4e7d-8dff-efa19efcce8e","2026 R+ Nutrologia Pediátrica 1 - Obesidade e Desnutrição",https://d1jsa4jz7pnf5n.cloudfront.net/79/_ent/1266/2026/imagem00_v2_v2_v6.jpg?1785933920721
"03c707b0-ca89-4936-a04d-d518cc4c5f21","2024 R+ Reumatologia 2 - Miopatias Inflamatórias, Vasculites, Policondrite Recidivante, Doenças Relacionadas ao IgG4 e Autoinflamatórias",https://d1jsa4jz7pnf5n.cloudfront.net/77/_ent/1195/2024/imagem_77_26764_35990.jpg?1722262000143
"0428e45d-27fd-433c-95b1-33fd3752fb7c","2024 CPMR2 D2 - EXTRA 2",https://d1jsa4jz7pnf5n.cloudfront.net/101/_ent/12188/2024/barra_branca.jpg?1731611830643
"04b6d053-74da-44a5-b889-8faba015b6b6","2023 R+ Nefrologia 1 - Síndromes Compartimentais Renais",https://d1jsa4jz7pnf5n.cloudfront.net/77/_ent/1187/2023/imagem05.jpg?1686848351484
"0506a544-93fb-4f4d-b447-fe466d483f71","2024 R+ ENDOSCOPIA CLM 13",https://d1jsa4jz7pnf5n.cloudfront.net/77/_ent/1175/2024/imagem1708962683309_v3.png?1709823679664
"43b31e8d-efc2-4de1-8fc3-664f78008a39","2026 R+ ENDOSCOPIA CIR 28",https://d1jsa4jz7pnf5n.cloudfront.net/78/_ent/1233/2026/capa-endoscopia.jpg
fd98e72a-46d1-4414-a940-05290a721769,"2026 - Questões PRÉ-AULA - SEMANA 23 - MDC",https://d1jsa4jz7pnf5n.cloudfront.net/imagens-componentes/preaula-mdc-logo.png
"7d36bbfc-9391-44bc-85ef-d26fbbc1d603","2026 MASTO GO Endoscopia Ginecológica 1 - Noções Básicas em Laparoscopia",https://d1jsa4jz7pnf5n.cloudfront.net/80/_ent/1332/2026/capa-masto.jpg
"010884ba-3dbd-4a5a-92c2-2b25c6801795","2023 R+ Oncologia 4 - Tumores Gastrointestinais II",https://d1jsa4jz7pnf5n.cloudfront.net/77/_ent/1205/2023/imagem21.jpg?1696342109516
"32d3eb71-0c68-43e4-80bd-9df5754f41bf","2026 CPMR PROVA PRAT PED 04",https://d1jsa4jz7pnf5n.cloudfront.net/101/_ent/12153/2026/CPMED_R_PED04_27280_9_1.jpg?1776106914647
"32df1239-1345-4f17-993e-e4462c96a3de","2026 MED Síndromes de Pancitopenia e Linfonodomegalia",https://d1jsa4jz7pnf5n.cloudfront.net/17/_ent/642-b/2026/imagem00_old645-b_v2_v6.jpg?1786022429106
"35a4be40-49f8-4955-b91b-a34837a9c0be","2026 MED Síndrome Álgica 2 - Cefaleias",https://d1jsa4jz7pnf5n.cloudfront.net/17/_ent/625-b/2026/imagem00_v2_v6.jpg?1782989222631
"3cf599d5-5ae2-4d43-8218-6f94aa98212f","2026 - Questões PRÉ-AULA - SEMANA 43 - MDC",https://d1jsa4jz7pnf5n.cloudfront.net/imagens-componentes/preaula-mdc-logo.png
"5619de72-a2b8-487f-8f1d-3e70d078643a","2026 TED PRÁTICO - Dermatopatologia 2",https://d1jsa4jz7pnf5n.cloudfront.net/178/_ent/13481/2026/imagem1743623206913_v2.jpg?1778166186257
"6263bd5d-7a8b-4cef-ba56-452e07dc8940","2026 R+ Cirurgia Plástica",https://d1jsa4jz7pnf5n.cloudfront.net/78/_ent/1241/2026/imagem00_v2_v6.jpg?1784318702220
"017359ad-bd37-4b2a-bed2-e238915cb7d8","2026 MED Síndrome Álgica 1 - Dor Abdominal",https://d1jsa4jz7pnf5n.cloudfront.net/17/_ent/617/2026/imagem00_v6.jpg?1772746160576
"456a33b8-948a-48f3-aff8-4f138453d754","2026 CPMR EXTRA - INEP 4",https://d1jsa4jz7pnf5n.cloudfront.net/101/_ent/12933/2026/imagem1667316215105.jpg?1776113887308
"0510ec4b-8972-46c3-8e10-b701bf93e892","2025 RADIOLOGIA 04",https://d1jsa4jz7pnf5n.cloudfront.net/53/_ent/12931/2025/imagem1665259172010_v3.jpg?1761946388591
"053733ed-bb3a-46a3-b961-5c775ccad326","2022 Distúbios Nutricionais na Infância",http://d1jsa4jz7pnf5n.cloudfront.net/16/_ent/688-b/2022/imagem43_v2.jpg?1655208853062
"056a230d-c0e6-40bf-9ee0-efbbdfc077f9","2023 MED Vigilância da Saúde",https://d1jsa4jz7pnf5n.cloudfront.net/17/_ent/672-b/2023/imagem1684260262244.JPEG?1686147702997
"05c3077e-659e-4bb3-9e54-202825e2f382","2022 R+ Medicina Preventiva - Epidemiologia Clínica, Saúde Coletiva, Declaração de Óbito e Ética Médica",http://d1jsa4jz7pnf5n.cloudfront.net/77/_ent/1206-b/2022/imagem108_v2.jpg?1666375024706
"6576d78a-c795-4d3a-a7d2-6eedd6cdb7df","2026 MED Síndromes Geriátricas e Neurovasculares",https://d1jsa4jz7pnf5n.cloudfront.net/17/_ent/639/2026/imagem00_v2_v2_v7.jpg?1780515800892
"05cc9fed-580f-41a4-bae0-91b6da1966e9","2024 RADIOLOGIA 01",https://d1jsa4jz7pnf5n.cloudfront.net/53/_ent/12928/2024/imagem1665258688485_v2.jpg?1730482319961
"05e0e9b2-f79f-4de6-b1ff-b63520af3dd9","2026 Esôfago, Estômago, e Duodeno",https://d1jsa4jz7pnf5n.cloudfront.net/16/_ent/591/2026/imagem1773954527358_v2.png?1777991008085
"068ee924-3b2f-4df8-9234-c84450b75de3","2026 Introdução à Hepatologia; Hepatites Virais Agudas e Crônicas",https://d1jsa4jz7pnf5n.cloudfront.net/16/_ent/605/2026/imagem1743692935188_v2.jpg?1781209332063
"6ac480e2-81ce-404d-a33b-c6768847f0e1","2026 R+ Mastologia 3",https://d1jsa4jz7pnf5n.cloudfront.net/80/_ent/1322/2026/capago31_v6.jpg?1785522437545
"06310ec5-2509-462f-a15a-e2ba99eb0765","2025 R+ ENDOSCOPIA CLM 25",https://d1jsa4jz7pnf5n.cloudfront.net/77/_ent/1187/2025/imagem1714072222373.jpg?1748539419566
"06974190-a48a-4024-9f85-9eb1c33a2ff8","2022 Doenças da Mamas; Doenças Benignas e Malignas dos Ovários",http://d1jsa4jz7pnf5n.cloudfront.net/16/_ent/598-b/2022/imagem83_v2.jpg?1657203683708
"39b3c5cc-75d7-4af6-8f52-7cd274118fbe","2024 R+ Cirurgia do Aparelho Digestivo 7 - Fígado",https://d1jsa4jz7pnf5n.cloudfront.net/78/_ent/1238/2024/imagem54.jpg?1722280640544
"39f13a11-997e-42dd-96ba-866c41978d04","2025 MED Oncologia 1",https://d1jsa4jz7pnf5n.cloudfront.net/17/_ent/654/2025/imagem117_v2_v2_v6.jpg?1742563102818
"3a0e1de6-20a1-4ab4-bdb0-b247b3782d8e","2023 - REVALIDAAÇÃO - PEDIATRIA - NEONATOLOGIA",https://d1jsa4jz7pnf5n.cloudfront.net/117/_ent/12987/2023/imagem1679510142920.jpg?1681935746832
"0699ebe9-ce95-46bd-a343-ea89cba3444a","2025 R+ Medicina Preventiva - Epidemiologia Clínica, Saúde Coletiva, Declaração de Óbito, Ética Médica e Imunização",https://d1jsa4jz7pnf5n.cloudfront.net/77/_ent/1206-b/2025/imagem108_v2_v4.jpg?1755628486334
"7338d7d4-5a0c-4707-9fe5-a77e6dd15ee6","2026 R+ Cirurgia do Aparelho Digestivo 6: Pâncreas",https://d1jsa4jz7pnf5n.cloudfront.net/78/_ent/1236/2026/imagem00_v2_v5.jpg?1785433837381
"54ce1650-bf1e-4eed-9b8f-45ead868c423","2026 R+ Pneumologia 2 - Outras Doenças Pulmonares, Doenças Vasculares, Mediastinais e Pleurais",https://d1jsa4jz7pnf5n.cloudfront.net/166/_ent/13521/2026/old1186_imagem1714070091739.jpg?1781534206762
"54ff796d-5cb1-4202-a007-7da482e15a0b","2023 Distúbios Nutricionais na Infância",https://d1jsa4jz7pnf5n.cloudfront.net/16/_ent/689/2023/imagem1680298149369.png?1687369872844
"551900fd-30e0-418f-8860-f1e6a34d150f","2023 R+ ENDOSCOPIA CLM 27",https://d1jsa4jz7pnf5n.cloudfront.net/77/_ent/1189/2023/2020_DIA_TAB_R3_CLM27_4_v2_v4.jpg?1687887093912
"06b4c2dc-a5cb-4bbf-b54f-ed7b8cdd35a9","2024 R+ Psiquiatria 1 - Distúrbios do Sono, Delirium e Transtornos Relacionados às Drogas",https://d1jsa4jz7pnf5n.cloudfront.net/77/_ent/1174/2024/2020_DIA_TAB_R3_CLM12_4_v2_v3.jpg?1708960544137
"780e59b5-c4c8-4d8d-ade8-5b192cafd8a0","2026 - Questões PRÉ-AULA - SEMANA 32 - MDC",https://d1jsa4jz7pnf5n.cloudfront.net/imagens-componentes/preaula-mdc-logo.png
"06c87f86-7de1-42d3-ade2-91209e7b7cb9","2025 R+ Doenças Emergentes e de Importância Coletiva",https://d1jsa4jz7pnf5n.cloudfront.net/77/_ent/1193/2025/Inoculation-chagoma-on-the-dorsal-surface-of-the-left-hand-at-the-base-of-the-thumb-21_Q640.jpeg?1752006029837
"06e66973-1508-4226-85a9-8fa8dee9161f","2022 VENTILAMED Gráficos, Monitorização e Assincronias ",http://d1jsa4jz7pnf5n.cloudfront.net/104/_ent/12075/2022/6548_img_q7_bonus_vmed03.jpg?1651871198427
"06f84edc-1a73-45d4-88ac-e4127fe6d282","2023 Neurologia",https://d1jsa4jz7pnf5n.cloudfront.net/16/_ent/679-b/2023/imagem64.jpg?1696516572704
"07438eb4-b4ad-4e3c-9a89-3f38f9c01d6c","2025 R+ Dermatologia - das Lesões Elementares às Grandes Dermatoses",https://d1jsa4jz7pnf5n.cloudfront.net/166/_ent/13697/2025/old1197_(1)249002-1e8eb7b0-f323-4e71-952c-c74b9db40729.png?1754493421671
"06c9a59b-a9eb-4841-a71c-a1f823e46625","2026 MED ATB - TRATAMENTO DA ENDOCARDITE INFECCIOSA",https://d1jsa4jz7pnf5n.cloudfront.net/116/_ent/12943/2026/imagem1748276110876.png?1780411295907
"071590af-bd72-43d1-87a1-47adc85f3f8b","2026 - RA IV - Especialidades Médicas: Nefrologia",https://d1jsa4jz7pnf5n.cloudfront.net/196/_ent/13797/2026/old13012_imagem1685476911213_v3.jpg?1776874517063
a5913533-8a52-4a97-a173-97c7f39ef4d7,"2026 - REVALIDAAÇÃO - HEMATOLOGIA",https://d1jsa4jz7pnf5n.cloudfront.net/117/_ent/13014/2026/imagem1699648640126_v4.jpg?1783011268284
b4697751-7255-490d-ac07-40b95bdfc7f4,"2026 R+ ENDOSCOPIA CIR 24",https://d1jsa4jz7pnf5n.cloudfront.net/78/_ent/1229/2026/capa-endoscopia.jpg
b507378e-1de0-409e-8ce9-385eaff69243,"2026 R+ ENDOSCOPIA CIR 12",https://d1jsa4jz7pnf5n.cloudfront.net/78/_ent/1217/2026/capa-endoscopia.jpg
b8a70b50-cb4f-440a-8273-0d4c08dfcf29,"2026 R+ Endocrinologia Ginecológica 2",https://d1jsa4jz7pnf5n.cloudfront.net/80/_ent/1295/2026/imagem00_v5.jpg?1769172184225
"46e140e0-bdf7-4189-9682-6e7484ba7326","2026 - REVALIDAAÇÃO - PSIQUIATRIA",https://d1jsa4jz7pnf5n.cloudfront.net/117/_ent/13017/2026/imagem1683544522273_v6.jpg?1782746438623
"07a3260b-736b-4093-82f7-37422b6b266a","2024 R+ Infectologia 1 - Principais Infecções Bacterianas",https://d1jsa4jz7pnf5n.cloudfront.net/77/_ent/1176/2024/imagem1709759914953.png?1710333878876
"07ab9e41-3978-4619-91f3-db3ace3ead17","2025 MED Doenças Clínicas na Gravidez",https://d1jsa4jz7pnf5n.cloudfront.net/17/_ent/659/2025/imagem31_v2_v2_v4.jpg?1744808097782
"07bb6ad9-aa9a-498d-8415-e73cff62a5bd","2025 MED Síndrome Álgica 4 - Dor Torácica",https://d1jsa4jz7pnf5n.cloudfront.net/17/_ent/647-b/2025/2020_DTD_APO_MED_CLM27_rot_A_01_v5.jpg?1757611009854
"07f3f9c3-e949-4ef8-bf92-287d9b22c811","2026 INTCLM1 INF",https://d1jsa4jz7pnf5n.cloudfront.net/14/_ent/1431/2026/imagem1750117899686.jpg?1784313540729
"0872be21-a13f-4b4a-be25-5bcbd58d16ae","2026 INTCLM2 END",https://d1jsa4jz7pnf5n.cloudfront.net/14/_ent/1434/2026/imagem1750701586453_v2.jpg?1784659739469
"07e8fcae-a22a-42f1-85f8-76080ca45758","2022 Doenças Infecciosas Prevalentes na Infância",http://d1jsa4jz7pnf5n.cloudfront.net/16/_ent/690-b/2022/imagem52_v2_v2.jpg?1658415688140
"7a98222c-f4d0-4b8e-b88a-86d3e5e2b60d","2022 R+ ENDOSCOPIA CLM 42",http://d1jsa4jz7pnf5n.cloudfront.net/77/_ent/1204/2022/imagem33_v2.jpg?1666104519863
"7b3f9006-f941-4a7f-98a7-e0dad5d1dcec","2026 - Questões PRÉ-AULA - SEMANA 21 - MED",https://d1jsa4jz7pnf5n.cloudfront.net/imagens-componentes/preaula-med-logo.png
"819ce7d2-660a-4427-b7b0-f53874d0e247","2026 DECOREBA - INTCLM",https://d1jsa4jz7pnf5n.cloudfront.net/14/_ent/11938/2026/Prancheta_1_copia_11-100.jpg?1784808404861
"8337583e-fb4f-4f14-9946-5fabbe5a42f2","2026 R+ ENDOSCOPIA CLM 28",https://d1jsa4jz7pnf5n.cloudfront.net/77/_ent/1190/2026/capa-endoscopia.jpg
"89d04ae0-ffbf-4476-b9a2-dd82a76d97de","2026 DECOREBA - INTGO",https://d1jsa4jz7pnf5n.cloudfront.net/14/_ent/11940/2026/Prancheta_1_copia_9-100.jpg?1785873799783
"91fba35e-0113-4ed6-a4b2-ffedf0d7482b","2026 MASTO CIR Cirurgia Vascular 1: Grandes Vasos",https://d1jsa4jz7pnf5n.cloudfront.net/78/_ent/1232/2026/capa-masto.jpg
"880e8e6a-813e-4e9d-abc9-5df7351de4f5","2026 MEDBASE DIA 05 SALA 03",https://d1jsa4jz7pnf5n.cloudfront.net/107/_ent/13839/2026/imagem1778698478847_v2.png?1778855324680
"97cbb2b4-e3db-4a16-8ced-e0b16d90c359","2026 R+ Cirurgia Ginecológica",https://d1jsa4jz7pnf5n.cloudfront.net/78/_ent/1227/2026/imagem00_v2_v5.jpg?1779886499657
"99265efa-b100-43ac-a2e3-5f0fa47a333b","2026 R+ Doenças Intercorrentes na Gestação 2",https://d1jsa4jz7pnf5n.cloudfront.net/80/_ent/1328/2026/capago37_v5.jpg?1784917521088
"9a511265-fb16-47bc-b823-4b4b3b9c3bf1","2026 - Questões PRÉ-AULA - SEMANA 46 - MDC",https://d1jsa4jz7pnf5n.cloudfront.net/imagens-componentes/preaula-mdc-logo.png
"8e6a0356-e420-4d27-a46d-7510ed65b7b5","2026 R+ Doenças Respiratórias 1 - IRA",https://d1jsa4jz7pnf5n.cloudfront.net/79/_ent/1277/2026/imagem00_v2_v9.jpg?1784214241773
"9f9fa2f9-6cde-41e6-9494-44b286c5c8b7","2026 CPMR PROVA PRAT CIR 01",https://d1jsa4jz7pnf5n.cloudfront.net/101/_ent/12145/2026/acute-perforated-diverticulitis_(PROVA_PRATICA_CIR_01)_menor.png?1776113608461
a2b923f7-e464-4e23-8c47-040f17501459,"2026 - Questões PRÉ-AULA - SEMANA 38 - MDC",https://d1jsa4jz7pnf5n.cloudfront.net/imagens-componentes/preaula-mdc-logo.png
"08a40e4a-9e04-4fe3-b51f-83c32ac1507d","2026 TED -Oncologia 1: Nevos melanocíticos e melanoma",https://d1jsa4jz7pnf5n.cloudfront.net/120/_ent/12691/2026/imagem1741880635584_v2.png?1773319662132
"087b8000-c982-4bad-bb58-009aca458241","2025 CPMR D2 - EXTRA 2",https://d1jsa4jz7pnf5n.cloudfront.net/101/_ent/12189/2025/barra_branca.jpg?1750284732360
"08856c0f-9a2a-4201-94c7-dbe8bdec56b6","2025 R+ Reumatologia 2 - Miopatias Inflamatórias, Vasculites, Policondrite Recidivante e Doenças Relacionadas ao IgG4",https://d1jsa4jz7pnf5n.cloudfront.net/77/_ent/1195/2025/imagem_77_26764_35990.jpg?1753383330999
a759316f-bf1d-4bb0-a9e0-e2f5eb67d0ac,"2026 - Questões PRÉ-AULA - SEMANA 42 - MDC",https://d1jsa4jz7pnf5n.cloudfront.net/imagens-componentes/preaula-mdc-logo.png
"94280853-30c7-46da-a8b1-58a0abfa8d34","2026 R+ ENDOSCOPIA CLM 41",https://d1jsa4jz7pnf5n.cloudfront.net/77/_ent/1203/2026/capa-endoscopia.jpg
"08c44bae-c264-4e95-be48-67f080a359ee","2022 R+ Nefrologia 1 - Síndromes Compartimentais Renais",http://d1jsa4jz7pnf5n.cloudfront.net/77/_ent/1187/2022/imagem05.jpg?1655841239452
"0212d816-c5a1-4c34-8ab7-e677e6729ee1","2026 R+ ENDOSCOPIA CLM 11",https://d1jsa4jz7pnf5n.cloudfront.net/77/_ent/1173/2026/imagem21_v2_v2.jpg?1773257081384
"021993c0-b017-46eb-a205-ef961c742a64","2022 Neurologia",http://d1jsa4jz7pnf5n.cloudfront.net/16/_ent/679-b/2022/imagem64.jpg?1665056465275
"047075ef-f526-47b3-817f-a9f994fd79c9","2025 Apostila Intensivão - CIR",https://d1jsa4jz7pnf5n.cloudfront.net/14/_ent/737/2025/imagem1752505667620_v2.png?1753960351876
"9ef464c5-9704-4376-ba7a-e6769c9ae4ab","2026 VENTILAMED Desmame Ventilatório ",https://d1jsa4jz7pnf5n.cloudfront.net/104/_ent/12079/2026/imagem1728575933399.jpg?1786102469115
"8752da71-1dc3-4cf8-88bf-08f0b94e3dcc","2026 - REVALIDAAÇÃO - ESPECIALIDADES PEDIÁTRICAS",https://d1jsa4jz7pnf5n.cloudfront.net/117/_ent/13016/2026/imagem1684442480142_v4.png?1783355350603
bf8a6b80-6938-4fe9-9d98-19616a6835d5,"2026 R+ ENDOSCOPIA CIR 21",https://d1jsa4jz7pnf5n.cloudfront.net/78/_ent/1225/2026/capa-endoscopia.jpg
c18f6889-88f1-4a08-89ff-5399e848b3c1,"2026 - RA IV - Saúde da Criança: Outros temas no atendimento integral à criança",https://d1jsa4jz7pnf5n.cloudfront.net/196/_ent/13821/2026/old13016_imagem1684442480142_v4.png?1784580027605
a5478949-57d2-4516-b7d0-bcbd8e742b5e,"2026 - Questões PRÉ-AULA - SEMANA 42 - MED",https://d1jsa4jz7pnf5n.cloudfront.net/imagens-componentes/preaula-med-logo.png
a6a290b3-5a22-4fc6-ad8f-fdef47e1b12c,"2026 MINIATLAS CIRURGIA",https://d1jsa4jz7pnf5n.cloudfront.net/105/_ent/12111/2026/medimagem_capa_v2_v6.jpg?1786377357486
"271954a2-c59a-4707-8939-8f92c2d0e9d4","2026 - RA IV - Especialidades Médicas: Cardiologia",https://d1jsa4jz7pnf5n.cloudfront.net/196/_ent/13850/2026/old13008_imagem1684413705706_v11.png?1785772641139
cfe46b50-f654-45b3-b013-043416e54ec0,"2026 R+ Neonatologia 3 - Doenças Neonatais 2",https://d1jsa4jz7pnf5n.cloudfront.net/79/_ent/1263/2026/imagem00_v5.jpg?1774016485008
d374f90c-24f4-43f6-aec6-5f32aab62ec1,"2026 - EXTENSIVO MEDCURSO - Vídeo Apresentação Plataforma",https://d1jsa4jz7pnf5n.cloudfront.net/16/_ent/13546/2026/imagem1783359612762_v5.png?1784142294732
b7de45f3-c17c-403d-882c-ec30c8afbb72,"2026 MEDIMAGEM 06 - Trauma",https://d1jsa4jz7pnf5n.cloudfront.net/105/_ent/12087/2026/capa_v2_v7.jpg?1784138090720
a02c8ad9-1bf2-4b52-85f2-2cf4c069605a,"2026 DECOREBA - INTCIR",https://d1jsa4jz7pnf5n.cloudfront.net/14/_ent/11939/2026/Prancheta_1_copia_10-100.jpg?1785249720189
ba4cedb8-61e9-4813-b59a-17016e8a6867,"2026 MEDeletro IMED 08 - Miscelânea + Parada + Pediatria",https://d1jsa4jz7pnf5n.cloudfront.net/88/_ent/1348/2026/imagem00_v5.jpg?1778164158885
badfae22-6d6f-4f85-b453-85834069b146,"2026 INT TED 9 - Específicas",https://d1jsa4jz7pnf5n.cloudfront.net/176/_ent/13721/2026/old12726_imagem1734639075742_v4.jpg?1772564122952
bcab4ade-a6db-41b8-9588-016d723894d5,"2026 - Questões PRÉ-AULA - SEMANA 37 - MED",https://d1jsa4jz7pnf5n.cloudfront.net/imagens-componentes/preaula-med-logo.png
e7a70f45-7e97-4931-b111-a2866f24fe52,"2026 MED Síndrome Álgica  3 - Dor Lombar",https://d1jsa4jz7pnf5n.cloudfront.net/17/_ent/619-b/2026/imagem00_v2_v6.jpg?1783601395407
"753cf4b4-11d3-4205-ae49-5038a2704476","2026 CPMR D2 - CLM",https://d1jsa4jz7pnf5n.cloudfront.net/101/_ent/12128/2026/barra_branca.jpg?1777398612365
c6a72bef-c5fc-434b-9108-8a6bab355b31,"2026 TED PRÁTICO - Dermatopatologia 4",https://d1jsa4jz7pnf5n.cloudfront.net/178/_ent/13483/2026/imagem1745612871195_v2.jpg?1778855234290
fab9ba70-d794-4ddc-be0c-27b5217b5c48,"2026 - Questões PRÉ-AULA - SEMANA 22 - MED",https://d1jsa4jz7pnf5n.cloudfront.net/imagens-componentes/preaula-med-logo.png
"090b61f7-99cf-424d-80dc-e871b04b8f20","2026 TED -Oncologia 5: Anomalias vasculares",https://d1jsa4jz7pnf5n.cloudfront.net/120/_ent/12695/2026/imagem1774983667998.jpeg?1775759853243
c904690a-57c2-4eaa-a32e-d5e708df59ce,"2026 MEDBASE DIA 07 SALA 03",https://d1jsa4jz7pnf5n.cloudfront.net/107/_ent/13845/2026/imagem1779977163742_v4.jpg?1780088659818
"08dfe542-8480-4555-83e1-1661f6b63913","2022 RADIOLOGIA 03",http://d1jsa4jz7pnf5n.cloudfront.net/53/_ent/12930/2022/imagem1665259061060.jpg?1665522449019
"090075ef-179a-4a99-bd75-36ecec115b4b","2024 R+ Dermatologia - das Lesões Elementares às Grandes Dermatoses",https://d1jsa4jz7pnf5n.cloudfront.net/77/_ent/1197/2024/(1)249002-1e8eb7b0-f323-4e71-952c-c74b9db40729.png?1722970711289
"097dea17-c94a-4b05-bbec-7e7bae6d9593","2025 R+ ENDOSCOPIA CLM 36",https://d1jsa4jz7pnf5n.cloudfront.net/77/_ent/1198/2025/imagem1752783236883.jpg?1755523885701
"09c243d1-6532-4df8-906b-3eff1c20758e","2025 REVALIDAAÇÃO2 - NEFROLOGIA",https://d1jsa4jz7pnf5n.cloudfront.net/117/_ent/13012/2025/imagem1685476911213.jpg?1764611197137
"09ccda15-7c0c-4a6b-a1a4-a2aee518010f","2024 R+ Oncologia 3 - Tumores Gastrointestinais I",https://d1jsa4jz7pnf5n.cloudfront.net/77/_ent/1204/2024/imagem1718828274866.jpg?1725370069366
"09e1f4f4-e981-4f5b-af32-3a025ebf11b0","2025 Síndromes Febris",https://d1jsa4jz7pnf5n.cloudfront.net/16/_ent/611-b/2025/imagem1752858036768.jpg?1758804168824
"19545447-9f85-4efc-ad42-022329af7471","2025 R+ Clínica Cirúrgica",https://d1jsa4jz7pnf5n.cloudfront.net/77/_ent/1201/2025/imagem1753984214750.jpg?1755535878986
"1a260a87-f8e4-4f2d-86f8-e82681dee842","2022 Doenças da Tireoide",http://d1jsa4jz7pnf5n.cloudfront.net/16/_ent/587/2022/imagem46_v2.jpg?1658756836274
"2ce0eda7-483b-45ca-8a64-00ad713486f9","2026 MED Oncologia 2",https://d1jsa4jz7pnf5n.cloudfront.net/17/_ent/622-b/2026/imagem1712263127755_v2.png?1778854699629
"3295f67f-95d8-4ef9-9f47-853d911a9bcf","2022 Resposta Endócrina e Imunológica ao Trauma, Queimaduras, Cicatrização de Feridas, Choque",http://d1jsa4jz7pnf5n.cloudfront.net/16/_ent/568/2022/imagema311.jpg?1654011555825
"4a95efb6-f848-4c13-b31b-6ee41e3eea07","2025 INTCIR - ENAMED 2025",https://d1jsa4jz7pnf5n.cloudfront.net/179/_ent/13655/2025/old737_imagem1752504917596.jpg?1757019676217
"17a59104-d329-46af-8056-804b27cdab1b","2026 MEDIMAGEM 09 - Obstetrícia & Ginecologia",https://d1jsa4jz7pnf5n.cloudfront.net/105/_ent/12089/2026/novacapago40_v2_v2_v6.jpg?1786364318985
"125c7837-9b04-4fc2-850a-4cb5745bfe9a","2026 R+ ENDOSCOPIA CIR 27",https://d1jsa4jz7pnf5n.cloudfront.net/78/_ent/1232/2026/capa-endoscopia.jpg
"61461f64-d160-43b6-985f-d1de602a3832","2026 MED Vigilância da Saúde",https://d1jsa4jz7pnf5n.cloudfront.net/17/_ent/672-b/2026/imagem1684260262244.JPEG?1781265938503
"65266f31-9bb6-4423-a3c4-b34d8ffdb733","2023 R+ ENDOSCOPIA CLM 08",https://d1jsa4jz7pnf5n.cloudfront.net/77/_ent/1170/2023/imagem106.jpg?1675781946554
"15532fbb-b61d-423a-b891-cf059f7e83e4","2026 - Questões PRÉ-AULA - SEMANA 37 - MDC",https://d1jsa4jz7pnf5n.cloudfront.net/imagens-componentes/preaula-mdc-logo.png
"1f1848a4-5e1d-4cc8-a22c-974f6cc0e306","2026 - Questões PRÉ-AULA - SEMANA 24 - MDC",https://d1jsa4jz7pnf5n.cloudfront.net/imagens-componentes/preaula-mdc-logo.png
"71a8d946-b92f-49b6-b9b9-3be30c56f2fb","2025 REVALIDAAÇÃO2 - HEMATOLOGIA",https://d1jsa4jz7pnf5n.cloudfront.net/117/_ent/13014/2025/imagem1699648640126_v4.jpg?1765377106295
"7a5906b1-f1d8-48a3-a8c8-f5b297632967","2024 R+ ENDOSCOPIA CLM 42",https://d1jsa4jz7pnf5n.cloudfront.net/77/_ent/1204/2024/imagem1718828274866.jpg?1725370069366
"8093ce46-cd7f-4593-bbd8-3c65effd56cc","2026 R+ ENDOSCOPIA CLM 38",https://d1jsa4jz7pnf5n.cloudfront.net/77/_ent/1200/2026/imagem20_v2_v7.jpg?1784570315557
"0034496a-57d8-4bb0-86cc-96e228f3bc29","2026 R+ Paciente Crítico 1 - Cardiointensivismo e Pneumointensivismo",https://d1jsa4jz7pnf5n.cloudfront.net/77/_ent/1160/2026/imagem00_v6.jpg?1766784288540
"8c318187-8309-47c9-bc20-c3518ee4388f","2024 R+ ENDOSCOPIA CLM 44",https://d1jsa4jz7pnf5n.cloudfront.net/77/_ent/1206-b/2024/imagem108_v2_v3.jpg?1727206725073
d916b24d-71c2-40c4-884e-d8386b1f40a7,"2026 - Questões PRÉ-AULA - SEMANA 2 - MDC",https://d1jsa4jz7pnf5n.cloudfront.net/imagens-componentes/preaula-mdc-logo.png
"900af1f2-f7b7-42b0-abb3-94558dd24c30","2021 Imunização",http://d1jsa4jz7pnf5n.cloudfront.net/16/2021/25267/imagem22.jpg?1624647474485
a7f17eda-729f-4648-9291-e530f349071c,"2026 R+ Infectologia 3 - HIV e Aids",https://d1jsa4jz7pnf5n.cloudfront.net/77/_ent/1178/2026/imagem1711113425321.jpg?1776092933900
"0790d72d-c632-42ff-addc-3de8df172a08","2026 - Questões PRÉ-AULA - SEMANA 41 - MDC",https://d1jsa4jz7pnf5n.cloudfront.net/imagens-componentes/preaula-mdc-logo.png
"3c8016af-d1a0-4f2f-8b3c-d10198e79d8d","2026 - Questões PRÉ-AULA - SEMANA 26 - MDC",https://d1jsa4jz7pnf5n.cloudfront.net/imagens-componentes/preaula-mdc-logo.png
bbe7d787-b869-4404-9776-1e87a3517f61,"2022 R+ Pneumologia 2 - Outras Doenças Pulmonares, Doenças Vasculares, Mediastinais e Pleurais",http://d1jsa4jz7pnf5n.cloudfront.net/77/_ent/1186/2022/imagem30.jpg?1655468875152
cfd875c6-b21c-4b11-8ed0-669e94f9e908,"2023 R+ ENDOSCOPIA CLM 05",http://d1jsa4jz7pnf5n.cloudfront.net/77/_ent/1167/2023/imagem42.jpg?1675169734786
d4b2341d-19f5-48e3-acb4-89622aaa15ac,"2024 Introdução à Nefrologia, As Doenças Glomerulares ",https://d1jsa4jz7pnf5n.cloudfront.net/16/_ent/673/2024/imagem1700682569085.png?1703270834112
"7c4dfab9-2cdc-4b16-a0f4-6837c9be9b58","2026 - Questões PRÉ-AULA - SEMANA 29 - MDC",https://d1jsa4jz7pnf5n.cloudfront.net/imagens-componentes/preaula-mdc-logo.png
e5a2e204-e1cf-4d6a-b62c-5ea2d19d6351,"2025 R+ ENDOSCOPIA CIR 33",https://d1jsa4jz7pnf5n.cloudfront.net/78/_ent/1238/2025/imagem1728913167731.jpg?1753973581464
eb20209b-f0f2-4459-a62c-aed40c8350c3,"2022 Trauma",http://d1jsa4jz7pnf5n.cloudfront.net/16/_ent/566/2022/imagem64.jpg?1640173884951
"13ed34f1-0fd5-4fc2-a543-6799e694e374","2026 MASTO GO Mastologia 2",https://d1jsa4jz7pnf5n.cloudfront.net/80/_ent/1321/2026/capa-masto.jpg
f1d49d04-0185-4d92-8757-6d2b4c5eee05,"2026 MEDIMAGEM 05 - Gastroenterologia",https://d1jsa4jz7pnf5n.cloudfront.net/105/_ent/12085/2026/capa_v2_v6.jpg?1783536069428
"1cd89fa6-3c04-4ee9-a5c3-2b2748a46045","2026 - REVALIDAAÇÃO - GIN 3: ONCOLOGIA GINECOLÓGICA",https://d1jsa4jz7pnf5n.cloudfront.net/117/_ent/13018/2026/imagem1685128458980_v4.png?1783698667126
"3c0c73d8-41e6-4862-90a5-b2ed420547d6","2026 INTCLM2 PNE",https://d1jsa4jz7pnf5n.cloudfront.net/14/_ent/1436/2026/imagem1781637349650.jpg?1785161083924
"1ee5fbf2-2825-49ee-b621-38f20e8a0a18","2026 R+ ENDOSCOPIA CLM 01",https://d1jsa4jz7pnf5n.cloudfront.net/77/_ent/1160/2026/capa-endoscopia.jpg
"206c0f82-42be-42d0-97a5-dc6836911441","2026 R+ ENDOSCOPIA CIR 18",https://d1jsa4jz7pnf5n.cloudfront.net/78/_ent/1223/2026/capa-endoscopia.jpg
"223f3202-a154-4c63-ac55-0bc7e75959d8","2026 MINIATLAS CLÍNICA MÉDICA",https://d1jsa4jz7pnf5n.cloudfront.net/105/_ent/12110/2026/medimagem_capa_v2_v2_v2_v6.jpg?1786377817113
"23482af3-9962-4ca1-b1d5-5c8b391eff8e","2026 R+ Cirurgia na Gestante e no Idoso",https://d1jsa4jz7pnf5n.cloudfront.net/78/_ent/1223/2026/imagem00_v2_v2_v2_v2_v5.jpg?1777487016704
"237baee1-221a-43f2-87d4-ca13baa2f539","2026 - Questões PRÉ-AULA - SEMANA 13 - MED",https://d1jsa4jz7pnf5n.cloudfront.net/imagens-componentes/preaula-med-logo.png
"23901b76-f525-4e4e-bca9-2c2c7df2a559","2026 - Questões PRÉ-AULA - SEMANA 43 - MED",https://d1jsa4jz7pnf5n.cloudfront.net/imagens-componentes/preaula-med-logo.png
"27628523-b002-4184-b82c-d8fdcadf6460","2026 R+ ENDOSCOPIA CLM 37",https://d1jsa4jz7pnf5n.cloudfront.net/77/_ent/1199/2026/capa-endoscopia.jpg
"27ee93d7-b88b-4ae2-9619-179e7b996822","2026 TED -Dermatoses infecciosas 7: Dermatoses por protozoários e outras dermatoses parasitárias",https://d1jsa4jz7pnf5n.cloudfront.net/120/_ent/12711/2026/imagem1724955094892_v4.jpg?1785265517186
"2849e7a7-33f1-487c-b0da-33dac6a6049a","2026 R+ ENDOSCOPIA CIR 29",https://d1jsa4jz7pnf5n.cloudfront.net/78/_ent/1234/2026/capa-endoscopia.jpg
"299b73c2-e7ac-497a-9f5f-9fc2a4cfe33e","2026 MASTO CIR Pré-operatório",https://d1jsa4jz7pnf5n.cloudfront.net/78/_ent/1212/2026/capa-masto.jpg
"2a17bef2-84a4-4592-a55b-c4e114394a81","2026 - RA IV - Saúde Mental: Transtornos comuns – Parte 1",https://d1jsa4jz7pnf5n.cloudfront.net/196/_ent/13801/2026/old13017_imagem1683544522273_v6.jpg?1778509105639
"2aef3174-ead6-4a6c-87d2-474da40db29b","2026 CPMED EXTENSIVO - APOSTILA 05 - Procedimentos em GO",https://d1jsa4jz7pnf5n.cloudfront.net/100/_ent/13591/2026/old11749_imagem00_v6.jpg?1771965129501
"2c11c71a-c10a-4fc2-83dc-03345f2371d6","2026 R+ Cirurgia Oncológica 1: Tumores Gastrointestinais",https://d1jsa4jz7pnf5n.cloudfront.net/78/_ent/1215/2026/imagem00_v2_v5.jpg?1772567047989
"2d649ccb-3051-475c-b2fb-abe1a4449731","2026 CPMED EXTENSIVO - APOSTILA 01 - Semiologia",https://d1jsa4jz7pnf5n.cloudfront.net/100/_ent/13587/2026/old11733_imagem00_v5.jpg?1772115476394
"2d6ee34b-64ea-4c3d-86db-662c6b7c1a9a","2026 - REVALIDAAÇÃO - PERIOPERATÓRIO, HÉRNIA, CIRURGIA SEGURA e PROCEDIMENTOS AMBULATORIAIS",https://d1jsa4jz7pnf5n.cloudfront.net/117/_ent/13007/2026/imagem1682447929087_v5.jpg?1781621574283
"2fb3e8fc-1c39-43f8-accc-fbe52f528762","2026 R+ Nutrição Perioperatória e Complicações Cirúrgicas",https://d1jsa4jz7pnf5n.cloudfront.net/78/_ent/1210/2026/imagem00_v6.jpg?1769607490945
"3322cb11-cb9f-4955-807a-824992a439ae","2026 TED -Genodermatoses 1: Distúrbios da queratinização; Displasia ectodérmica",https://d1jsa4jz7pnf5n.cloudfront.net/120/_ent/12712/2026/imagem1725552825522_v5.jpg?1786381357455
"3422a332-0020-4e76-8e6c-225b2b5348e2","2026 - Questões PRÉ-AULA - SEMANA 11 - MED",https://d1jsa4jz7pnf5n.cloudfront.net/imagens-componentes/preaula-med-logo.png
"1a1ff504-304f-4fdc-98a9-29c5d22c8d86","2026 MEDBASE DIA 06 SALA 03",https://d1jsa4jz7pnf5n.cloudfront.net/107/_ent/13842/2026/imagem1778783598158.jpeg?1778855466335
"352d2b62-b888-44db-8609-27c4c3b4515a","2026 MASTO CIR Trauma 3: Trauma de Abdome e Pelve",https://d1jsa4jz7pnf5n.cloudfront.net/78/_ent/1211/2026/capa-masto.jpg
"359884a4-87fe-45aa-a331-e4e4e7d052f9","2026 - Questões PRÉ-AULA - SEMANA 22 - MDC",https://d1jsa4jz7pnf5n.cloudfront.net/imagens-componentes/preaula-mdc-logo.png
"0124063e-10c6-4669-a8d1-ce58b295067d","2022 R+ ENDOSCOPIA CLM 34",http://d1jsa4jz7pnf5n.cloudfront.net/77/_ent/1196/2022/imagem02.jpg?1661268812280
"3928bacb-a092-4803-a751-ac2c94c8821f","2026 R+ ENDOSCOPIA CLM 23",https://d1jsa4jz7pnf5n.cloudfront.net/77/_ent/1185/2026/capa-endoscopia.jpg
"01389027-d7f8-4f76-abf6-96cc7c7fb6fc","2025 REVALIDAAÇÃO2 - PEDIATRIA - NEONATOLOGIA",https://d1jsa4jz7pnf5n.cloudfront.net/117/_ent/12987/2025/imagem1729261726565.png?1761575640938
"3c409b4b-a4fc-48fe-86a8-9d4218085df1","2026 R+ ENDOSCOPIA CLM 29",https://d1jsa4jz7pnf5n.cloudfront.net/77/_ent/1191/2026/capa-endoscopia.jpg
"3c745bd5-d04c-4f6c-a0b0-f795af2d703d","2026 R+ ENDOSCOPIA CIR 13",https://d1jsa4jz7pnf5n.cloudfront.net/78/_ent/1218/2026/capa-endoscopia.jpg
"3d1fa628-bd24-469d-805e-20155718f150","2026 R+ Grandes Emergências Pediátricas 1 - Choque, Arritmias e PCR",https://d1jsa4jz7pnf5n.cloudfront.net/79/_ent/1273/2026/imagem00_v2_v2_v5.jpg?1780342097382
"3e0156aa-1bb0-4fdb-852e-a59b8e7fe814","2026 R+ ENDOSCOPIA CIR 16",https://d1jsa4jz7pnf5n.cloudfront.net/78/_ent/1221/2026/capa-endoscopia.jpg
"3f4cb5a8-a3be-452f-92f8-6ba2f3b35de7","2026 - Questões PRÉ-AULA - SEMANA 5 - MDC",https://d1jsa4jz7pnf5n.cloudfront.net/imagens-componentes/preaula-mdc-logo.png
"429fdcf2-759e-4d7f-9804-4349f02a6bbc","2026 MASTO GO Endocrinologia Ginecológica 1",https://d1jsa4jz7pnf5n.cloudfront.net/80/_ent/1293/2026/capa-masto.jpg
"46f5bb09-8bf8-4918-b300-d70ba7cb6f70","2026 MED Trauma e Queimadura",https://d1jsa4jz7pnf5n.cloudfront.net/17/_ent/621/2026/imagem00_v2_v6.jpg?1784206484752
"49a0c9e2-3222-44bd-a169-15208f81405b","2026 R+ Hepatologia 1 - Hepatopatias Agudas e Crônicas",https://d1jsa4jz7pnf5n.cloudfront.net/77/_ent/1165/2026/imagem00_v6.jpg?1768311217446
"51592a80-aafa-43de-94e8-4b1aa6e2cd04","2026 MASTO CIR Cirurgia de Cabeça e Pescoço",https://d1jsa4jz7pnf5n.cloudfront.net/78/_ent/1225/2026/capa-masto.jpg
"51aa1705-60e7-489c-a659-b24fba84277e","2026 MASTO GO Planejamento Familiar",https://d1jsa4jz7pnf5n.cloudfront.net/80/_ent/1301/2026/capa-masto.jpg
de4c5fa6-c1ce-4669-9d59-3efccf9b8c96,"2026 MEDBASE DIA 08 SALA 02",https://d1jsa4jz7pnf5n.cloudfront.net/107/_ent/13847/2026/imagem1779996271484.jpeg?1780089040374
"51fb4f73-77d9-4dbe-967f-3840a137dd2f","2026 MED Neonatologia",https://d1jsa4jz7pnf5n.cloudfront.net/17/_ent/666/2026/imagem00_v2_v6.jpg?1778180377580
"5203adba-484b-4ea6-8c19-7e43f5bba394","2026 R+ Infectologia 5 - HIV",https://d1jsa4jz7pnf5n.cloudfront.net/79/_ent/1272/2026/imagem00_v2_v2_v5.jpg?1779828465317
"562e454e-8b8a-4181-ae7b-95c1d57af063","2026 CPMR PROVA PRAT GO 03",https://d1jsa4jz7pnf5n.cloudfront.net/101/_ent/12157/2026/CPMED_R_GO_3_10_2.jpg?1776111707444
"56d49dfb-2b59-49ed-a386-00b4b8976b45","2026 MASTO CIR Trauma 1: Atendimento Inicial ao Politrauma",https://d1jsa4jz7pnf5n.cloudfront.net/78/_ent/1207/2026/capa-masto.jpg
"580fae9a-2ec0-445a-a60e-9682ec4f73bb","2026 R+ Cirurgia do Aparelho Digestivo 4 - Cólon e Reto",https://d1jsa4jz7pnf5n.cloudfront.net/78/_ent/1231/2026/imagem00_v2_v5.jpg?1782224891327
"5c564f00-4091-4352-93b5-913ba2f89969","2026 CPMR PROVA PRAT CIR 05",https://d1jsa4jz7pnf5n.cloudfront.net/101/_ent/12149/2026/CPMEDR_27276_CIR05_8_3011026.jpg?1776113914368
"5f8d4e10-1181-4eef-ac59-ceb5dfafdbc7","2026 R+ Infectologia 3 - Grandes Síndromes Febris 2",https://d1jsa4jz7pnf5n.cloudfront.net/79/_ent/1270/2026/imagem00_v2_v2_v5.jpg?1778697309196
"5fbf1afc-b722-45ea-b79c-07290424611b","2026 - RA IV - Saúde Mental: Transtornos comuns – Parte 2",https://d1jsa4jz7pnf5n.cloudfront.net/196/_ent/13802/2026/old13017_imagem1683544522273_v6.jpg?1778608401195
"606486c8-fd15-4ad8-ba74-613d9f08f8fb","2026 R+ Neurologia Pediátrica 2: Neuropediatria ambulatorial",https://d1jsa4jz7pnf5n.cloudfront.net/79/_ent/1265/2026/imagem00_v2_v5.jpg?1776198431540
"62f7051f-30fd-4b00-9012-a1601337565a","2026 - Questões PRÉ-AULA - SEMANA 14 - MED",https://d1jsa4jz7pnf5n.cloudfront.net/imagens-componentes/preaula-med-logo.png
"63276beb-edf2-44f1-8411-288624a2a4aa","2026 - Questões PRÉ-AULA - SEMANA 4 - MED",https://d1jsa4jz7pnf5n.cloudfront.net/imagens-componentes/preaula-med-logo.png
"6418a6dc-9844-4670-919c-5ac9da0c7293","2026 R+ Hematologia 2 - Neoplasias Hematológicas",https://d1jsa4jz7pnf5n.cloudfront.net/77/_ent/1199/2026/imagem00_v6.jpg?1777905114852
"65e20659-b087-4929-9845-422f25471186","2026 - RA IV - Atenção Primária: Imunizações",https://d1jsa4jz7pnf5n.cloudfront.net/196/_ent/13807/2026/old13004_imagem1682457487254_v4.png?1779825617390
"6613a0e9-5e43-43d5-bb50-8286c98b3c78","2026 - REVALIDAAÇÃO IMUNIZAÇÕES",https://d1jsa4jz7pnf5n.cloudfront.net/117/_ent/13004/2026/imagem1682457487254_v4.png?1781102192253
"02f40da2-a1ac-4934-bc0f-f0b80b433910","2026 CPMR D2 - PED",https://d1jsa4jz7pnf5n.cloudfront.net/101/_ent/12130/2026/barra_branca_v2.jpg?1777583407862
"670f71fd-147f-4262-818e-34c406c3d15b","2026 R+ Endócrino 1 - Diabetes Mellitus e Síndrome Metabólica",https://d1jsa4jz7pnf5n.cloudfront.net/77/_ent/1190/2026/imagem00_v2_v2_v6.jpg?1783611424707
"676b1b84-9046-4bc4-9c2d-ca876b1d0168","2026 - Questões PRÉ-AULA - SEMANA 15 - MDC",https://d1jsa4jz7pnf5n.cloudfront.net/imagens-componentes/preaula-mdc-logo.png
"67f3caf3-02f7-4516-931f-399e728e3369","2026 R+ Cirurgia do Aparelho Digestivo 2: Estômago",https://d1jsa4jz7pnf5n.cloudfront.net/78/_ent/1226/2026/imagem00_v2_v2_v5.jpg?1778596957808
"6817e9de-0418-48ca-adf4-324cf4bc7b4a","2026 R+ Puerpério",https://d1jsa4jz7pnf5n.cloudfront.net/80/_ent/1310/2026/capago19_v5.jpg?1777037624263
"69569ca5-4f52-4cfd-8e5a-58429d006fa9","2026 R+ Cirurgia Pediátrica 1: Afecções do Pescoço e do Trato Gastrointestinal",https://d1jsa4jz7pnf5n.cloudfront.net/78/_ent/1235/2026/imagem00_v2_v5.jpg?1784814065279
"6cf41ccb-8b84-4d34-a5c5-1a0349360a45","2026 INT TED 6 - ANEXOS",https://d1jsa4jz7pnf5n.cloudfront.net/176/_ent/12726/2026/imagem1734639075742_v4.jpg?1770927473491
"6d84d728-8158-426f-ab0c-a48274881052","2026 R+ ENDOSCOPIA CLM 03",https://d1jsa4jz7pnf5n.cloudfront.net/77/_ent/1165/2026/capa-endoscopia.jpg
"6e07b782-e282-4d97-9a3a-a4fb7e00d711","2026 MASTO GO IST 2 - Úlceras, HPV e Conduta na Violência Sexual",https://d1jsa4jz7pnf5n.cloudfront.net/80/_ent/1305/2026/capa-masto.jpg
"6f2e575f-54f1-4128-bef8-af2b15ab0960","2026 CPMR D1T - PRE",https://d1jsa4jz7pnf5n.cloudfront.net/101/_ent/12132/2026/barra_branca.jpg?1777399870547
"709f867d-80be-4844-b7ac-61efff18d127","2026 Insuficiência Cardíaca e Suas Causas",https://d1jsa4jz7pnf5n.cloudfront.net/16/_ent/563-b/2026/imagem00_v2_v6.jpg?1783604217385
"72c3d614-ae94-495a-ae24-1c8cf862b104","2026 R+ Cardiologia 4 - Doença Arterial Coronariana",https://d1jsa4jz7pnf5n.cloudfront.net/77/_ent/1184/2026/imagem00_v2_v5.jpg?1779912712279
"73b53bc0-6780-4aad-81ff-dba57b5c1006","2026 R+ Infecções e Gravidez",https://d1jsa4jz7pnf5n.cloudfront.net/80/_ent/1314/2026/capago23_v5.jpg?1779457826048
"73df18a5-9674-42bc-974e-6c9d1af544af","2026 - R+ PED - Vídeo Apresentação Plataforma",https://d1jsa4jz7pnf5n.cloudfront.net/78/_ent/13541/2026/imagem1759328786065.jpg?1761075183811
"75c654b7-6c4a-4fe1-b5df-80b433928ad1","2026 R+ Dermatologia Pediátrica",https://d1jsa4jz7pnf5n.cloudfront.net/79/_ent/1252/2026/imagem00_v7.jpg?1769106137319
"76972a5d-0272-48c6-9769-87ca5bb4e5b0","2026 Diagnóstico de Gravidez e Data Provável do Parto, Modificações Gerais do Organismo Materno, Assistência e Aconselhamento Genético Pré-Natal",https://d1jsa4jz7pnf5n.cloudfront.net/16/_ent/680/2026/imagem00_v7.jpg?1769111122997
"76f40229-412e-44cd-92fe-181237a6867c","2026 R+ ENDOSCOPIA CLM 10",https://d1jsa4jz7pnf5n.cloudfront.net/77/_ent/1172/2026/capa-endoscopia.jpg
"77886a7d-a339-4e87-8089-4065ffebc950","2026 MINIATLAS PREVENTIVA",https://d1jsa4jz7pnf5n.cloudfront.net/105/_ent/12114/2026/medimagem_capa_v2_v2_v6.jpg?1786378015815
"7926409e-e2ff-42bc-8357-6f92d23a5ae8","2026 R+ Cirurgia do Aparelho Digestivo 3: Intestino Delgado e Apêndice Vermiforme",https://d1jsa4jz7pnf5n.cloudfront.net/78/_ent/1228/2026/imagem00_v2_v5.jpg?1780499421864
"79307c8b-899e-4d83-a170-a2bd4f2a51f6","2026 MASTO CIR Cirurgia na Gestante e no Idoso",https://d1jsa4jz7pnf5n.cloudfront.net/78/_ent/1223/2026/capa-masto.jpg
"7aaf5543-0be6-4f53-a829-e383e830758a","2026 R+ ENDOSCOPIA CIR 25",https://d1jsa4jz7pnf5n.cloudfront.net/78/_ent/1230/2026/capa-endoscopia.jpg
"798a9b20-4a73-4b07-b3a9-80e326819d3a","2026 DECOREBA - INTPRE",https://d1jsa4jz7pnf5n.cloudfront.net/14/_ent/11937/2026/Prancheta_1_copia_13-100.jpg?1784119128033
"7b684947-9d87-470c-9bea-f4dbcdb1e0e6","2026 R+ Hemorragia Digestiva",https://d1jsa4jz7pnf5n.cloudfront.net/78/_ent/1221/2026/imagem00_v2_v2_v6.jpg?1776440726639
"7cd25ab3-d56c-4f5a-8deb-a3e0832c468f","2026 R+ Ginecologia Geral 2 - Sangramento Uterino",https://d1jsa4jz7pnf5n.cloudfront.net/80/_ent/1309/2026/capago18_v2_v5.jpg?1777035006178
"7fe904aa-615f-4222-b8ed-0035a3381f5c","2026 R+ Infectologia 1 - Imunizações",https://d1jsa4jz7pnf5n.cloudfront.net/79/_ent/1268/2026/imagem00_v2_v2_v2_v2_v5.jpg?1777551290323
"85acc1f2-a8d3-44b1-b4ca-aa2c0e0f881d","2026 R+ Hematologia 2 - Neoplasias Hematológicas",https://d1jsa4jz7pnf5n.cloudfront.net/166/_ent/13531/2026/old1199_imagem00_v6.jpg?1784321740866
"8a4952f5-61f4-4f11-823c-97f61996264e","2026 Arritmias Cardíacas, Morte Súbita",https://d1jsa4jz7pnf5n.cloudfront.net/16/_ent/562-b/2026/imagem00_v2_v6.jpg?1782390327447
"8a8223af-5c90-47bd-a4e5-83f072dac4cd","2026 R+ Doenças Respiratórias 4 - Fibrose Cística e Outras Condições Crônicas",https://d1jsa4jz7pnf5n.cloudfront.net/79/_ent/1280/2026/imagem00_v2_v5.jpg?1786042109880
"8de239c0-223d-416f-a3e9-4fec07065a1c","2026 R+ Infectologia 4 - Parasitoses Intestinais",https://d1jsa4jz7pnf5n.cloudfront.net/79/_ent/1271/2026/imagem00_v2_v2_v5.jpg?1775651484411
"90de4fc3-62f2-42f0-afaf-66c3bc7be0c9","2026 R+ Alergia e Imunologia 2 - Erros Inatos da Imunidade",https://d1jsa4jz7pnf5n.cloudfront.net/79/_ent/1250/2026/imagem00_v10.jpg?1767709829177
"90e42791-13fa-4544-8542-4fc2224ad8d5","2026 - Questões PRÉ-AULA - SEMANA 31 - MED",https://d1jsa4jz7pnf5n.cloudfront.net/imagens-componentes/preaula-med-logo.png
"92855514-616c-43d3-a52e-586e3b74df31","2026 - Questões PRÉ-AULA - SEMANA 27 - MED",https://d1jsa4jz7pnf5n.cloudfront.net/imagens-componentes/preaula-med-logo.png
"964ed9ee-67d0-4441-bfdb-554d687fbe43","2026 R+ Endoscopia Ginecológica 1 - Noções Básicas em Laparoscopia",https://d1jsa4jz7pnf5n.cloudfront.net/80/_ent/1332/2026/imagem00_v2_v7.jpg
"9490d7a7-e2d3-477e-a41c-95209f27ff87","2026 R+ Obstrução Intestinal",https://d1jsa4jz7pnf5n.cloudfront.net/78/_ent/1230/2026/imagem00_v5.jpg?1781534284957
"95aa6fa3-c6d1-45b8-9139-0f2004771737","2026 R+ Grandes Emergências Pediátricas 3 - Outras Emergências",https://d1jsa4jz7pnf5n.cloudfront.net/79/_ent/1275/2026/imagem00_v2_v2_v5.jpg?1781188950724
"998e6fe4-97e3-4a0f-b9dc-d821736c1305","2026 R+ IST 2 - Úlceras, HPV e Violência Sexual",https://d1jsa4jz7pnf5n.cloudfront.net/80/_ent/1305/2026/imagem00_v2_v10.jpg?1775135733655
"9b979981-6e96-4587-b94b-cc2c2d701bf9","2026 R+ Mastologia 4",https://d1jsa4jz7pnf5n.cloudfront.net/80/_ent/1323/2026/capago32_v5.jpg?1786130357205
a576fc46-b093-4840-90b8-082448273298,"2026 - REVALIDAAÇÃO - OBS 2: ASSISTÊNCIA PRÉ-NATAL E PARTO",https://d1jsa4jz7pnf5n.cloudfront.net/117/_ent/13003/2026/imagem1680793496711_v2.jpg?1779724408586
"9f96b385-dd2c-49c0-a733-85fb2d4bbb36","2026 R+ ENDOSCOPIA CIR 23",https://d1jsa4jz7pnf5n.cloudfront.net/78/_ent/1228/2026/capa-endoscopia.jpg
"9ffbca10-2351-42b5-a74c-0cdeb1494c9f","2026 TED -Oncologia 8: Neoplasias hematológicas",https://d1jsa4jz7pnf5n.cloudfront.net/120/_ent/12698/2026/imagem1715175076944_v3.jpg?1777560970231
a025bc7a-945a-46be-b09b-1aeffdac95a4,"2026 MED Medidas de Saúde Coletiva",https://d1jsa4jz7pnf5n.cloudfront.net/17/_ent/670/2026/imagem00_v2_v2_v6.jpg?1775154116256
a1842e7a-7aa1-496d-82e5-a11febcc6470,"2026 R+ Cirurgia Torácica",https://d1jsa4jz7pnf5n.cloudfront.net/78/_ent/1229/2026/imagem00_v2_v5.jpg?1781031757838
a188e64e-90f6-46fa-b476-b151326982fd,"2026 MEDIMAGEM 03 - Neurologia",https://d1jsa4jz7pnf5n.cloudfront.net/105/_ent/12083/2026/capa_v2_v6.jpg?1782397447838
a2b17215-5532-44c6-bcad-d81df6aa64cf,"2026 - Questões PRÉ-AULA - SEMANA 1 - MED",https://d1jsa4jz7pnf5n.cloudfront.net/imagens-componentes/preaula-med-logo.png
a30b5c72-9af6-45f8-9edb-eb153dd32fb4,"2026 - Questões PRÉ-AULA - SEMANA 28 - MED",https://d1jsa4jz7pnf5n.cloudfront.net/imagens-componentes/preaula-med-logo.png
"0aa85a26-e4e0-4686-8c39-df79a37f0fb3","2025 R+ ENDOSCOPIA CLM 11",https://d1jsa4jz7pnf5n.cloudfront.net/77/_ent/1173/2025/imagem21_v2_v2.jpg?1741976605070
a363be10-724f-4479-9f01-4c45933546c6,"2026 R+ Uroginecologia 1",https://d1jsa4jz7pnf5n.cloudfront.net/80/_ent/1311/2026/capago20_v5.jpg?1777471392184
"01d81a60-79e4-4105-8b01-4f73c5a9844a","2026 Aleitamento Materno, Crescimento e Desenvolvimento",https://d1jsa4jz7pnf5n.cloudfront.net/16/_ent/687-b/2026/3_oficial_v10.JPG?1775075029324
a54143d6-3b46-4676-a08d-d33b6d7ffde2,"2026 - Questões PRÉ-AULA - SEMANA 6 - MED",https://d1jsa4jz7pnf5n.cloudfront.net/imagens-componentes/preaula-med-logo.png
a709c30e-2e67-45d5-a167-4b22ebff5606,"2026 TED -Oncologia 6: Neoplasias neurais",https://d1jsa4jz7pnf5n.cloudfront.net/120/_ent/12696/2026/imagem1712693846827_v6.jpg?1776284073622
a75b95f6-2839-452d-acd1-c1141eadef68,"2026 R+ Hemorragias da Segunda Metade da Gestação",https://d1jsa4jz7pnf5n.cloudfront.net/80/_ent/1302/2026/imagem00_v2_v5.jpg?1773335245804
a9ec4173-2766-4bc6-9efc-4840db66bd4d,"2026 R+ Estudo do Parto 1",https://d1jsa4jz7pnf5n.cloudfront.net/80/_ent/1294/2026/imagem00_v6.jpg?1768580901949
aa827cd9-33dd-4fad-b4c9-9e03f167e11a,"2026 MASTO GO Hemorragias da Segunda Metade da Gestação",https://d1jsa4jz7pnf5n.cloudfront.net/80/_ent/1302/2026/capa-masto.jpg
ab20b992-c153-4b51-9b9e-e56a6df0946b,"2026 - Questões PRÉ-AULA - SEMANA 45 - MDC",https://d1jsa4jz7pnf5n.cloudfront.net/imagens-componentes/preaula-mdc-logo.png
"972ebe8e-21dc-4a86-b882-57bc8a1b2078","2026 MEDBASE DIA 07 SALA 01",https://d1jsa4jz7pnf5n.cloudfront.net/107/_ent/13843/2026/imagem1779833004304.jpeg?1780088475113
ac9e9204-8b96-4949-bacd-d0a49de2f6da,"2026 CPMR EXTRA - INEP (2025/1)",https://d1jsa4jz7pnf5n.cloudfront.net/101/_ent/13616/2026/imagem1775756678107.jpg?1776115748474
ad739c62-d4b6-4073-8a6c-54ba2c7d964c,"2026 R+ Materiais cirúrgicos, fluidos e eletrólitos",https://d1jsa4jz7pnf5n.cloudfront.net/78/_ent/1161/2026/imagem00_v7.jpg?1767363164281
adb498a7-87bc-4af7-a3a3-640f20391632,"2026 MASTO CIR Cirurgia Oncológica 2: Tumores Hepatopancreatobiliares",https://d1jsa4jz7pnf5n.cloudfront.net/78/_ent/1217/2026/capa-masto.jpg
b1e1bd6d-2292-4ef7-8b7c-22af15f98101,"2026 - Questões PRÉ-AULA - SEMANA 40 - MDC",https://d1jsa4jz7pnf5n.cloudfront.net/imagens-componentes/preaula-mdc-logo.png
b4b56266-7710-4527-b62f-e11c97bdbd73,"2026 - REVALIDAAÇÃO - PREVENTIVA - MEDIDAS DE SAÚDE COLETIVA E EPIDEMIOLOGIA",https://d1jsa4jz7pnf5n.cloudfront.net/117/_ent/13000/2026/imagem1681496117672_v4.jpg?1778688264869
b4ea42be-af1e-4b97-b6f8-39c9c056fd21,"2026 MEDeletro IMED 06 - Bradiarritmias e Marca-passo",https://d1jsa4jz7pnf5n.cloudfront.net/88/_ent/1346/2026/imagem00_v4.jpg?1774443863584
b57215dc-d998-4c4a-b42e-d86556e3fdaf,"2026 MASTO CIR Abdome Agudo",https://d1jsa4jz7pnf5n.cloudfront.net/78/_ent/1219/2026/capa-masto.jpg
"04935c43-7a66-468b-989a-fd6a734bdd26","2022 Sangramento uterino anormal, endometriose, miomatose, adenomiose/pólipos, infertilidade",http://d1jsa4jz7pnf5n.cloudfront.net/16/_ent/596/2022/imagem96_v2_v2_v2_v3.jpg?1651266062142
b6edc2ca-5c67-4463-9d93-9703512e134d,"2026 R+ Pneumologia 1 - Distúrbios Respiratórios Obstrutivos e Restritivos",https://d1jsa4jz7pnf5n.cloudfront.net/166/_ent/13535/2026/old13520_old1185_imagem00_v2_v2_v5.jpg?1781112607926
b83a5066-e8c8-4199-b859-d97b0c788b10,"2026 R+ Cardiologia 3 - Arritmias, Síncope e Parada Cardiorrespiratória",https://d1jsa4jz7pnf5n.cloudfront.net/77/_ent/1183/2026/imagem00_v2_v6.jpg?1779395902587
ba7e5778-fd52-4801-afc1-b9f4b177faa5,"2026 R+ Hemorragias da Primeira Metade da Gestação",https://d1jsa4jz7pnf5n.cloudfront.net/80/_ent/1300/2026/imagem00_v2_v5.jpg?1772205080574
bc979ae8-1e45-4cc2-a8ce-563879080962,"2026 - Questões PRÉ-AULA - SEMANA 30 - MED",https://d1jsa4jz7pnf5n.cloudfront.net/imagens-componentes/preaula-med-logo.png
baf3bd9b-5a25-40e3-9d1b-74f8b4b86012,"2026 R+ Endocrinologia Ginecológica 3",https://d1jsa4jz7pnf5n.cloudfront.net/80/_ent/1297/2026/imagem00_v2_v5.jpg?1770415121190
bb4074de-6562-4c78-a77a-6dc312a3e6ed,"2026 Sangramento na Gravidez",https://d1jsa4jz7pnf5n.cloudfront.net/16/_ent/682/2026/imagem00_v2_v6.jpg?1777907930746
bbad37f7-8f6a-414c-9e93-595deee83fa2,"2026 MED Síndrome Disfágica e Dispéptica",https://d1jsa4jz7pnf5n.cloudfront.net/17/_ent/615/2026/imagem00_v6.jpg?1769177898394
bd460ea8-f876-499a-a281-2ebd73720339,"2026 R+ Hematologia Pediátrica 2 - Neoplasias Hematológicas",https://d1jsa4jz7pnf5n.cloudfront.net/79/_ent/1290/2026/imagem00_v2_v2_v5.jpg?1782994256756
bff1db17-9869-4164-87c3-8fa367bda284,"2026 - Questões PRÉ-AULA - SEMANA 16 - MED",https://d1jsa4jz7pnf5n.cloudfront.net/imagens-componentes/preaula-med-logo.png
bff33dbe-746f-4e36-b757-2d939383dc5d,"2026 R+ ENDOSCOPIA CIR 19",https://d1jsa4jz7pnf5n.cloudfront.net/78/_ent/1224/2026/capa-endoscopia.jpg
c61286f8-d0cd-401d-b8aa-e55bc6d76675,"2026 MASTO CIR Trauma 4: TCE, Trauma Raquimedular e Trauma de Coluna Vertebral",https://d1jsa4jz7pnf5n.cloudfront.net/78/_ent/1213/2026/capa-masto.jpg
c666d05d-8af4-4896-a688-5f997f60ef4e,"2026 - Questões PRÉ-AULA - SEMANA 18 - MDC",https://d1jsa4jz7pnf5n.cloudfront.net/imagens-componentes/preaula-mdc-logo.png
cc167a10-4d21-4e20-add1-e8eb367d3e91,"2026 - Questões PRÉ-AULA - SEMANA 26 - MED",https://d1jsa4jz7pnf5n.cloudfront.net/imagens-componentes/preaula-med-logo.png
cd6ca583-34e4-4cdb-96ab-8917cf52490b,"2026 MEDeletro IMED 01 - Eletrofisiologia + Distúrbios Eletrolíticos",https://d1jsa4jz7pnf5n.cloudfront.net/88/_ent/1341/2026/imagem00_v4.jpg?1773241457098
cd7c0d9b-5ed6-4b84-868e-5fa0c889b81d,"2026 INT TED 5 - Infectologia 2 e Genodermatoses",https://d1jsa4jz7pnf5n.cloudfront.net/176/_ent/12725/2026/imagem1734638976150_v4.jpg?1770227261065
cfd41804-9f7c-4406-aa93-9ccf32119578,"2026 MASTO GO Reprodução Humana",https://d1jsa4jz7pnf5n.cloudfront.net/80/_ent/1317/2026/capa-masto.jpg
d28ae838-cc94-4432-8d84-8d0fa841e093,"2026 MEDeletro IMED 04 - Bloqueios de Ramo e Bloqueios Divisionais",https://d1jsa4jz7pnf5n.cloudfront.net/88/_ent/1344/2026/imagem00_v5.jpg?1773328264699
d5c19ced-29e9-49c7-822b-0941468de112,"2026 R+ ENDOSCOPIA CIR 09",https://d1jsa4jz7pnf5n.cloudfront.net/78/_ent/1214/2026/capa-endoscopia.jpg
d6b9d85b-cf5b-4939-84a3-e8f6164df683,"2026 - EXTENSIVO MED - Vídeo Apresentação Plataforma",https://d1jsa4jz7pnf5n.cloudfront.net/17/_ent/13545/2026/imagem1783348127289_v3.png?1784142053399
d7c23eb0-acca-49ee-95e8-8ffc24bac364,"2026 R+ ENDOSCOPIA CIR 15",https://d1jsa4jz7pnf5n.cloudfront.net/78/_ent/1220/2026/capa-endoscopia.jpg
d7e639a9-689c-47ac-9e2f-4291df2b8c92,"2026 - REVALIDAAÇÃO - NEUROLOGIA",https://d1jsa4jz7pnf5n.cloudfront.net/117/_ent/13005/2026/imagem1681403223981_v3.png?1777907813644
d8d6ec84-afd9-4949-9a33-d6b31f6ede1c,"2026 TED -Autoimunes e metabólicas 2: Vasculites",https://d1jsa4jz7pnf5n.cloudfront.net/120/_ent/12702/2026/imagem1716238749627_v4.jpg?1780003660462
dea5f8a7-8d56-424f-bd5b-b6d12b19b548,"2026 CPMR D2 - CIR",https://d1jsa4jz7pnf5n.cloudfront.net/101/_ent/12129/2026/barra_branca.jpg?1777398727189
e9ae1489-741b-4fa0-b15e-97c54da19cbf,"2026 INT TED 2 - Inflamatórias e Autoimunes 2",https://d1jsa4jz7pnf5n.cloudfront.net/176/_ent/12722/2026/imagem1734638638741_v4.jpg?1768483073112
ebbc1c52-586f-4ba7-a986-b9837374f537,"2026 R+ Planejamento Familiar",https://d1jsa4jz7pnf5n.cloudfront.net/80/_ent/1301/2026/imagem00_v2_v5.jpg?1772810164275
ecab6dbc-5479-4971-ae1a-719854ffbc93,"2026 MEDBASE DIA 05 SALA 02",https://d1jsa4jz7pnf5n.cloudfront.net/107/_ent/13838/2026/imagem1778693888072.png?1778855284580
ee282319-3241-492b-a0ad-9f798e8f606b,"2026 - Questões PRÉ-AULA - SEMANA 36 - MDC",https://d1jsa4jz7pnf5n.cloudfront.net/imagens-componentes/preaula-mdc-logo.png
f0d46d7f-eeff-435e-a6b8-11da7830fa60,"2026 - Questões PRÉ-AULA - SEMANA 20 - MDC",https://d1jsa4jz7pnf5n.cloudfront.net/imagens-componentes/preaula-mdc-logo.png
f1c325bb-b087-4729-8b70-283926b6eea3,"2026 CPMR EXTRA - INEP 8 (2024/1)",https://d1jsa4jz7pnf5n.cloudfront.net/101/_ent/13553/2026/imagem1730158521255.png?1776114682935
baf43ec6-38bf-41e3-83f4-d234693bb037,"2026 MASTO CIR Cirurgia Torácica",https://d1jsa4jz7pnf5n.cloudfront.net/78/_ent/1229/2026/capa-masto.jpg
f7d92b0a-68a8-4eca-805f-50829a74ce36,"2026 - RA IV - Atenção primária: queixas ambulatoriais frequentes",https://d1jsa4jz7pnf5n.cloudfront.net/196/_ent/13824/2026/old13019_imagem1683307864086_v3.jpg?1785162022331
f8ac0f26-6776-493b-9886-8d18405d066b,"2026 MASTO CIR Cirurgia do Aparelho Digestivo 5: Baço, Peritônio, Mesentério e Retroperitônio",https://d1jsa4jz7pnf5n.cloudfront.net/78/_ent/1234/2026/capa-masto.jpg
fc0f7167-cb86-4567-8791-4708e2af48f4,"2026 - REVALIDAAÇÃO - ESPECIALIDADES CIRÚRGICAS",https://d1jsa4jz7pnf5n.cloudfront.net/117/_ent/13013/2026/imagem1683921010062_v4.jpg?1782913171647
"02825488-687a-480c-a750-ce9de20b5567","2026 R+ Infectologia 4 - Principais Síndromes Febris",https://d1jsa4jz7pnf5n.cloudfront.net/77/_ent/1179/2026/imagem1711472850773.JPG?1774267931644
"027026c9-f6c3-498d-b165-6ffcb2070c33","2025 R+ Endócrino 3 - Suprarrenal, Hipófise, Síndromes Poliglandulares Autoimunes e Neoplasia Endócrina Múltipla",https://d1jsa4jz7pnf5n.cloudfront.net/166/_ent/13526/2025/old1192_imagem1719601576516.jpg?1753812001112
"02febb45-2bc3-4249-8b45-10041b3450ba","2023 CPMR2 D2 - EXTRA 2",https://d1jsa4jz7pnf5n.cloudfront.net/101/_ent/12511/2023/barra_branca.jpg?1699968163289
"03078383-4541-41fe-b78f-dc7161a06171","2022 Síndrome da Imunodeficiência Adquirida - aids",http://d1jsa4jz7pnf5n.cloudfront.net/16/_ent/610/2022/imagem57_v2.jpg?1663000854783
"03c54517-eecd-46e1-80cc-1ed84fcc3eff","2026 R+ ENDOSCOPIA CLM 32",https://d1jsa4jz7pnf5n.cloudfront.net/77/_ent/1194/2026/imagem1720991561022.jpg?1786049262384
"04e73354-1b08-4517-8330-4452d3688ede","2026 MASTO GO Doenças Intercorrentes na Gestação 2",https://d1jsa4jz7pnf5n.cloudfront.net/80/_ent/1328/2026/capa-masto.jpg
"04ecb4ae-d414-46ed-9c22-b6e38b37fff2","2026 Doença Coronariana",https://d1jsa4jz7pnf5n.cloudfront.net/16/_ent/565/2026/imagem00_v2_v5.jpg?1784812655544
"079b46c6-8286-487a-a56e-fb6464af13f5","2026 - REVALIDAAÇÃO - SANGRAMENTOS NA GESTAÇÃO",https://d1jsa4jz7pnf5n.cloudfront.net/117/_ent/12993/2026/imagem1679502184992_v3.jpg?1779108595569
"08466647-ea48-49f7-bcf6-3dc2e16d13ec","2026 - RA IV - Dermatologia na Atenção Primária",https://d1jsa4jz7pnf5n.cloudfront.net/196/_ent/13822/2026/old13019_imagem1683307864086_v3.jpg?1784734786062
cf90e3d6-1c22-487a-a578-9db4f644cb68,"2026 R+ Cirurgia Cardíaca",https://d1jsa4jz7pnf5n.cloudfront.net/78/_ent/1242/2026/imagem00_v5.jpg?1785876984413
"1bb3e02a-f4e0-4d37-86e5-814c707b7ec3","2026 R+ Doenças Respiratórias 2 - Tuberculose",https://d1jsa4jz7pnf5n.cloudfront.net/79/_ent/1278/2026/imagem00_v2_v5.jpg?1784813303111
"2ce3faa0-8a77-4bc1-bfb6-247fc635974b","2026 - Questões PRÉ-AULA - SEMANA 4 - MDC",https://d1jsa4jz7pnf5n.cloudfront.net/imagens-componentes/preaula-mdc-logo.png
"31e32c09-bb2f-461b-997f-5d64a5812437","2025 R+ ENDOSCOPIA CLM 33",https://d1jsa4jz7pnf5n.cloudfront.net/77/_ent/1195/2025/imagem_77_26764_35990.jpg?1753383330999
"33ff7212-6468-41f1-a4dd-94e5060c95b8","2026 R+ ENDOSCOPIA CIR 14",https://d1jsa4jz7pnf5n.cloudfront.net/78/_ent/1219/2026/capa-endoscopia.jpg
"343e22a5-57a3-44a7-be6e-aec5d5276f51","2026 MEDIMAGEM 04 - Miscelânea",https://d1jsa4jz7pnf5n.cloudfront.net/105/_ent/12084/2026/capa_v2_v6.jpg?1783356806015
"3a8b54ca-5721-4cad-beda-63010e925ff6","2026 Doenças Infecciosas Prevalentes na Infância",https://d1jsa4jz7pnf5n.cloudfront.net/16/_ent/690/2026/imagem00_v2_v7.jpg?1784908690968
eb5037ea-a803-40e0-a29c-5ad3bb9b695b,"2026 - RA IV - Cirurgia: Cirurgia básica e procedimentos na atenção primária",https://d1jsa4jz7pnf5n.cloudfront.net/196/_ent/13809/2026/old13007_imagem1682447929087_v5.jpg?1780423887883
"4472b7ed-4d82-422d-9a20-66a4136e9955","2025 REVALIDAAÇÃO2 - CLÍNICA MÉDICA - ENDOCRINOLOGIA",https://d1jsa4jz7pnf5n.cloudfront.net/117/_ent/12986/2025/imagem1711136462846_v2.jpg?1761235574336
"44e24207-c93b-4ea3-9d2d-429e03620ec7","2026 R+ Condições Cirúrgicas da Criança e do Adolescente",https://d1jsa4jz7pnf5n.cloudfront.net/79/_ent/1286/2026/imagem00_v2_v5.jpg?1785441278577
"4ab8ca6f-f7f5-49f4-99c6-b2d0694e9713","2026 MASTO CIR Cirurgia do Aparelho Digestivo 4 - Cólon e Reto",https://d1jsa4jz7pnf5n.cloudfront.net/78/_ent/1231/2026/capa-masto.jpg
"4da7a505-5b83-44e0-b1d2-c4f84c010037","2026 INTCLM1 HEM",https://d1jsa4jz7pnf5n.cloudfront.net/14/_ent/1430/2026/imagem1749260267950_v5.png?1783691054575
"544bad04-f881-40f9-a694-ceaf85fb8ade","2026 R+ ENDOSCOPIA CLM 22",https://d1jsa4jz7pnf5n.cloudfront.net/77/_ent/1184/2026/capa-endoscopia.jpg
"62ee6532-31ed-4f03-811e-5d7ff06acbfd","2024 MASTO GO Sofrimento Fetal",https://d1jsa4jz7pnf5n.cloudfront.net/80/_ent/1308/2024/imagem1679997288813.jpg?1712846056729
"68ba69c7-badf-47fe-90b0-219be23006c0","2026 Apostila Intensivão - Preventiva",https://d1jsa4jz7pnf5n.cloudfront.net/14/_ent/742/2026/imagem1748391225299_v2.jpg?1784570047719
"74dc6ab2-d0a4-4147-924d-85fab46e7cbe","2026 MEDIMAGEM - Conceitos Básicos em Radiologia",https://d1jsa4jz7pnf5n.cloudfront.net/105/_ent/12109/2026/capa_v11.jpg?1780949127363
"1cfc1e60-3d2a-4563-be53-57d6ba8a5da0","2026 Climatério, Distopia Genital, Incontinência Urinária",https://d1jsa4jz7pnf5n.cloudfront.net/16/_ent/597-b/2026/imagem00_v2_v7.jpg?1781802521092
"1f0d8a91-f105-4506-900e-96c67ec4dc6c","2026 CPMR D1M - EXAME FÍSICO",https://d1jsa4jz7pnf5n.cloudfront.net/101/_ent/12119/2026/barra_branca.jpg?1777396802071
"188eec83-716b-419c-b0ef-edd06c1ee4f4","2026 R+ ENDOSCOPIA CLM 31",https://d1jsa4jz7pnf5n.cloudfront.net/77/_ent/1193/2026/Inoculation-chagoma-on-the-dorsal-surface-of-the-left-hand-at-the-base-of-the-thumb-21_Q640.jpeg?1785421512916
"28592a8c-f58c-433d-92be-d521fbe74797","2026 MED Amenorreia, SOP e Infertilidade",https://d1jsa4jz7pnf5n.cloudfront.net/17/_ent/656-b/2026/imagem1720725007301_v2.png?1786024351066
"3134ea8a-acbb-415e-b258-55afa401a34f","2026 - RA IV - Especialidades Médicas: Gastroenterologia Parte 2",https://d1jsa4jz7pnf5n.cloudfront.net/196/_ent/13812/2026/imagem1778263866887_v3.jpg?1781113407314
"3e338e81-d2aa-4a1e-85ff-c05e2583fa10","2026 R+ Dermatologia - das Lesões Elementares às Grandes Dermatoses",https://d1jsa4jz7pnf5n.cloudfront.net/166/_ent/13697/2026/old1197_(1)249002-1e8eb7b0-f323-4e71-952c-c74b9db40729.png?1786119685554
"6264c16f-4868-4fff-8e48-57a26ca48461","2026 - REVALIDAAÇÃO - CIRURGIA - TRAUMA 2 E QUEIMADURA ",https://d1jsa4jz7pnf5n.cloudfront.net/117/_ent/13001/2026/imagem1680707487999_v2.png?1780001280457
"72853d02-0d28-4357-b948-f63bb1cc7e20","2026 R+ ENDOSCOPIA CLM 26",https://d1jsa4jz7pnf5n.cloudfront.net/77/_ent/1188/2026/imagem1714157542751.jpg?1779375186405
"7dc4b01b-7453-4030-9f60-a848d32d5754","2026 R+ ENDOSCOPIA CLM 25",https://d1jsa4jz7pnf5n.cloudfront.net/77/_ent/1187/2026/imagem1714072222373.jpg?1779288619906
"85dae3e8-bd84-4062-bd56-072ac13b5911","2026 - RA IV - Especialidades Médicas: Pneumologia",https://d1jsa4jz7pnf5n.cloudfront.net/196/_ent/13820/2026/old12985_imagem1679689489377_v2.png?1783684983618
"901bccb4-ef04-4d62-a5b5-0a07a0b74ddf","2024 Anemias",https://d1jsa4jz7pnf5n.cloudfront.net/16/_ent/601/2024/imagem73.jpg?1712057242027
"99ef3ab5-f229-4654-a1fc-65d168641f1c","2022 R+ ENDOSCOPIA CLM 06",http://d1jsa4jz7pnf5n.cloudfront.net/77/_ent/1168/2022/2019_DIA_TAB_R3_CLM06_16_v2.jpg?1644348592189
"9114578c-6abb-4f59-b5f4-5fcf677008f0","2026 CPMR EXTRA - INEP",https://d1jsa4jz7pnf5n.cloudfront.net/101/_ent/736/2026/imagem01.jpg?1776113988654
f59c1579-b57f-41c9-853d-a49527cfbbd4,"2026 R+ Medicina Fetal 3",https://d1jsa4jz7pnf5n.cloudfront.net/80/_ent/1319/2026/imagem1718066059617.jpg?1783610514870
f6f4a98e-6e77-4a98-9929-f2aa9dbae15c,"2026 - REVALIDAAÇÃO - NEFROLOGIA",https://d1jsa4jz7pnf5n.cloudfront.net/117/_ent/13012/2026/imagem1685476911213.jpg?1781188379989
"0b6e93cb-b1cc-477b-af67-2169b82cef71","2026 - Questões PRÉ-AULA - SEMANA 41 - MED",https://d1jsa4jz7pnf5n.cloudfront.net/imagens-componentes/preaula-med-logo.png
"11a570c1-5483-44d5-b8d0-e4e714a3f9e9","2026 CPMR D1T - CIR",https://d1jsa4jz7pnf5n.cloudfront.net/101/_ent/12123/2026/barra_branca.jpg?1777397365671
"73b39ad7-4a2f-4839-ad22-e5c0da241137","2026 MASTO GO Insuficiência ovariana prematura e fisiológica",https://d1jsa4jz7pnf5n.cloudfront.net/80/_ent/1315/2026/capa-masto.jpg
f484e1bd-c541-4e73-a650-bbe3a8fdc695,"2026 R+ ENDOSCOPIA CIR 26",https://d1jsa4jz7pnf5n.cloudfront.net/78/_ent/1231/2026/capa-endoscopia.jpg
"72a49b40-3e3c-4c2c-bc5c-d16eb8261544","2026 MASTO GO Mastologia 4",https://d1jsa4jz7pnf5n.cloudfront.net/80/_ent/1323/2026/capa-masto.jpg
af59a751-2fc4-4391-9d64-30686b57c32f,"2026 MASTO GO Mastologia 3",https://d1jsa4jz7pnf5n.cloudfront.net/80/_ent/1322/2026/capa-masto.jpg
c8a519b3-ba94-41fc-b36c-7b15792a6a10,"2026 MEDIMAGEM 08 - Medicina Preventiva",https://d1jsa4jz7pnf5n.cloudfront.net/105/_ent/12092/2026/capa_v2_v6.jpg?1785423744602
e9e3d66f-9cad-41f0-8bad-a238e3722f97,"2026 MASTO GO Oncologia Ginecológica 3",https://d1jsa4jz7pnf5n.cloudfront.net/80/_ent/1327/2026/capa-masto.jpg
fb85a0e5-c60e-4aa7-bc28-db549d8aded4,"2026 - Questões PRÉ-AULA - SEMANA 23 - MED",https://d1jsa4jz7pnf5n.cloudfront.net/imagens-componentes/preaula-med-logo.png
"9ad1333b-f39e-492b-bd35-635414b244ee","2026 - Questões PRÉ-AULA - SEMANA 25 - MED",https://d1jsa4jz7pnf5n.cloudfront.net/imagens-componentes/preaula-med-logo.png
a733011c-81be-4b72-acb1-76adbe151b35,"2026 CPMR D1T - GO",https://d1jsa4jz7pnf5n.cloudfront.net/101/_ent/12125/2026/barra_branca.jpg?1777472630812
d1952bdd-037d-4e5a-856c-da0e9e071a85,"2026 R+ Endócrino 2 - Tireoide e Paratireoide",https://d1jsa4jz7pnf5n.cloudfront.net/77/_ent/1191/2026/imagem00_v2_v5.jpg?1784210725599
fcf95d1e-9919-48ef-a940-fabd632c83c2,"2026 CPMED EXTENSIVO - APOSTILA 03 - Procedimentos Hospitalares",https://d1jsa4jz7pnf5n.cloudfront.net/100/_ent/13589/2026/old11718_imagem00_v6.jpg?1772053026575
"2fae9a65-e394-4920-8a98-883448b36f19","2025 INTCLM1 REU",https://d1jsa4jz7pnf5n.cloudfront.net/14/_ent/1429/2025/imagem1750111988062_v2.jpg?1755712829351
"461c1dd0-76d2-412e-a92c-e4cb2ac05134","2024 TED - Oncologia 5: Paraneoplasias",https://d1jsa4jz7pnf5n.cloudfront.net/120/_ent/12695/2024/imagem1720028492535.png?1720545360210
"09ed46f5-34f4-4194-8356-f1f84d89437f","2025 TED -Autoimunes e metabólicas 3: Púrpuras e vasculopatias",https://d1jsa4jz7pnf5n.cloudfront.net/120/_ent/12703/2025/imagem1748976345079_v2.png?1749208508742
"0b0a7bfc-28b2-4b26-b02c-2d24d3bf29d7","2023 - REVALIDAAÇÃO - PREVENTIVA - VIGILÂNCIA DA SAÚDE, SAÚDE DO TRABALHADOR E ÉTICA MÉDICA",https://d1jsa4jz7pnf5n.cloudfront.net/117/_ent/13006/2023/imagem1681846433742.jpg?1684868407322
"0b8831fa-44fc-41d4-9b0a-0682bd8bd932","2023 R+ ENDOSCOPIA CLM 07",http://d1jsa4jz7pnf5n.cloudfront.net/77/_ent/1169/2023/imagem28.jpg?1674756722591
"0bdde74c-34e0-4f34-9222-cc3fab86c7f9","2021 Distúbios Nutricionais na Infância",http://d1jsa4jz7pnf5n.cloudfront.net/16/2021/25266/imagem43.jpg?1623870476261
"0c0f372d-8b76-4543-a747-e70344997023","2024 R+ ENDOSCOPIA CLM 35",https://d1jsa4jz7pnf5n.cloudfront.net/77/_ent/1197/2024/(1)249002-1e8eb7b0-f323-4e71-952c-c74b9db40729.png?1722970711289
"12f3519c-f2bc-4bc4-9e9b-32507eb64682","2024 - REVALIDAAÇÃO - GIN 2: ENDOCRINOLOGIA GINECOLÓGICA, SANGRAMENTO UTERINO ANORMAL E ENDOMETRIOSE",https://d1jsa4jz7pnf5n.cloudfront.net/117/_ent/13009/2024/imagem1684861842148_v3.jpg?1716489552008
"130d78d7-3524-46e0-8c6d-438ec235fc15","2024 REVALIDAAÇÃO2 - CLÍNICA MÉDICA - PNEUMOLOGIA",https://d1jsa4jz7pnf5n.cloudfront.net/117/_ent/12985/2024/imagem1679689364376.png?1730756741429
"19e1ad62-c466-4344-b901-f53f31f38966","2024 R+ ENDOSCOPIA CLM 38",https://d1jsa4jz7pnf5n.cloudfront.net/77/_ent/1200/2024/imagem1724333391157_v3.png?1725287738611
"1a47e474-d0e3-4404-b461-d188428d4097","2022 Vigilância da Saúde e Saúde do Trabalhador",http://d1jsa4jz7pnf5n.cloudfront.net/16/_ent/701/2022/imagem57_v6.jpg?1647622886262
"1db5786c-f3a2-4735-926a-b5395dcd1767","2022 R+ ENDOSCOPIA CLM 07",http://d1jsa4jz7pnf5n.cloudfront.net/77/_ent/1169/2022/imagem28.jpg?1644929581512
"21e055c7-1fdd-465f-a318-f4dc503abfea","2025 INTPRE - ENAMED 2025",https://d1jsa4jz7pnf5n.cloudfront.net/179/_ent/13679/2025/old742_imagem1748391436833.jpg?1757020507641
"2248ac45-9b1b-49ed-98ca-becf8ee7c88e","2025 TED -Dermatoses inflamatórias 5: Dermatoses neutrofílicas e eosinofílicas; Síndromes autoinflamatórias.",https://d1jsa4jz7pnf5n.cloudfront.net/120/_ent/12689/2025/imagem1740498525023.jpg?1740582465664
"27a7aa08-da72-416f-bc06-ea4e957fd206","2025 R+ Endócrino 3 - Suprarrenal, Hipófise, Síndromes Poliglandulares Autoimunes e Neoplasia Endócrina Múltipla",https://d1jsa4jz7pnf5n.cloudfront.net/77/_ent/1192/2025/imagem1719601576516.jpg?1751972746752
"28e3414b-f24b-4f85-bce5-d61bcda3467a","2023 MED ATB - PNEUMONIAS BACTERIANAS COMUNITÁRIAS",https://d1jsa4jz7pnf5n.cloudfront.net/116/_ent/12937/2023/imagem1692647873844_v3.png?1692797474199
"29058bc0-71c9-43d2-ab93-c4392a68b13c","2025 R+ Doenças Emergentes e de Importância Coletiva",https://d1jsa4jz7pnf5n.cloudfront.net/166/_ent/13696/2025/old1193_Inoculation-chagoma-on-the-dorsal-surface-of-the-left-hand-at-the-base-of-the-thumb-21_Q640.jpeg?1754489303326
"2e9288d2-d7d7-485d-ab44-951ea2aa14da","2025 R+ ENDOSCOPIA CLM 17",https://d1jsa4jz7pnf5n.cloudfront.net/77/_ent/1179/2025/imagem1711472850773.JPG?1743526437968
"2eab0a01-4061-408e-9266-c75e4379025c","2022 R+ ENDOSCOPIA CLM 26",http://d1jsa4jz7pnf5n.cloudfront.net/77/_ent/1188/2022/imagem12.jpg?1656355536158
"304d199e-5a23-4278-b0af-6b755f26800c","2022 R+ ENDOSCOPIA CLM 17",http://d1jsa4jz7pnf5n.cloudfront.net/77/_ent/1179/2022/imagem81.jpg?1651093760354
"34091306-328c-4536-9548-307d57c40f34","2024 CPMR D2 - EXTRA 3",https://d1jsa4jz7pnf5n.cloudfront.net/101/_ent/12189/2024/barra_branca.jpg?1718219909069
"3da0a09b-73cb-41b8-9afa-dac8cd1113fc","2024 CPMR D2 - EXTRA 2",https://d1jsa4jz7pnf5n.cloudfront.net/101/_ent/12188/2024/barra_branca.jpg?1718219848218
"3e072a75-dbbe-42d6-9c67-d1815a09adbc","2025 - REVALIDAAÇÃO - DOENÇAS INFECCIOSAS PREVALENTES NA INFÂNCIA",https://d1jsa4jz7pnf5n.cloudfront.net/117/_ent/13010/2025/imagem1682263494965.jpg?1749478984268
"419a4800-ef9b-458b-bfb1-45eb6cc498a7","2022 R+ ENDOSCOPIA CLM 09",http://d1jsa4jz7pnf5n.cloudfront.net/77/_ent/1171/2022/imagem15_v2.jpg?1646417061556
"41c8d696-e25c-4fdf-85d2-2a67591a16b6","2025 REVALIDAAÇÃO2 - CIRURGIA - TRAUMA 2 E QUEIMADURA",https://d1jsa4jz7pnf5n.cloudfront.net/117/_ent/13001/2025/imagem1680707487999_v2.png?1764165882449
"420e865e-2f7f-4787-b7bf-6f28d3860075","2022 VENTILAMED Ventilação Não Invasiva (VNI) e Oxigenoterapia nasal de alto fluxo (ONAF)",http://d1jsa4jz7pnf5n.cloudfront.net/104/_ent/12076/2022/q10bonus.jpg?1651872015926
"48e12180-0f83-472d-aa91-ea1e78d59123","2025 R+ ENDOSCOPIA CLM 44",https://d1jsa4jz7pnf5n.cloudfront.net/77/_ent/1206-b/2025/imagem108_v2_v4.jpg?1755628486334
"48e9a4a9-464c-442e-83b4-85df93478e42","2021 Anátomo-histologia do olho;Distúrbios da Refração;Catarata; Glaucoma;Síndrome do Olho Vermelho; Retinopatias",http://d1jsa4jz7pnf5n.cloudfront.net/16/2021/25261/imagem120.jpg?1631279484669
"4d3bf5b9-8134-436b-84f7-119a8e2fd48d","2025 MED ATB - INTRODUÇÃO E INFECÇÕES BACTERIANAS DAS VIAS AÉREAS SUPERIORES",https://d1jsa4jz7pnf5n.cloudfront.net/116/_ent/12936/2025/imagem1682620030571_v4.jpg?1744145367252
"4f04f8e5-b3a5-4d5a-9b43-09626c72c377","2025 INTCLM1 NEF - ENAMED 2025",https://d1jsa4jz7pnf5n.cloudfront.net/179/_ent/13661/2025/old1428_imagem1750262888913.jpg?1757020667742
"4f2e972f-2781-4457-aa7d-772e2b75e845","2025 TED -Específicas 2: Ambientais e ciclo de vida",https://d1jsa4jz7pnf5n.cloudfront.net/120/_ent/13584/2025/old12720_imagem1731103462242_v2.jpg?1765541742475
"4f7193db-6eda-46f5-bf74-5ade65401733","2024 - REVALIDAAÇÃO - GIN 1: INFECÇÕES SEXUALMENTE TRANSMISSÍVEIS E VIOLÊNCIA SEXUAL",https://d1jsa4jz7pnf5n.cloudfront.net/117/_ent/12998/2024/imagem1679613420456_v4.png?1714410008483
"5b652bf0-2b38-44fe-81bd-8e71452a2c65","2024 MED Doenças Clínicas na Gravidez",https://d1jsa4jz7pnf5n.cloudfront.net/17/_ent/659/2024/imagem31_v2_v2_v4.jpg?1712149483048
"5b697c89-dc0c-4268-a0a1-25849b1a222c","2023 R+ Psiquiatria 1 - Distúrbios do Sono, Delirium e Transtornos Relacionados às Drogas",https://d1jsa4jz7pnf5n.cloudfront.net/77/_ent/1174/2023/2020_DIA_TAB_R3_CLM12_4_v2_v3.jpg?1678718987971
"61b3596f-0a05-4dcd-9cd6-2e2d05bc38c3","2025 TED -Genodermatoses 2: Mesenquimais",https://d1jsa4jz7pnf5n.cloudfront.net/120/_ent/12713/2025/imagem1755691541858.jpg?1755702388796
"6229f010-4f34-457d-bf6a-97b168e64c97","2024 - REVALIDAAÇÃO - PREVENTIVA - VIGILÂNCIA DA SAÚDE, SAÚDE DO TRABALHADOR E ÉTICA MÉDICA",https://d1jsa4jz7pnf5n.cloudfront.net/117/_ent/13006/2024/imagem1681846433742_v2.jpg?1715361053554
"62ef0d3a-f6f1-4d03-85f0-85461513435c","2024 - REVALIDAAÇÃO - CIRURGIA - TRAUMA 2 E QUEIMADURA ",https://d1jsa4jz7pnf5n.cloudfront.net/117/_ent/13001/2024/imagem1681317003401.png?1715112116877
"6a4c0d22-65db-4507-a717-85cb22fe598b","2025 - REVALIDAAÇÃO - GIN 2: ENDOCRINOLOGIA GINECOLÓGICA, SANGRAMENTO UTERINO ANORMAL E ENDOMETRIOSE",https://d1jsa4jz7pnf5n.cloudfront.net/117/_ent/13009/2025/imagem1684861842148_v3.jpg?1749241262375
"6aabf253-5784-479c-a54e-b1e8d7763ec2","2024 R+ ENDOSCOPIA CLM 15",https://d1jsa4jz7pnf5n.cloudfront.net/77/_ent/1177/2024/imagem1710329302623.jpg?1711120221457
"6ac53f68-13ff-4297-a76b-301d8d35b79b","2024 Doenças das Mamas, Doenças dos Ovários",https://d1jsa4jz7pnf5n.cloudfront.net/16/_ent/598-b/2024/imagem1717503377670.png?1720015348619
"6b111dad-1413-4c52-aa1e-1744b074bac2","2023 MED Imunizações e Síndromes Urinárias",https://d1jsa4jz7pnf5n.cloudfront.net/17/_ent/665-b/2023/imagem28_v4.jpg?1678477443288
"716159a9-766b-4caf-8f53-635d43926c5c","2021 Principais Doenças Pulmonares",http://d1jsa4jz7pnf5n.cloudfront.net/16/2021/25272/imagem92.jpg?1629297766986
"754f4f36-01b8-47e1-b0fd-b12d1332a987","2021 Neurologia",http://d1jsa4jz7pnf5n.cloudfront.net/16/2021/25252/imagem64.jpg?1632510964175
"7a5e2b65-3b07-4e11-93fb-f60c84600e91","2023 CPMR2 D2 - EXTRA 1",https://d1jsa4jz7pnf5n.cloudfront.net/101/_ent/12510/2023/barra_branca.jpg?1699967816665
"80cd932b-73cc-4b8a-aaac-c1f38214b641","2025 - REVALIDAAÇÃO - CLÍNICA MÉDICA - HEPATOLOGIA",https://d1jsa4jz7pnf5n.cloudfront.net/117/_ent/12999/2025/imagem1681168426770_v3.jpg?1747244761492
"80f9ffb1-1732-4cc9-a15f-449a331048f2","2024 R+ Infectologia 3 - HIV e Aids",https://d1jsa4jz7pnf5n.cloudfront.net/166/_ent/13514/2024/imagem1711113425321.jpg?1723132358333
"81725567-267e-410c-8e07-153884a66dec","2022 R+ ENDOSCOPIA CLM 43",http://d1jsa4jz7pnf5n.cloudfront.net/77/_ent/1205/2022/imagem21.jpg?1666356115834
"817993d0-b27a-4400-b8c9-093532daafad","2025 MED Perioperatório e Otorrinolaringologia",https://d1jsa4jz7pnf5n.cloudfront.net/17/_ent/623-b/2025/imagem69_v2.jpg?1758801622797
"8817e52a-1572-48c3-916e-8fc53b1c5e76","2023 R+ Medicina Fetal 3",https://d1jsa4jz7pnf5n.cloudfront.net/80/_ent/1319/2023/imagem40.jpg?1688654151740
"88333fe1-ab3e-48c2-944b-db00f50f6f70","2024 REVALIDAAÇÃO2 - CIRURGIA - TRAUMA 2 E QUEIMADURA",https://d1jsa4jz7pnf5n.cloudfront.net/117/_ent/13001/2024/imagem1681317003401.png?1731937818829
"8ebb2746-8cbf-442a-810b-1287404bc593","2022 R+ ENDOSCOPIA CLM 11",http://d1jsa4jz7pnf5n.cloudfront.net/77/_ent/1173/2022/imagem21_v2_v2.jpg?1647458207274
"8ed915f1-5bdc-4d2b-b6fd-1709f23454c3","2024 - REVALIDAAÇÃO - OBS 2: ASSISTÊNCIA PRÉ-NATAL E PARTO",https://d1jsa4jz7pnf5n.cloudfront.net/117/_ent/13003/2024/imagem1680793496711_v2.jpg?1715114837384
"8f165326-c548-4c11-b26e-480a6a1dabb4","2025 TED -Terapêutica: Sistêmica e Tópica",https://d1jsa4jz7pnf5n.cloudfront.net/120/_ent/13579/2025/imagem1759951125704_v2.png?1761586789499
"9281463f-ad13-421c-852a-df96fb487d19","2025 R+ Hepatologia 2 - Complicações da Cirrose",https://d1jsa4jz7pnf5n.cloudfront.net/77/_ent/1166/2025/imagem1704980118463.jpg?1736782606391
"99335ed9-dbc1-4b65-9ea5-40989cdc8ac5","2022 CPMR D2 - EXTRA 2",http://d1jsa4jz7pnf5n.cloudfront.net/101/_ent/12511/2022/barra_branca.jpg?1652477377130
a07b1cb6-8523-4a6d-a353-fc9f21d6ef68,"2025 Cirurgia Vascular, Proctologia, Cirurgia Bariátrica e Metabólica, Cirurgia Pediátrica, Cirurgia de Cabeça e Pescoço",https://d1jsa4jz7pnf5n.cloudfront.net/16/_ent/731-b/2025/imagem1718894912276_v4.png?1758802762520
a093109f-eca8-442a-9c27-13b33c00afbd,"2022 R+ ENDOSCOPIA CLM 25",http://d1jsa4jz7pnf5n.cloudfront.net/77/_ent/1187/2022/imagem05.jpg?1655841239452
a5cbf416-95b5-4acf-b639-9002b263974e,"2025 INTCLM1 REU - ENAMED 2025",https://d1jsa4jz7pnf5n.cloudfront.net/179/_ent/13660/2025/old1429_imagem1750111988062_v2.jpg?1757020736488
a5f084d4-7530-4b1e-bcc6-31198833cb62,"2022 Sangramento na Gravidez",http://d1jsa4jz7pnf5n.cloudfront.net/16/_ent/682/2022/imagem64.jpg?1653049499146
a6bd20d8-d6a2-448a-9657-d0e863e4ce27,"2023 Distúrbio do Equilíbrio Eletrolítico e Ácido-Básico, Interpretação da Gasometria Arterial",http://d1jsa4jz7pnf5n.cloudfront.net/16/_ent/676/2023/extracelular_v4.PNG?1673896833207
a6db0346-8bce-4299-9e4c-422e842807da,"2023 R+ Neurologia 1 - Semiologia, Síndromes Vasculares e Imagem em Neurologia",https://d1jsa4jz7pnf5n.cloudfront.net/77/_ent/1170/2023/imagem106.jpg?1675781946554
a7279c5f-9fff-498c-b867-f039cb352887,"2022 Anátomo-histologia do olho;Distúrbios da Refração;Catarata; Glaucoma;Síndrome do Olho Vermelho; Retinopatias",http://d1jsa4jz7pnf5n.cloudfront.net/16/_ent/685/2022/imagem120.jpg?1662474846925
ac58f935-19e4-4615-afcf-e498485fb0b9,"2024 - REVALIDAAÇÃO - INFECTOLOGIA ",https://d1jsa4jz7pnf5n.cloudfront.net/117/_ent/13002/2024/imagem1680111748194_v2.jpg?1715886928431
acac3ca2-3638-4b77-89f9-0cb31ebd0452,"2025 TED -Dermatoses infecciosas 2: Doenças bacterianas",https://d1jsa4jz7pnf5n.cloudfront.net/120/_ent/12706/2025/imagem1750774954871_v2.PNG?1750849468116
b242ee04-6ccd-4796-9a25-cefa61c97d18,"2025 INTGIN - ENAMED 2025",https://d1jsa4jz7pnf5n.cloudfront.net/179/_ent/13672/2025/old740_imagem1756236875539.png?1757447292084
b2566725-13e8-46a8-82ab-194a4085d502,"2025 MED Amenorreia, SOP e Infertilidade",https://d1jsa4jz7pnf5n.cloudfront.net/17/_ent/656-b/2025/imagem1720725007301_v2.png?1754488061576
b6cb8c7c-b660-4353-9000-05f7bb26e8ac,"2024 R+ ENDOSCOPIA CLM 12",https://d1jsa4jz7pnf5n.cloudfront.net/77/_ent/1174/2024/2020_DIA_TAB_R3_CLM12_4_v2_v3.jpg?1708960544137
bb6b5040-1dce-46be-a68f-6258d0eef0b5,"2024 REVALIDAAÇÃO2 - SANGRAMENTOS NA GESTAÇÃO",https://d1jsa4jz7pnf5n.cloudfront.net/117/_ent/12993/2024/imagem1679502184992_v2.jpg?1730231355816
bb6dacfc-64c3-41fa-9acd-f959f4a788fb,"2022 Anátomo-histologia e Lesões Elementares; Doenças Infectoparasitárias da Pele; Dermatoses Inflamatórias; Oncologia Dermatológica",http://d1jsa4jz7pnf5n.cloudfront.net/16/_ent/732-b/2022/imagem274.jpg?1664366916453
bb97769e-c695-42dd-a98f-671e96c57a33,"2023 R+ Infectologia 3 - HIV e Aids",https://d1jsa4jz7pnf5n.cloudfront.net/77/_ent/1178/2023/imagem71.jpg?1681472367835
c388856c-1a78-451b-ab4d-6edc1f5efdc3,"2022 R+ ENDOSCOPIA CLM 15",http://d1jsa4jz7pnf5n.cloudfront.net/77/_ent/1177/2022/imagem74.jpg?1649871050783
c3d47c50-9559-439c-87af-5c1e82a08a7a,"2025 REVALIDAAÇÃO2 - PREVENTIVA - VIGILÂNCIA DA SAÚDE, SAÚDE DO TRABALHADOR E ÉTICA MÉDICA",https://d1jsa4jz7pnf5n.cloudfront.net/117/_ent/13006/2025/imagem1747999634067_v2.png?1763495178515
c3dd803b-e442-49ec-8cc3-7b4bd2519085,"2025 - REVALIDAAÇÃO -REUMATOLOGIA",https://d1jsa4jz7pnf5n.cloudfront.net/117/_ent/13011/2025/imagem1682001072749_v2.jpg?1749496805237
c8865aaa-2a12-4003-93ee-1c78ad371618,"2025 INT TED TPI INTENSIVÃO 12 - Cirurgia / Cosmiatria",https://d1jsa4jz7pnf5n.cloudfront.net/185/_ent/13719/2025/old13724_imagem1768313902410.jpeg?1769180792931
d43c7202-d5f7-4e7d-87f4-1c8cc806bb2f,"2025 Doenças das Mamas, Doenças dos Ovários",https://d1jsa4jz7pnf5n.cloudfront.net/16/_ent/598-b/2025/imagem1717503377670_v2.png?1751575438413
cf3becee-7dfb-4e36-8ad2-2baca038bc44,"2022 Insuficiência Renal Aguda, Insuficiência Renal Crônica, Terapia de Substituição Renal",http://d1jsa4jz7pnf5n.cloudfront.net/16/_ent/676/2022/TAB7CONT3_v2.png?1643214924248
cfb257f0-6898-4c32-bcdf-703731e460f9,"2022 Doenças da Supra-Renal; Doenças da Paratireóide; Doenças da Hipófise e Hipotálamo",http://d1jsa4jz7pnf5n.cloudfront.net/16/_ent/588-b/2022/imagem47.jpg?1659446354999
d05ddc2b-2a9c-4a26-ba36-83c257f765af,"2023 R+ Oncologia 1 - Tumores da Cabeça, Pescoço e Tórax",https://d1jsa4jz7pnf5n.cloudfront.net/77/_ent/1202/2023/imagem1664581093695_v3.png?1695737187723
d0a70ee3-8906-400f-844d-ad9f6a82d18d,"2021 Transtornos Mentais, Esquizofrenia e outros Transtornos Psicóticos, Transtornos do Humor, Transtornos de Ansiedade, Transtornos de Personalidade,",http://d1jsa4jz7pnf5n.cloudfront.net/16/2021/25281/imagem09.jpg?1632927371326
d0a83308-3b59-4958-9008-51a23f04b3a5,"2021 Doenças Benignas e Malignas do Colo, do Corpo do Útero, da Vulva e da Vagina",http://d1jsa4jz7pnf5n.cloudfront.net/16/2021/25152/imagem45_v2.jpg?1626902112998
d1696307-2180-4730-8ea4-4c0053628058,"2025 TED -Oncologia 7: Neoplasias de anexos; Cistos mesenquimais",https://d1jsa4jz7pnf5n.cloudfront.net/120/_ent/12697/2025/imagem1745334479965_v2.png?1745503597839
d5bdab6d-5689-46a7-9449-b9ad0e91caa4,"2024 REVALIDAAÇÃO2 - CLÍNICA MÉDICA - HEPATOLOGIA",https://d1jsa4jz7pnf5n.cloudfront.net/117/_ent/12999/2024/imagem1681168426770_v3.jpg?1730381009944
d6deab99-fb1d-426e-a3fe-d4c2b67bf25f,"2023 - REVALIDAAÇÃO - OBS 3: DOENÇAS INTERCORRENTES NA GESTAÇÃO, SOFRIMENTO FETAL AGUDO E PUERPÉRIO",https://d1jsa4jz7pnf5n.cloudfront.net/117/_ent/13015/2023/imagem1683058850273.jpg?1686150349096
d71c287e-e9a0-4829-a621-76f26a03e27c,"2021 Arritmias Cardíacas; Morte Súbita",http://d1jsa4jz7pnf5n.cloudfront.net/16/2021/25120/imagem107.jpg?1623261661754
e03acd4a-b8d8-45c0-9594-6c0ba12591af,"2025 R+ ENDOSCOPIA CLM 20",https://d1jsa4jz7pnf5n.cloudfront.net/77/_ent/1182/2025/imagem45.jpg?1746649285216
e635b266-ee18-42b9-a46f-12b7e10eb639,"2024 R+ Endócrino 3 - Suprarrenal, Hipófise, Síndromes Poliglandulares Autoimunes e Neoplasia Endócrina Múltipla",https://d1jsa4jz7pnf5n.cloudfront.net/166/_ent/13526/2024/imagem1719601576516.jpg?1723147938196
e640394c-ff5a-4282-b3eb-bacd3c2bdebc,"2025 TED -Oncologia 9: Outras desordens proliferativas",https://d1jsa4jz7pnf5n.cloudfront.net/120/_ent/12699/2025/imagem1746640982239_v3.PNG?1746795344251
e67ab961-a796-4c93-bff2-164742142317,"2024 R+ Geriatria - Alterações Fisiológicas, Avaliação Geriátrica, Síndromes Geriátricas e Doenças Neurodegenerativas",https://d1jsa4jz7pnf5n.cloudfront.net/77/_ent/1173/2024/imagem21_v2_v2.jpg?1709066463540
eb0f61bf-ba7e-46d3-bd86-d0bb5f8a73a6,"2024 Distúrbios Hipertensivos da Gestação, Diabetes Mellitus e Gemelaridade",https://d1jsa4jz7pnf5n.cloudfront.net/16/_ent/683-b/2024/imagem1718147527795.png?1724356756681
eb1d9372-20be-421d-9607-ac11a9902769,"2025 REVALIDAAÇÃO2 - CLÍNICA MÉDICA - HEPATOLOGIA",https://d1jsa4jz7pnf5n.cloudfront.net/117/_ent/12999/2025/imagem1681168426770_v3.jpg?1761574945926
eb283b1a-d7fa-4f02-8efd-473d84d9bb17,"2025 MED Sopros Cardíacos",https://d1jsa4jz7pnf5n.cloudfront.net/17/_ent/13412/2025/imagem1756234442761.png?1758807493523
f27cdeeb-be95-41cb-b206-89a771928a35,"2021 Doenças da Supra-Renal; Doenças da Paratireóide; Doenças da Hipófise e Hipotálamo",http://d1jsa4jz7pnf5n.cloudfront.net/16/2021/25133/imagem47.jpg?1627670291475
f2bb4fd8-4fed-47dd-9292-5e219d30c00a,"2025 REVALIDAAÇÃO2 - CARDIOLOGIA",https://d1jsa4jz7pnf5n.cloudfront.net/117/_ent/13008/2025/imagem1681742911820.png?1764774679655
f95939df-bdb0-45c8-806c-6835fad8778c,"2022 Urologia: Conceitos Clínicos, Cirúrgicos e Pediátricos",http://d1jsa4jz7pnf5n.cloudfront.net/16/_ent/677/2022/imagem50_v2.jpg?1644591020297
f99237cc-f019-4602-b8bd-71cc1d1d6139,"2022 MED Ciclo Menstrual, Incontinência Urinária",http://d1jsa4jz7pnf5n.cloudfront.net/17/_ent/655-b/2022/imagem88_v2.jpg?1656521913508
fa0d9985-631b-41ac-be57-de5921f6ffab,"2022 R+ Infectologia 3 - HIV e Aids",http://d1jsa4jz7pnf5n.cloudfront.net/77/_ent/1178/2022/imagem71.jpg?1650459814716
fa1d0a15-86d9-458e-863d-15f9cc8c292f,"2024 R+ Hepatologia 2 - Complicações da Cirrose",https://d1jsa4jz7pnf5n.cloudfront.net/166/_ent/13505/2024/imagem1704980118463.jpg?1723124122516
fa42ef36-011e-4982-a326-c09390d5d91d,"2025 R+ Pneumologia 2 - Outras Doenças Pulmonares, Doenças Vasculares, Mediastinais e Pleurais",https://d1jsa4jz7pnf5n.cloudfront.net/77/_ent/1186/2025/imagem1714070091739.jpg?1748529826966
fac0c0b0-5ea3-401d-b25a-18e2715ab8db,"2024 R+ Pneumologia 2 - Outras Doenças Pulmonares, Doenças Vasculares, Mediastinais e Pleurais",https://d1jsa4jz7pnf5n.cloudfront.net/77/_ent/1186/2024/imagem1714070091739.jpg?1716920014933
fad87f6c-d17b-4dd5-8ce8-248029b9a88c,"2022 Principais Doenças Pulmonares",http://d1jsa4jz7pnf5n.cloudfront.net/16/_ent/696-b/2022/imagem92.jpg?1661284363439
fb0e2bd2-c54c-4ebd-9f96-c2f6a567a0a5,"2025 MED Oncologia 2",https://d1jsa4jz7pnf5n.cloudfront.net/17/_ent/622-b/2025/imagem1712263127755.png?1746731963479
fb879973-e3c3-406c-80c6-a63962daf184,"2024 R+ Clínica Cirúrgica",https://d1jsa4jz7pnf5n.cloudfront.net/77/_ent/1201/2024/2022_DDG_APO_Rmais_CLM39_manobraepley_A_01.jpg?1726235060225
b771ab3b-218d-4a5e-9915-50a3533b48eb,"2025 VENTILAMED SDRA e COVID-19",https://d1jsa4jz7pnf5n.cloudfront.net/104/_ent/12077/2025/VMED-9.jpg?1754333014083
fd203208-e014-4020-a572-0080a2a0e5cb,"2025 - REVALIDAAÇÃO - HEMATOLOGIA",https://d1jsa4jz7pnf5n.cloudfront.net/117/_ent/13014/2025/imagem1699648640126.jpg?1750423253548
ec6ef81f-cc09-489a-8429-201fc8eedef4,"2026 MASTO GO Mastologia 1",https://d1jsa4jz7pnf5n.cloudfront.net/80/_ent/1320/2026/capa-masto.jpg
"3fda5c8c-51de-4d5e-bef0-d2ff3607b9cd","2026 MEDBASE DIA 06 SALA 01",https://d1jsa4jz7pnf5n.cloudfront.net/107/_ent/13840/2026/imagem1778709877349.png?1778855367589
fb5e86c4-33cf-441e-9024-89ac0cd2aac0,"2026 MASTO GO Medicina Fetal 2",https://d1jsa4jz7pnf5n.cloudfront.net/80/_ent/1318/2026/capa-masto.jpg
c2bc80ae-ca57-4673-9384-8a1ee9e43802,"2026 MASTO CIR Cirurgia do Aparelho Digestivo 2: Estômago",https://d1jsa4jz7pnf5n.cloudfront.net/78/_ent/1226/2026/capa-masto.jpg
"39484f66-6204-4aad-b898-2bbee76c8f13","2026 VENTILAMED Ventilação Não Invasiva (VNI) e Oxigenoterapia nasal de alto fluxo (ONAF)",https://d1jsa4jz7pnf5n.cloudfront.net/104/_ent/12076/2026/q10bonus.jpg?1784055716904
"3c128fb3-a3af-4795-96f3-8dc8ffc23bce","2026 R+ ENDOSCOPIA CLM 19",https://d1jsa4jz7pnf5n.cloudfront.net/77/_ent/1181/2026/imagem1712599365981.jpg?1777409779356
"3ce7be95-7e32-4744-a395-3c3f96d992a0","2026 R+ Hematologia 3 - Distúrbios da Hemostasia e Transfusão de Hemoderivados",https://d1jsa4jz7pnf5n.cloudfront.net/77/_ent/1200/2026/imagem20_v2_v7.jpg?1784570315557
"3d42d966-2342-4f96-adb0-b0eb9cba3bb2","2026 R+ Gastroenterologia 2 - Doenças dos Intestinos Delgado e Grosso",https://d1jsa4jz7pnf5n.cloudfront.net/77/_ent/1168/2026/2019_DIA_TAB_R3_CLM06_16_v2_v5.jpg?1770152421054
"56589026-a3ad-4524-bbf2-544cc92ca4b3","2026 Neoplasias Hematológicas e Distúrbios da Hemostasia",https://d1jsa4jz7pnf5n.cloudfront.net/16/_ent/603/2026/imagem1772488269054.png?1776279203565
"57b78095-3c88-4b40-acf6-9120dd5b9506","2026 R+ Gastroenterologia 3 - Doenças do Pâncreas",https://d1jsa4jz7pnf5n.cloudfront.net/166/_ent/13508/2026/old1169_imagem1705513408202.jpg?1770916192638
"7066dd2b-a2b4-4054-948d-fc6679107687","2026 CPMR EXTRA - INEP 3",https://d1jsa4jz7pnf5n.cloudfront.net/101/_ent/12620/2026/1_v4.JPG?1776116271801
"03462e10-d7f4-4ea5-9d8a-9911d64c2302","2026 - Questões PRÉ-AULA - SEMANA 25 - MDC",https://d1jsa4jz7pnf5n.cloudfront.net/imagens-componentes/preaula-mdc-logo.png
"0702319d-1c33-44c0-93aa-1bdd4c86d4fe","2026 R+ ENDOSCOPIA CIR 03",https://d1jsa4jz7pnf5n.cloudfront.net/78/_ent/1208/2026/capa-endoscopia.jpg
"08cc0f3f-9206-4ab9-aa58-306450b978af","2026 MASTO GO Hemorragias da Primeira Metade da Gestação",https://d1jsa4jz7pnf5n.cloudfront.net/80/_ent/1300/2026/capa-masto.jpg
"0b1dc648-37f0-4fea-ba2f-4ba37d870112","2026 - Questões PRÉ-AULA - SEMANA 40 - MED",https://d1jsa4jz7pnf5n.cloudfront.net/imagens-componentes/preaula-med-logo.png
"0bde2e66-a47a-4b26-9197-712439b6658e","2026 - Questões PRÉ-AULA - SEMANA 17 - MDC",https://d1jsa4jz7pnf5n.cloudfront.net/imagens-componentes/preaula-mdc-logo.png
"0bf2cbfe-0289-413a-bad9-fbc81761d6d4","2026 Sistema Único de Saúde",https://d1jsa4jz7pnf5n.cloudfront.net/16/_ent/702-b/2026/imagem00_v2_v6.jpg?1785416693028
"1327d466-a5fa-420f-ab30-7d6c3ee609c2","2026 R+ Doenças Respiratórias 3 - Asma e Outras Causas de Sibilância na Infância",https://d1jsa4jz7pnf5n.cloudfront.net/79/_ent/1279/2026/imagem00_v2_v6.jpg?1785420274603
"14af362e-93ce-4bda-9d2f-2f3b9e1295f0","2026 - Questões PRÉ-AULA - SEMANA 12 - MED",https://d1jsa4jz7pnf5n.cloudfront.net/imagens-componentes/preaula-med-logo.png
"157fe3f8-9d32-48b2-816f-89d70f757b13","2026 MASTO CIR Cirurgia Plástica",https://d1jsa4jz7pnf5n.cloudfront.net/78/_ent/1241/2026/capa-masto.jpg
"17323aed-8b30-4f6d-940d-2769f49565af","2026 TED - Dermatoses inflamatórias 2: Eritematoscamosas e eritematopapulosas",https://d1jsa4jz7pnf5n.cloudfront.net/120/_ent/12686/2026/imagem1706043195108_v6.jpg?1770299065357
"186de1de-af99-4d29-b03a-e83c3ada9925","2026 Epidemiologia Analítica e Aplicada à Clínica",https://d1jsa4jz7pnf5n.cloudfront.net/16/_ent/700/2026/imagem00_v7.jpg?1770991129566
d1426b62-3ac0-446a-9494-245cd04ecfbb,"2026 DECOREBA - INTPED",https://d1jsa4jz7pnf5n.cloudfront.net/14/_ent/11941/2026/Prancheta_1_copia_12-100_v2.jpg?1780499683757
"1b2840df-d7d1-49d7-a12c-8109d7af9039","2026 MED Síndromes Respiratórias na Infância",https://d1jsa4jz7pnf5n.cloudfront.net/17/_ent/664-b/2026/imagem00_v6.jpg?1769024186123
"1df87601-57f1-421a-9b15-656fc4531433","2026 - Questões PRÉ-AULA - SEMANA 29 - MED",https://d1jsa4jz7pnf5n.cloudfront.net/imagens-componentes/preaula-med-logo.png
"213169fc-dbda-4e47-9985-1f789032f290","2026 R+ Uroginecologia 2",https://d1jsa4jz7pnf5n.cloudfront.net/80/_ent/1313/2026/capago22_v5.jpg?1779804219272
"2b26e58b-1c3d-4d93-a622-a7c162104ff9","2026 R+ DM e Gravidez",https://d1jsa4jz7pnf5n.cloudfront.net/80/_ent/1306/2026/capago15_v5.jpg?1775764421834
"2b3a7a70-e194-4ba5-8911-64d3a8bfe4a1","2026 R+ Estudo do Parto 2",https://d1jsa4jz7pnf5n.cloudfront.net/80/_ent/1296/2026/imagem00_v5.jpg?1769799405821
"2b855aab-2555-4095-9e02-4c4307fdd24f","2026 - Questões PRÉ-AULA - SEMANA 19 - MED",https://d1jsa4jz7pnf5n.cloudfront.net/imagens-componentes/preaula-med-logo.png
"3192c514-8935-4b86-ae56-73080b1bfffa","2026 TED PRÁTICO - Micologia",https://d1jsa4jz7pnf5n.cloudfront.net/178/_ent/13485/2026/imagem1744347807517.png?1777562389163
dda02373-5166-4273-a73f-2e3affa6d036,"2026 - REVALIDAAÇÃO - PEDIATRIA - NEONATOLOGIA",https://d1jsa4jz7pnf5n.cloudfront.net/117/_ent/12987/2026/imagem1729261726565.png?1778598918987
"37e20f58-fe5f-47d9-a8aa-304925d6d678","2026 R+ Cardiologia 4 - Doença Arterial Coronariana",https://d1jsa4jz7pnf5n.cloudfront.net/166/_ent/13519/2026/old1184_imagem00_v2_v5.jpg?1780928172120
"3a552d23-e54b-4d33-bbfb-52823d1cea55","2026 MASTO GO Medicina Fetal 1",https://d1jsa4jz7pnf5n.cloudfront.net/80/_ent/1312/2026/capa-masto.jpg
"4252a841-8ab2-44f7-b548-c8713d2d8183","2026 CPMR PROVA PRAT PRE 01",https://d1jsa4jz7pnf5n.cloudfront.net/101/_ent/12160/2026/CPMEDR_PRE01_27287_4_1.jpg?1776113011847
"3a889ae2-9a73-4bc8-8fe3-4cd0f759814f","2026 R+ Ginecologia Geral 1 - Dor Pélvica",https://d1jsa4jz7pnf5n.cloudfront.net/80/_ent/1307/2026/imagem00_v5.jpg
"3f2945b1-6b96-4444-9721-110fe119184a","2026 TED -Dermatoses infecciosas 6: Dermatoses virais",https://d1jsa4jz7pnf5n.cloudfront.net/120/_ent/12710/2026/old12703_imagem1720187565053_v3.png?1785178217927
"490bcb2a-b430-48f9-bd96-f9306bde96a9","2026 VENTILAMED A escolha do suporte ventilatório ",https://d1jsa4jz7pnf5n.cloudfront.net/104/_ent/12073/2026/imagem1727714117817.jpg?1783943955690
"4ad56be8-3916-4a95-885f-c6861493c8eb","2026 R+ ENDOSCOPIA CIR 06",https://d1jsa4jz7pnf5n.cloudfront.net/78/_ent/1211/2026/capa-endoscopia.jpg
"4cd90cd7-f15e-4737-b766-87caf005b73a","2026 - REVALIDAAÇÃO - ESPECIAL",https://d1jsa4jz7pnf5n.cloudfront.net/117/_ent/13019/2026/imagem1683307864086_v3.jpg?1782826802524
"51da53c4-b4ef-450e-b45b-cf1946486b05","2026 R+ Gemelaridade",https://d1jsa4jz7pnf5n.cloudfront.net/80/_ent/1316/2026/capago25_v5.jpg?1781611116563
"5272228f-e560-477e-9292-f0d75c2c173d","2026 R+ ENDOSCOPIA CIR 17",https://d1jsa4jz7pnf5n.cloudfront.net/78/_ent/1222/2026/capa-endoscopia.jpg
"5996a1d0-4fb7-402a-a97b-4d189c39d3a1","2026 CPMR PROVA PRAT PED 01",https://d1jsa4jz7pnf5n.cloudfront.net/101/_ent/12150/2026/CPMEDR_PED01_11_3_v2.jpg?1776107371911
"5b93fad6-9976-4c1e-9550-03865af41d69","2026 - Questões PRÉ-AULA - SEMANA 2 - MED",https://d1jsa4jz7pnf5n.cloudfront.net/imagens-componentes/preaula-med-logo.png
"5cb21a1e-f3f4-499a-aeb8-b92469fee2d7","2026 R+ Trauma 3: Trauma de Abdome e Pelve",https://d1jsa4jz7pnf5n.cloudfront.net/78/_ent/1211/2026/imagem00_v2_v5.jpg
"2174567f-1c29-46b9-8a8d-4c03afdcd202","2026 MED Oncologia 1",https://d1jsa4jz7pnf5n.cloudfront.net/17/_ent/654/2026/imagem117_v2_v2_v7.jpg?1773947928977
d3f6632e-4b14-441e-a1a9-9f8e618c939f,"2026 MASTO CIR Cirurgia Cardíaca",https://d1jsa4jz7pnf5n.cloudfront.net/78/_ent/1242/2026/capa-masto.jpg
f4b61a07-506f-407d-acfc-db8a5a880c65,"2026 R+ Oncologia 1 - Tumores da Cabeça, Pescoço e Tórax",https://d1jsa4jz7pnf5n.cloudfront.net/77/_ent/1202/2026/imagem1664581093695_v6.png?1785509619744
"28182a46-6730-4067-9f38-30ec13028d73","2026 MASTO CIR Cirurgia do Aparelho Digestivo 3: Intestino Delgado e Apêndice Vermiforme",https://d1jsa4jz7pnf5n.cloudfront.net/78/_ent/1228/2026/capa-masto.jpg
"0c284e89-4dd8-40f8-9833-d2264cf27306","2026 MED ATB - INFECÇÕES BACTERIANAS DO SISTEMA NERVOSO CENTRAL",https://d1jsa4jz7pnf5n.cloudfront.net/116/_ent/12942/2026/imagem1691676360496_v3.png?1780411121035
"0c527793-4d81-47a1-b382-08f523c73505","2026 Apostila Intensivão - PED",https://d1jsa4jz7pnf5n.cloudfront.net/14/_ent/741/2026/imagem1753735252937_v5.png?1780499453900
"0d2afe72-7cf1-43d8-9486-8e046b7999c4","2026 - RA IV - Especialidades Médicas: Hepatologia",https://d1jsa4jz7pnf5n.cloudfront.net/196/_ent/13819/2026/imagem1782664080166_v3.jpg?1783699022168
"0f27cfb6-6536-4fae-be83-36fec543e979","2026 R+ Hematologia 1 - Abordagem das Anemias",https://d1jsa4jz7pnf5n.cloudfront.net/77/_ent/1198/2026/imagem1752783236883.jpg?1776367375910
"10b19577-aa86-416f-928d-bda8f22438df","2026 R+ ENDOSCOPIA CLM 12",https://d1jsa4jz7pnf5n.cloudfront.net/77/_ent/1174/2026/2020_DIA_TAB_R3_CLM12_4_v2_v4.jpg?1773256587147
"10b2dcfe-4f8d-4b0b-b92e-335217c013c3","2026 - RA IV - Especialidades Médicas: Infectologia",https://d1jsa4jz7pnf5n.cloudfront.net/196/_ent/13808/2026/old13002_imagem1680111748194_v3.jpg?1779895200466
"11866882-670c-4612-9a6c-22a3937ae95d","2026 R+ Gastroenterologia 2 - Doenças dos Intestinos Delgado e Grosso",https://d1jsa4jz7pnf5n.cloudfront.net/166/_ent/13507/2026/old1168_2019_DIA_TAB_R3_CLM06_16_v2_v5.jpg?1770916481549
"11d25e23-8f8a-48fd-a048-5d8d45fd98c2","2026 MEDBASE DIA 05 SALA 01",https://d1jsa4jz7pnf5n.cloudfront.net/107/_ent/13837/2026/imagem1778684394298.jpeg?1778855194441
"13397022-8f9a-47d3-bb45-d147acaa8265","2026 Anemias",https://d1jsa4jz7pnf5n.cloudfront.net/16/_ent/601/2026/imagem1768412201641_v2.png?1775841161840
"137150dd-33e2-485e-8f2e-23555b93d91b","2026 R+ Neonatologia 1 - Atendimeno Inicial do RN",https://d1jsa4jz7pnf5n.cloudfront.net/79/_ent/1261/2026/imagem1740423892939.jpg?1773428243925
"19081775-6aaa-4f37-94c2-49b190435d73","2026 R+ Gastroenterologia 3 - Doenças do Pâncreas",https://d1jsa4jz7pnf5n.cloudfront.net/77/_ent/1169/2026/imagem1705513408202.jpg?1769526365023
"1bd090b6-dbdd-4f11-882b-a17e5048dd64","2026 Hiperplasia e Câncer de Endométrio, Lesões Intraepiteliais e Câncer de Colo Uterino, da Vulva e da Vagina",https://d1jsa4jz7pnf5n.cloudfront.net/16/_ent/599-b/2026/imagem1716314758887_v3.png?1785419987849
"1c541f06-09f5-4896-b842-12cb6045612d","2026 R+ Neurologia 1 - Doença Cerebrovascular e Neurorradiologia",https://d1jsa4jz7pnf5n.cloudfront.net/166/_ent/13509/2026/old1170_imagem106.jpg?1770985323159
"1d37b023-d011-43ca-a4bb-2c0315e169c4","2026 MED ATB - INTRODUÇÃO E INFECÇÕES BACTERIANAS DAS VIAS AÉREAS SUPERIORES",https://d1jsa4jz7pnf5n.cloudfront.net/116/_ent/12936/2026/imagem1682620030571_v4.jpg?1777293866945
"226d54d8-1525-4212-b990-f250f02dd222","2026 R+ ENDOSCOPIA CLM 17",https://d1jsa4jz7pnf5n.cloudfront.net/77/_ent/1179/2026/imagem1711472850773.JPG?1774267931644
"23c5601f-e870-48f9-92f8-92021e8b041d","2026 R+ ENDOSCOPIA CLM 13",https://d1jsa4jz7pnf5n.cloudfront.net/77/_ent/1175/2026/imagem1708962683309_v5.png?1773950494005
"249897fc-b17e-4334-8076-eb3705c2d12c","2026 INT TED 3 - Neoplásicas",https://d1jsa4jz7pnf5n.cloudfront.net/176/_ent/12723/2026/old13706_old12722_old12723_imagem1737650121738_v2.png?1769113157901
"25751f5c-5395-4a1b-bd4e-e32fdb14946c","2026 R+ ENDOSCOPIA CLM 14",https://d1jsa4jz7pnf5n.cloudfront.net/77/_ent/1176/2026/imagem1709759914953.png?1775064904846
"27659804-60b2-412a-9676-b2bd436d2a7d","2026 R+ Cardiologia 1 - Hipertensão Arterial Sistêmica e Valvulopatias",https://d1jsa4jz7pnf5n.cloudfront.net/77/_ent/1181/2026/imagem1712599365981.jpg?1777409779356
"284761ea-d13f-40b8-8b3d-53141540168e","2026 Vigilância da Saúde e Saúde do Trabalhador",https://d1jsa4jz7pnf5n.cloudfront.net/16/_ent/701/2026/imagem1678108059686.JPEG?1773762207213
"2872c779-de4a-4f2f-9ca0-9368df320b30","2026 Distúbios Nutricionais na Infância e Imunizações",https://d1jsa4jz7pnf5n.cloudfront.net/16/_ent/689/2026/imagem1682621598982_old690_v3.jpg?1782408961312
"28ab40e0-50ca-4e0f-917c-73fa51993d2d","2026 VENTILAMED Fisiologia Respiratória Aplicada",https://d1jsa4jz7pnf5n.cloudfront.net/104/_ent/12080/2026/imagem1728658586108.jpg?1786368663100
"28e56681-8a85-43aa-8f1b-d9edd0ec0c17","2026 R+ ENDOSCOPIA CLM 06",https://d1jsa4jz7pnf5n.cloudfront.net/77/_ent/1168/2026/2019_DIA_TAB_R3_CLM06_16_v2_v5.jpg?1770152421054
"2ccff5b2-2bfb-4cde-81a1-ea9fc4c66068","2026 INT TED 8 - Terapêutica, Discromias. Hipoderme e Metabólicas",https://d1jsa4jz7pnf5n.cloudfront.net/176/_ent/12728/2026/old13718_old13723_imagem1766755477121.png?1772048973125
"31219c54-cb70-4f72-8193-2e461d902ef1","2026 MED ATB - PNEUMONIAS BACTERIANAS COMUNITÁRIAS",https://d1jsa4jz7pnf5n.cloudfront.net/116/_ent/12937/2026/imagem1692647873844_v5.png?1774627910467
"32e6c92f-c71b-4539-a990-9079fad71721","2026 MEDBASE DIA 02 SALA 03",https://d1jsa4jz7pnf5n.cloudfront.net/107/_ent/13830/2026/imagem1773843580454.jpg?1774029294895
"33db9672-7c92-4454-adcc-acb909bdb5a6","2026 TED -Dermatoses inflamatórias 6: Acne e Erupções acneiformes; Rosácea; Outros processos inflamatórios",https://d1jsa4jz7pnf5n.cloudfront.net/120/_ent/12690/2026/imagem1741201916188.jpg?1773061540384
"3411332f-e3ce-49ba-9735-6b5d447ffdb7","2026 TED -Dermatoses inflamatórias 4: Dermatoses papulopruriginosas; Urticária e Angioedema",https://d1jsa4jz7pnf5n.cloudfront.net/120/_ent/12688/2026/imagem1739908459995_v2.PNG?1771600511010
cdf12363-4269-4ace-9329-17126dbf0979,"2026 MEDBASE DIA 03 SALA 02",https://d1jsa4jz7pnf5n.cloudfront.net/107/_ent/13832/2026/imagem1775674130732_v2.jpg?1775855642071
"35e31c8c-99a3-45b1-ad8b-0abbc7cc3b77","2026 MASTO GO Medicina Fetal 3",https://d1jsa4jz7pnf5n.cloudfront.net/80/_ent/1319/2026/imagem1718066059617.jpg?1783610514870
"37a1ded1-314c-44c7-bafd-8f64c83af78a","2026 - RA IV - Saúde da Criança: Atendimento às doenças infecciosas prevalentes na infância – Parte 1",https://d1jsa4jz7pnf5n.cloudfront.net/196/_ent/13815/2026/imagem1780320939936.png?1781787760788
"389c312f-e917-45f4-a7ff-0ef61486373b","2026 MED Síndromes Exantemáticas na Infância",https://d1jsa4jz7pnf5n.cloudfront.net/17/_ent/663-b/2026/imagem1760624919659_v5.png?1767371966794
"489f590a-2737-4b21-893a-f44b26c30e99","2026 VENTILAMED Modos ventilatórios convencionais e ajustes iniciais",https://d1jsa4jz7pnf5n.cloudfront.net/104/_ent/12074/2026/imagem1727718679450.jpg?1784037896202
"3f7e872d-26fe-4820-b5ae-10583d9fc608","2026 CPMR D2 - EXTRA 2",https://d1jsa4jz7pnf5n.cloudfront.net/101/_ent/12189/2026/barra_branca.jpg?1775829700288
"3f94589c-87ce-454c-ae9d-903e07dbda57","2026 MED Síndromes Febris",https://d1jsa4jz7pnf5n.cloudfront.net/17/_ent/648-b/2026/imagem117_v2_v6.jpg?1777065836291
"40e4e1b7-cf24-4aec-a38d-9642ee3a753c","2026 R+ Geriatria - Alterações Fisiológicas, Avaliação Geriátrica, Síndromes Geriátricas e Doenças Neurodegenerativas",https://d1jsa4jz7pnf5n.cloudfront.net/77/_ent/1173/2026/imagem21_v2_v2.jpg?1773257081384
"4f2a6c31-6324-4c79-a5a9-fe40086ffa4e","2026 - Questões PRÉ-AULA - SEMANA 24 - MED",https://d1jsa4jz7pnf5n.cloudfront.net/imagens-componentes/preaula-med-logo.png
"42c838f6-cded-497e-a460-746b0d743c6e","2026 TED -Oncologia 9: Outras desordens proliferativas",https://d1jsa4jz7pnf5n.cloudfront.net/120/_ent/12699/2026/imagem1778254178793.jpg?1778254180800
"4425c018-3011-45d5-95e8-5bc1d3830144","2026 R+ Doenças Emergentes e de Importância Coletiva",https://d1jsa4jz7pnf5n.cloudfront.net/77/_ent/1193/2026/Inoculation-chagoma-on-the-dorsal-surface-of-the-left-hand-at-the-base-of-the-thumb-21_Q640.jpeg?1785421512916
"481491fc-3c03-4d82-9dc5-84d8b06b04ac","2026 INT TED 4 - Infectologia 1",https://d1jsa4jz7pnf5n.cloudfront.net/176/_ent/12724/2026/imagem1738238280455.png?1769698210658
"48294c29-c9fb-48b1-90fa-4b3f96889ccd","2026 TED -Oncologia 3: Neoplasias epiteliais malignas",https://d1jsa4jz7pnf5n.cloudfront.net/120/_ent/12693/2026/imagem1774524353908.jpg?1774546087231
"4ac06bb1-9a27-486f-b661-bc706785beca","2026 R+ Gastroenterologia Pediátrica 1 - Diarreia",https://d1jsa4jz7pnf5n.cloudfront.net/79/_ent/1258/2026/imagem1675896061895_v4.png?1771956994099
"51248b9e-d36a-4707-b597-f3fcc8ecb5d3","2026 MED Doenças Clínicas na Gravidez",https://d1jsa4jz7pnf5n.cloudfront.net/17/_ent/659/2026/imagem31_v2_v2_v5.jpg?1775045666475
"4c2b856c-f928-4db8-9945-97b852285034","2026 R+ Infectologia 1 - Principais Infecções Bacterianas",https://d1jsa4jz7pnf5n.cloudfront.net/166/_ent/13512/2026/old1176_imagem1709759914953.png?1775064449751
"54bbce54-91e1-4140-a1dc-60e404c7050c","2026 R+ Nefrologia 3 - Distúrbios Eletrolíticos e Acidobásicos",https://d1jsa4jz7pnf5n.cloudfront.net/77/_ent/1189/2026/2020_DIA_TAB_R3_CLM27_4_v2_v8.jpg?1780930001840
"4e6cd31f-5cdc-46e9-94df-02c9cfc6ce53","2026 MED  Hemorragia Digestiva",https://d1jsa4jz7pnf5n.cloudfront.net/17/_ent/616/2026/imagem1732558203723_v2.png?1770038836999
"4e7f325d-8100-4545-9ab4-7e91b7d41400","2026 R+ Cardiologia 1 - Hipertensão Arterial Sistêmica e Valvulopatias",https://d1jsa4jz7pnf5n.cloudfront.net/166/_ent/13516/2026/old1181_imagem1712599365981.jpg?1778602002109
"4edb5413-f5ac-4e06-85c4-07bef6448c48","2026 - REVALIDAAÇÃO - GIN 1: INFECÇÕES SEXUALMENTE TRANSMISSÍVEIS E VIOLÊNCIA SEXUAL",https://d1jsa4jz7pnf5n.cloudfront.net/117/_ent/12998/2026/imagem1761851025509_v5.png?1778673049048
"50c36742-d7ce-410d-b120-5d0c8e9f2656","2026 Especialidades Cirúrgicas - Parte 1: Urologia, Queimadura e Cirurgia Plástica, Cirurgia Pediátrica",https://d1jsa4jz7pnf5n.cloudfront.net/16/_ent/567/2026/imagem1678460847554_v4.jpg?1771528788826
"51263523-f7a3-450f-8086-039917f7e0a3","2026 R+ ENDOSCOPIA CLM 36",https://d1jsa4jz7pnf5n.cloudfront.net/77/_ent/1198/2026/imagem1752783236883.jpg?1776367375910
"5458540e-7d9e-4bb6-b345-f2109e166760","2026 R+ Nefrologia 1 - Síndromes Compartimentais Renais",https://d1jsa4jz7pnf5n.cloudfront.net/77/_ent/1187/2026/imagem1714072222373.jpg?1779288619906
"549dedf3-aa85-49bb-be68-e355d95b2507","2026 INTCLM2 CAR",https://d1jsa4jz7pnf5n.cloudfront.net/14/_ent/1432/2026/imagem1751319890065_v4.png?1784642517829
"5ab95ca4-adc4-41d4-a9ac-eb2f190da7bd","2026 Distúrbios Hidroeletrolíticos e Ácido-Básicos",https://d1jsa4jz7pnf5n.cloudfront.net/16/_ent/674/2026/imagem1759175117543_v2.png?1769197993562
"5b71690b-6aa3-4f43-85c8-6001dbc0cc32","2026 TED -Autoimunes e metabólicas 4: Dermatoses metabólicas e nutricionais",https://d1jsa4jz7pnf5n.cloudfront.net/120/_ent/12704/2026/imagem1781211073756.jpg?1781270818458
"5d1572a3-e1a2-470f-be1d-ec21f001d05e","2026 R+ [PED ESP] - Pneumo Extra 2",https://d1jsa4jz7pnf5n.cloudfront.net/166/_ent/13791/2026/old1202_imagem1693858930477_v4.png?1785866904796
"5d8a6c81-e201-4103-be65-a7e603df0226","2026 - REVALIDAAÇÃO - CLÍNICA MÉDICA - ENDOCRINOLOGIA",https://d1jsa4jz7pnf5n.cloudfront.net/117/_ent/12986/2026/imagem1711136462846_v7.jpg?1777300182558
"62ea5ee6-a0fe-4747-9144-9838e3133e89","2026 - RA IV - Medicina Preventiva: Vigilância em saúde, saúde do trabalhador e ética médica",https://d1jsa4jz7pnf5n.cloudfront.net/196/_ent/13798/2026/old13006_imagem1747999634067_v3.png?1777400793100
"64b13ce5-e229-4814-9267-9c6cddb37fe9","2026 R+ Neurologia 2 - Cefaleias e Epilepsia",https://d1jsa4jz7pnf5n.cloudfront.net/166/_ent/13510/2026/old1171_imagem1706212540606.jpg?1770989814655
"656c89e8-787d-4494-a196-349926d3e855","2026 R+ ENDOSCOPIA CLM 09",https://d1jsa4jz7pnf5n.cloudfront.net/77/_ent/1171/2026/imagem1706212540606.jpg?1771440008332
"65b58301-a5b2-4817-b11c-22d04ff99a44","2026 R+ Reumatologia 1: Erros Inatos da Imunidade, Anafilaxia, Artropatias Primárias e Colagenoses",https://d1jsa4jz7pnf5n.cloudfront.net/166/_ent/13527/2026/old1194_imagem1720991561022.jpg?1786116363875
"6966f5bd-f902-4416-b9e4-6a3cb8c4f786","2026 MEDBASE DIA 01 SALA 02",https://d1jsa4jz7pnf5n.cloudfront.net/107/_ent/13826/2026/imagem1773773252076.jpg?1774028993524
"6b1daa7d-cb53-461d-99a1-9eb460963a40","2026 R+ ENDOSCOPIA CLM 07",https://d1jsa4jz7pnf5n.cloudfront.net/77/_ent/1169/2026/imagem1705513408202.jpg?1769526365023
"6be57246-d942-4b37-801e-50ef5a9c6fff","2026 TED -Oncologia 10: Paraneoplasias",https://d1jsa4jz7pnf5n.cloudfront.net/120/_ent/12700/2026/imagem1778871839775.jpg?1778874126190
"6de6185d-46e2-4d3e-b70c-fa368ddbc2b1","2026 - REVALIDAAÇÃO -REUMATOLOGIA",https://d1jsa4jz7pnf5n.cloudfront.net/117/_ent/13011/2026/imagem1682001072749_v2.jpg?1780414344058
"6ed800a3-636c-4aaf-9fce-10662d0af91d","2026 R+ Hepatologia 2 - Complicações da Cirrose",https://d1jsa4jz7pnf5n.cloudfront.net/166/_ent/13505/2026/old1166_imagem1704980118463.jpg?1770043555734
"6fbc72b8-c4ef-452f-a6f6-8e4f23645c28","2026 Tumores Hepáticos e Doenças do Pâncreas e Vias Biliares",https://d1jsa4jz7pnf5n.cloudfront.net/16/_ent/593/2026/imagem1742994071885_v2.PNG?1780055991376
"70a72f2b-9a75-48d2-8bc5-86bf134eb71f","2026 - RA IV - Saúde da Mulher: Assistência pré-natal e acompanhamento do parto",https://d1jsa4jz7pnf5n.cloudfront.net/196/_ent/13796/2026/old13003_imagem1680793496711_v3.jpg?1776867180201
"7362418e-b394-442e-b11d-dd3a4f8b8ae0","2026 MEDBASE DIA 07 SALA 02",https://d1jsa4jz7pnf5n.cloudfront.net/107/_ent/13844/2026/imagem1779890592959.jpeg?1780088581995
"742ba5ca-660b-49a0-a387-eaf27134241e","2026 Fisiologia Menstrual, Anticoncepção, Amenorreia, Síndrome dos Ovários Policísticos",https://d1jsa4jz7pnf5n.cloudfront.net/16/_ent/595/2026/imagem1730141520044_v3.jpg?1767360453726
"75d8dcd1-f72f-4e09-966d-22c9154573d3","2026 R+ ENDOSCOPIA CLM 30",https://d1jsa4jz7pnf5n.cloudfront.net/77/_ent/1192/2026/imagem1719601576516.jpg?1784906864090
"7cd59729-9583-4cc0-9a4c-8ef0dd61728b","2026 Doenças das Mamas, Doenças dos Ovários",https://d1jsa4jz7pnf5n.cloudfront.net/16/_ent/598-b/2026/imagem1717503377670_v3.png?1783617589738
"7d43b3b3-5fac-4ce8-92ab-a2d2bc0cf5ac","2026 MED Imunizações e Síndromes Urinárias",https://d1jsa4jz7pnf5n.cloudfront.net/17/_ent/665-b/2026/imagem1772476821251.jpg?1773322478110
"7d57bfad-3074-4829-9a64-d8ccf2b24f8e","2026 Insuficiência Renal",https://d1jsa4jz7pnf5n.cloudfront.net/16/_ent/676/2026/imagem1762549745496.png?1769794475989
"7fe3de3c-fe7c-4a77-8c4f-ad5773bc9a4b","2026 MEDBASE DIA 01 SALA 03",https://d1jsa4jz7pnf5n.cloudfront.net/107/_ent/13827/2026/imagem1773775206409.jpg?1774029096065
"810f538e-5f1f-4cc2-93c3-19fe833e317e","2026 R+ Doenças Emergentes e de Importância Coletiva",https://d1jsa4jz7pnf5n.cloudfront.net/166/_ent/13696/2026/old1193_Inoculation-chagoma-on-the-dorsal-surface-of-the-left-hand-at-the-base-of-the-thumb-21_Q640.jpeg?1785768252333
"8448ff2c-a9ed-4c7f-8f06-2c0f53ef75c3","2026 R+ ENDOSCOPIA CLM 16",https://d1jsa4jz7pnf5n.cloudfront.net/77/_ent/1178/2026/imagem1711113425321.jpg?1776092933900
"84716f0c-f7e6-4cfb-9fb5-d9bce2c3a188","2026 - REVALIDAAÇÃO - CLÍNICA MÉDICA - GASTROENTEROLOGIA",https://d1jsa4jz7pnf5n.cloudfront.net/117/_ent/12996/2026/imagem1712423151684_v3.jpg?1777467589743
"864b1c6f-2f24-4001-8e0d-1b3ebd04bda9","2026 - REVALIDAAÇÃO - CLÍNICA MÉDICA - PNEUMOLOGIA",https://d1jsa4jz7pnf5n.cloudfront.net/117/_ent/12985/2026/imagem1679689364376.png?1776180373534
"86d09085-bad2-49b5-be8f-a60d914c6caa","2026 R+ Endocrinologia Pediátrica 2 - Diabetes Mellitus",https://d1jsa4jz7pnf5n.cloudfront.net/79/_ent/1256/2026/imagem1736901887650.jpg?1770821266573
"87381d1e-c89d-41e0-878d-f4e091b298b9","2026 R+ Neurologia 2 - Cefaleias e Epilepsia",https://d1jsa4jz7pnf5n.cloudfront.net/77/_ent/1171/2026/imagem1706212540606.jpg?1771440008332
"885413c3-0625-4c22-ac85-bd3c63bda66f","2026 MED Síndromes Anêmicas",https://d1jsa4jz7pnf5n.cloudfront.net/17/_ent/640-b/2026/imagem1715717110059_v2.jpg?1785417617928
"88b9a711-a427-4104-b5dd-d2b566bb9b1e","2026 MEDBASE DIA 03 SALA 01",https://d1jsa4jz7pnf5n.cloudfront.net/107/_ent/13831/2026/imagem1775599336060.jpg?1775855483702
"8b00ff11-e880-4d74-a609-b6b7ffd4ccc1","2026 R+ Endocrinologia Pediátrica 1 - Crescimento, Puberdade e seus Distúrbios",https://d1jsa4jz7pnf5n.cloudfront.net/79/_ent/1255/2026/imagem17_v2_v2_v5.jpg?1770297191085
"8bf61efa-95be-4016-930c-b17388f0f72c","2026 MEDBASE DIA 08 SALA 01",https://d1jsa4jz7pnf5n.cloudfront.net/107/_ent/13846/2026/imagem1779993897102.jpeg?1780088832286
"8efcdbdc-41c0-4a09-ae41-377447ecb595","2026 R+ ENDOSCOPIA CLM 02",https://d1jsa4jz7pnf5n.cloudfront.net/77/_ent/1164-b/2026/2020_DIA_TAB_R3_CLM02_09_v4.jpg?1767797543449
"8fa8fa74-9090-4a4f-ae92-9a55faaa97ef","2026 Introdução à Nefrologia, As Doenças Glomerulares ",https://d1jsa4jz7pnf5n.cloudfront.net/16/_ent/673/2026/imagem1758761860607_v4.png?1767377871161
"90deaa13-fa02-48f2-ad45-06f839ba847f","2026 TED -Dermatoses inflamatórias 5: Dermatoses neutrofílicas e eosinofílicas; Síndromes autoinflamatórias.",https://d1jsa4jz7pnf5n.cloudfront.net/120/_ent/12689/2026/imagem1740498525023.jpg?1772050276783
"922a7007-bf56-4a7e-8b79-40b273cb6130","2026 R+ ENDOSCOPIA CLM 04",https://d1jsa4jz7pnf5n.cloudfront.net/77/_ent/1166/2026/imagem1704980118463.jpg?1769189909456
"96a7359c-bc4c-4b80-9cd8-09c1796f2d42","2026 R+ ENDOSCOPIA CLM 15",https://d1jsa4jz7pnf5n.cloudfront.net/77/_ent/1177/2026/imagem1710329302623.jpg?1773407528758
a04ad3d2-4d8c-4bc5-b76d-ea54a90ded0c,"2026 R+ ENDOSCOPIA CLM 39",https://d1jsa4jz7pnf5n.cloudfront.net/77/_ent/1201/2026/imagem1753984214750.jpg?1785510975569
"99658331-a243-40fe-8d79-ea0b512685a3","2026 R+ Paciente Crítico 2 - Neurointensivismo e Cuidados Paliativos",https://d1jsa4jz7pnf5n.cloudfront.net/166/_ent/13503/2026/old1164-b_2020_DIA_TAB_R3_CLM02_09_v4.jpg?1769631815824
"9bdfbfa8-1d3e-441f-b37e-6ae621cebd94","2026 INT TED 7 - Cirurgia e Cosmiatria",https://d1jsa4jz7pnf5n.cloudfront.net/176/_ent/12727/2026/old13724_imagem1768313902410.jpeg?1771007796467
"9f397e38-1304-4544-b114-61b488ec7dc7","2026 MEDBASE DIA 04 SALA 03",https://d1jsa4jz7pnf5n.cloudfront.net/107/_ent/13836/2026/imagem1775686394791.jpg?1775855889541
"9f6a8dcf-44b6-45d3-83bb-8e7d15e19598","2026 - REVALIDAAÇÃO - OBS 3: DOENÇAS INTERCORRENTES NA GESTAÇÃO, SOFRIMENTO FETAL AGUDO E PUERPÉRIO",https://d1jsa4jz7pnf5n.cloudfront.net/117/_ent/13015/2026/imagem1764884495309.png?1782158677383
a12868f1-6ea0-4ec6-bcc2-200dc17886ef,"2026 R+ Infectologia 4 - Principais Síndromes Febris",https://d1jsa4jz7pnf5n.cloudfront.net/166/_ent/13515/2026/old1179_imagem1711472850773.JPG?1776720435427
a140c7da-dcc0-457e-ae92-a4e2a223533b,"2026 R+ Grandes Emergências Pediátricas 2 - Trauma Pediátrico",https://d1jsa4jz7pnf5n.cloudfront.net/79/_ent/1274/2026/imagem1683663321036_v2.jpg?1781024603072
a15249c7-b117-4c50-bb69-0726d18eca58,"2026 INT TED 10 - Correlações e Raciocínio e Dermatológico",https://d1jsa4jz7pnf5n.cloudfront.net/176/_ent/13722/2026/imagem1772478449832.png?1773254616382
a4c1c814-9e03-4118-8d2e-0b114dafbdff,"2026 TED -Dermatoses infecciosas 3: Micologia 1 - Superficiais",https://d1jsa4jz7pnf5n.cloudfront.net/120/_ent/12707/2026/imagem1751284355506.png?1783022116159
ff027227-6379-44a2-9a01-a8138d098c9a,"2026 R+ Psiquiatria 2 - Transtornos do Humor, Ansiedade, Alimentares e Psicóticos",https://d1jsa4jz7pnf5n.cloudfront.net/77/_ent/1175/2026/imagem1708962683309_v5.png?1773950494005
a804391c-424f-4d06-a47b-62efb6b910a3,"2026 - RA IV - Saúde da Criança: Alimentação infantil e acompanhamento do crescimento, desenvolvimento e puberdade",https://d1jsa4jz7pnf5n.cloudfront.net/196/_ent/13804/2026/imagem1777569132458.jpg?1778592760418
a9281e9b-048e-4c4d-8b0a-f2fa1327d5b1,"2026 MED Ciclo Menstrual, Distopia Genital, Incontinência Urinária",https://d1jsa4jz7pnf5n.cloudfront.net/17/_ent/655-b/2026/imagem1717447690310_v2.png?1783016429137
a93956cb-f01a-4236-9e83-2151e92fbb5b,"2026 TED -Dermatoses infecciosas 1: Hanseníase e Micobacterioses",https://d1jsa4jz7pnf5n.cloudfront.net/120/_ent/12705/2026/imagem1781829314410_v2.jpg?1781911132341
a97e4976-7c4f-4c97-b776-6408bb5619a2,"2026 - RA IV - Especialidades Médicas: Gastroenterologia Parte 1",https://d1jsa4jz7pnf5n.cloudfront.net/196/_ent/13811/2026/old12996_imagem1679401813428_v6.jpg?1780662102901
aabafab5-7d8d-4e58-a201-ff4a64d22c89,"2026 R+ Endócrino 3 - Suprarrenal, Hipófise, Síndromes Poliglandulares Autoimunes e Neoplasia Endócrina Múltipla",https://d1jsa4jz7pnf5n.cloudfront.net/166/_ent/13526/2026/old1192_imagem1719601576516.jpg?1785769353748
aad69398-c654-427a-aed2-55fbb205e981,"2026 R+ Gastroenterologia 1 - Doenças do Esôfago e do Estômago",https://d1jsa4jz7pnf5n.cloudfront.net/77/_ent/1167/2026/imagem1704222712485.jpg?1769602403351
aada8461-7105-4e65-b440-789a93c09d15,"2026 Colagenoses e Vasculites",https://d1jsa4jz7pnf5n.cloudfront.net/16/_ent/706/2026/imagem1767384185933_v3.png?1773952320074
abcb7d16-33aa-45ce-a5f0-b78dbfbc68ee,"2026 TED -Autoimunes e metabólicas 1: Colagenoses e outras doenças Reumatológicas",https://d1jsa4jz7pnf5n.cloudfront.net/120/_ent/12701/2026/imagem1779369202927.jpeg?1779731431645
b00c9061-5691-4f5d-a7a6-47d379db39e5,"2026 Cirurgia Geral: Pré-Operatório, Complicações Cirúrgicas, Hérnias da Parede Abdominal e Anestesiologia",https://d1jsa4jz7pnf5n.cloudfront.net/16/_ent/568/2026/imagem1776367605328.jpg?1776700507781
b16aa994-b5a2-4c2d-948a-bccfbf2b56dd,"2026 - RA IV - Especialidades Médicas: Reumatologia",https://d1jsa4jz7pnf5n.cloudfront.net/196/_ent/13800/2026/old13011_imagem1682001072749_v3.jpg?1778004984428
b28312e8-1f62-48f7-8b02-da3c69eb20b8,"2026 TED -Oncologia 7: Neoplasias de anexos; Cistos mesenquimais",https://d1jsa4jz7pnf5n.cloudfront.net/120/_ent/12697/2026/imagem1745334479965_v2.png?1777301192806
b2d4c1f8-1d49-4262-89d6-404f43f94fba,"2026 R+ Infectologia 2 - Infecções Pulmonares",https://d1jsa4jz7pnf5n.cloudfront.net/166/_ent/13513/2026/old1177_imagem1710329302623.jpg?1774552685475
b40b0980-a951-4a29-adff-b8cc31329a47,"2026 TED PRÁTICO - Dermatopatologia 3",https://d1jsa4jz7pnf5n.cloudfront.net/178/_ent/13482/2026/imagem1778705065551_v5.png?1778779124059
b5e20dca-29a7-4a7d-9e31-bff937c32482,"2026 INTCLM2 HEP",https://d1jsa4jz7pnf5n.cloudfront.net/14/_ent/1433/2026/imagem1751307539224.jpg?1784658372024
df0cf081-1cca-4fc3-854a-f895672a7b44,"2026 R+ ENDOSCOPIA CLM 24",https://d1jsa4jz7pnf5n.cloudfront.net/77/_ent/1186/2026/imagem1714070091739.jpg?1781031338032
babe0d02-f92c-4bc2-9ed6-e0dc8bbfbf3c,"2026 R+ Psiquiatria 1 - Distúrbios do Sono, Delirium e Transtornos Relacionados às Drogas",https://d1jsa4jz7pnf5n.cloudfront.net/77/_ent/1174/2026/2020_DIA_TAB_R3_CLM12_4_v2_v4.jpg?1773256587147
bb63b9d0-be33-4e8c-8770-455e4823ceaf,"2026 - RA IV - Saúde da Criança: Atenção à saúde do recém-nascido",https://d1jsa4jz7pnf5n.cloudfront.net/196/_ent/13795/2026/old12987_imagem1697388240975.jpg?1775755634778
bba6b721-a8dd-4aab-bf1e-502ee4d23ec3,"2026 - RA IV - Especialidades Médicas: Hematologia",https://d1jsa4jz7pnf5n.cloudfront.net/196/_ent/13806/2026/old13014_imagem1699648640126_v6.jpg?1779309222716
bdbd6671-08a7-4e2e-b488-eb7ebb41c774,"2026 R+ [PED ESP] Geriatria - Alterações Fisiológicas, Avaliação Geriátrica, Síndromes Geriátricas e Doenças Neurodegenerativas",https://d1jsa4jz7pnf5n.cloudfront.net/166/_ent/13681/2026/old1173_imagem21_v2_v2.jpg?1773343580167
bf3c0ed0-de2a-414d-b673-646243b30937,"2026 VENTILAMED SDRA e COVID-19",https://d1jsa4jz7pnf5n.cloudfront.net/104/_ent/12077/2026/VMED-9.jpg?1785183747339
c0afdb15-d67e-4b01-aba9-acc90f9d60f4,"2026 MED Sofrimento Fetal, Puerpério, Fórcipe",https://d1jsa4jz7pnf5n.cloudfront.net/17/_ent/660-b/2026/imagem1681136958623_v13.png?1774883618925
c2b8d728-d810-4f62-998a-478c7e769eb7,"2026 R+ Reumatologia 1: Erros Inatos da Imunidade, Anafilaxia, Artropatias Primárias e Colagenoses",https://d1jsa4jz7pnf5n.cloudfront.net/77/_ent/1194/2026/imagem1720991561022.jpg?1786049262384
c557964b-8ded-468d-9714-48d3f4317a4a,"2026 MED Estudos Epidemiológicos",https://d1jsa4jz7pnf5n.cloudfront.net/17/_ent/671/2026/imagem63_v2_v2_v7.jpg?1776261463601
c55a08c5-0651-402e-a74b-c6bad64fc511,"2026 R+ Hematologia 1 - Abordagem das Anemias",https://d1jsa4jz7pnf5n.cloudfront.net/166/_ent/13530/2026/old1198_imagem1752783236883.jpg?1784318027770
c602172b-f437-4589-8fc3-3d19d2cc2929,"2026 R+ Infectologia 1 - Principais Infecções Bacterianas",https://d1jsa4jz7pnf5n.cloudfront.net/77/_ent/1176/2026/imagem1709759914953.png?1775064904846
c64e25c8-8baf-4ab1-b351-13b74d01ceb0,"2026 R+ Alimentação Infantil",https://d1jsa4jz7pnf5n.cloudfront.net/79/_ent/1251/2026/imagem19385_v2.jpg?1768574339987
c75a6d45-6163-4f92-8cde-8b0054ba3d3a,"2026 - REVALIDAAÇÃO - INFECTOLOGIA ",https://d1jsa4jz7pnf5n.cloudfront.net/117/_ent/13002/2026/imagem1680111748194_v2.jpg?1780325863815
c93ed769-1388-4201-ab92-834426273361,"2026 TED -Oncologia 2: Neoplasias epiteliais benignas e pré-malignas",https://d1jsa4jz7pnf5n.cloudfront.net/120/_ent/12692/2026/imagem1742497506920_v2.png?1773863517806
d43fec1a-73bb-4d3f-824b-8cf592640710,"2026 MASTO GO Sofrimento Fetal",https://d1jsa4jz7pnf5n.cloudfront.net/80/_ent/1308/2026/imagem1679997288813.jpg?1777053021606
ff760939-cac0-470f-bd34-942d7326b25b,"2026 CPMR D2 - EXTRA 1",https://d1jsa4jz7pnf5n.cloudfront.net/101/_ent/12187/2026/barra_branca.jpg?1775829247107
d0f5b2fe-e15a-419d-bf98-884c21a6290a,"2026 - REVALIDAAÇÃO - PUERICULTURA",https://d1jsa4jz7pnf5n.cloudfront.net/117/_ent/12997/2026/imagem1699472139346.png?1779809272798
d123d983-367a-4a65-be64-5be6a3602363,"2026 TED -Autoimunes e metabólicas 3: Púrpuras e vasculopatias",https://d1jsa4jz7pnf5n.cloudfront.net/120/_ent/12703/2026/imagem1780690625677.jpg?1780878157036
d1858324-9f68-4b15-9721-786dcc35c891,"2026 - REVALIDAAÇÃO - PREVENTIVA - VIGILÂNCIA DA SAÚDE, SAÚDE DO TRABALHADOR E ÉTICA MÉDICA",https://d1jsa4jz7pnf5n.cloudfront.net/117/_ent/13006/2026/imagem1747999634067_v2.png?1779710828927
d35dbeb3-9d05-4e25-b405-7eb303b0ce56,"2026 VENTILAMED ASMA, DPOC e Doenças Neuromusculares",https://d1jsa4jz7pnf5n.cloudfront.net/104/_ent/12078/2026/imagem1728497187107_v2.jpg?1785339436640
d3e59532-e68c-43fb-a482-387b2b2eac81,"2026 MEDBASE DIA 02 SALA 01",https://d1jsa4jz7pnf5n.cloudfront.net/107/_ent/13828/2026/imagem1773781036855.jpg?1774029184356
f549d45d-8057-4423-8e7e-13286379bfc8,"2026 - RA IV - Especialidades Médicas: Endocrinologia",https://d1jsa4jz7pnf5n.cloudfront.net/196/_ent/13814/2026/old12986_imagem1728926188645_v3.jpg?1782132145534
d55935aa-3783-46de-b2a5-0a25cc647b31,"2026 MED ATB - INFECÇÕES BACTERIANAS DE PELE E PARTES MOLES",https://d1jsa4jz7pnf5n.cloudfront.net/116/_ent/12941/2026/imagem1689799113252.png?1779395083437
d7174742-65c8-4105-bfb4-9e4ebf6dd238,"2026 R+ Infectologia 2 - Infecções Pulmonares",https://d1jsa4jz7pnf5n.cloudfront.net/77/_ent/1177/2026/imagem1710329302623.jpg?1773407528758
d74946fc-cf67-4d76-8044-84bafe3d5163,"2026 R+ Cardiologia 2 - Insuficiência Cardíaca, Miocardiopatias e Pericardiopatias",https://d1jsa4jz7pnf5n.cloudfront.net/166/_ent/13517/2026/old1182_imagem45.jpg?1779397342853
d8590d59-0636-4873-ad91-0449e925e0ec,"2026 MEDBASE DIA 03 SALA 03",https://d1jsa4jz7pnf5n.cloudfront.net/107/_ent/13833/2026/imagem1775684754575.jpg?1775855692198
da7d1aba-057e-4448-9b6f-8ad2c77c6304,"2026 R+ Infectologia 3 - HIV e Aids",https://d1jsa4jz7pnf5n.cloudfront.net/166/_ent/13514/2026/old1178_imagem1711113425321.jpg?1776090093145
"71fde51f-6b29-49b0-820d-19b663db3eb4","2026 R+ ENDOSCOPIA CLM 20",https://d1jsa4jz7pnf5n.cloudfront.net/77/_ent/1182/2026/imagem45.jpg?1778507096189
dcfcebdb-2279-4ac4-ab61-1a3605d75924,"2026 MEDBASE DIA 02 SALA 02",https://d1jsa4jz7pnf5n.cloudfront.net/107/_ent/13829/2026/imagem1773841727535.jpg?1774029244897
ffa4f740-bb9d-4bed-b3e4-f9086351f9a8,"2026 R+ Sofrimento Fetal",https://d1jsa4jz7pnf5n.cloudfront.net/80/_ent/1308/2026/imagem1679997288813.jpg?1777053021606
e31b3ec2-727f-49bf-af92-e440d4df1776,"2026 MEDBASE DIA 01 SALA 01",https://d1jsa4jz7pnf5n.cloudfront.net/107/_ent/13825/2026/imagem1773768836132.jpg?1774028740378
e6bfdbe3-b13d-40f1-93bb-0d69c9584132,"2026 R+ ENDOSCOPIA CLM 05",https://d1jsa4jz7pnf5n.cloudfront.net/77/_ent/1167/2026/imagem1704222712485.jpg?1769602403351
e71df763-fc4f-488d-8a08-9799aff1ed52,"2026 INT TED 1 - Inflamatórias e Autoimunes 1",https://d1jsa4jz7pnf5n.cloudfront.net/176/_ent/12721/2026/old13710_old12726_imagem1763733884693_v2.png?1767875365912
e8254af4-8438-4038-913a-dacb05b6454b,"2026 R+ Endocrinologia Pediátrica 3 - Tireoide e Adrenal",https://d1jsa4jz7pnf5n.cloudfront.net/79/_ent/1257/2026/corticoides_v2_v5.jpg?1771845208801
e90420bc-28f8-42af-be45-b501294f3ab0,"2026 R+ Reumatologia 2: Miopatias Inflamatórias, Vasculites, Policondrite Recidivante e Doenças Relacionadas ao IgG4",https://d1jsa4jz7pnf5n.cloudfront.net/166/_ent/13528/2026/old1195_imagem_77_26764_35990.jpg?1785769650142
f9444e28-1a81-4649-9061-99d28ca3ebb4,"2026 R+ Endócrino 3 - Suprarrenal, Hipófise, Síndromes Poliglandulares Autoimunes e Neoplasia Endócrina Múltipla",https://d1jsa4jz7pnf5n.cloudfront.net/77/_ent/1192/2026/imagem1719601576516.jpg?1784906864090
ebef4c1b-f69d-4f76-a86d-8d67e6910efe,"2026 - REVALIDAAÇÃO - SISTEMA ÚNICO DE SAÚDE",https://d1jsa4jz7pnf5n.cloudfront.net/117/_ent/12995/2026/imagem1699009557709.png?1778688078149
ec5938b1-0274-4b33-98cc-a529fcc89093,"2026 MED Tosse Crônica",https://d1jsa4jz7pnf5n.cloudfront.net/17/_ent/630-b/2026/imagem1740426506955.jpg?1776890845502
ed650a89-6a95-48d2-8280-38e3a5c59bbc,"2026 R+ ENDOSCOPIA CLM 40",https://d1jsa4jz7pnf5n.cloudfront.net/77/_ent/1202/2026/imagem1664581093695_v6.png?1785509619744
edf4a84f-ff39-4099-9d3e-cf893439a5f0,"2026 MEDBASE DIA 04 SALA 01",https://d1jsa4jz7pnf5n.cloudfront.net/107/_ent/13834/2026/imagem1775755083423.jpg?1775855789499
f278c5e0-9ff5-48fd-b85a-64cbd4181d99,"2026 INTCLM2 NEU",https://d1jsa4jz7pnf5n.cloudfront.net/14/_ent/1435/2026/imagem1751054427519_v2.jpg?1785180423255
f1e5da81-8a59-4f08-9a03-a6be0c2c6812,"2026 - REVALIDAAÇÃO - TRAUMA 1",https://d1jsa4jz7pnf5n.cloudfront.net/117/_ent/12994/2026/imagem1678706598675_v7.png?1778766811158
ffef52a3-d77e-4be6-a8c2-6ac10831c9a3,"2026 MED Avaliação Inicial da Gestação",https://d1jsa4jz7pnf5n.cloudfront.net/17/_ent/661-b/2026/imagem1714158333533_v6.png?1782394911671
f68000a0-31c1-4785-9c06-877296f07b68,"2026 - REVALIDAAÇÃO - GIN 2: ENDOCRINOLOGIA GINECOLÓGICA, SANGRAMENTO UTERINO ANORMAL E ENDOMETRIOSE",https://d1jsa4jz7pnf5n.cloudfront.net/117/_ent/13009/2026/imagem1684861842148_v3.jpg?1781615911682
f6f03b9b-5db0-4c4f-8abd-46b8cddaa2fb,"2026 - REVALIDAAÇÃO - CARDIOLOGIA",https://d1jsa4jz7pnf5n.cloudfront.net/117/_ent/13008/2026/imagem1681742911820.png?1780405810706
f89e9e0b-001b-4d83-8cc1-5fd9e1c331c7,"2026 R+ Cardiologia Pediátrica 1 - Cardiopatias Congênitas",https://d1jsa4jz7pnf5n.cloudfront.net/79/_ent/1253/2026/imagem45.jpg?1769541212458
fbe410a7-b470-4584-9dd4-822fb49e0049,"2026 MEDBASE DIA 04 SALA 02",https://d1jsa4jz7pnf5n.cloudfront.net/107/_ent/13835/2026/imagem1775743793860.jpg?1775855831985
f9c0cb9e-a625-4fbf-b1cb-5b70af7b80fd,"2026 R+ Paciente Crítico 2 - Neurointensivismo e Cuidados Paliativos",https://d1jsa4jz7pnf5n.cloudfront.net/77/_ent/1164-b/2026/2020_DIA_TAB_R3_CLM02_09_v4.jpg?1767797543449
fac65362-d004-4cf4-b4bd-c3e6ea30a19d,"2026 R+ Hepatologia 2 - Complicações da Cirrose",https://d1jsa4jz7pnf5n.cloudfront.net/77/_ent/1166/2026/imagem1704980118463.jpg?1769189909456
fbe6f7dc-03d7-440e-8162-c7c44496dbca,"2026 R+ Neurologia 1 - Doença Cerebrovascular e Neurorradiologia",https://d1jsa4jz7pnf5n.cloudfront.net/77/_ent/1170/2026/imagem106.jpg?1770928759313
"63a9ad40-ce56-4e50-81be-1b1d7428b6a3","2026 MED ATB - INFECÇÕES BACTERIANAS INTRA-ABDOMINAIS",https://d1jsa4jz7pnf5n.cloudfront.net/116/_ent/12940/2026/imagem1694465716095_v3.png?1779395036102
"64dc59ed-bfaa-46c1-9a21-1c8d42785dda","2026 R+ Gastroenterologia 1 - Doenças do Esôfago e do Estômago",https://d1jsa4jz7pnf5n.cloudfront.net/166/_ent/13506/2026/old1167_imagem1704222712485.jpg?1770050677899
"8be193e6-e273-47ed-8ce3-0e88a81bc8c5","2026 MED ATB - INFECÇÕES BACTERIANAS DO TRATO URINÁRIO",https://d1jsa4jz7pnf5n.cloudfront.net/116/_ent/12939/2026/imagem1693493443601_v4.png?1779394714824
"98d7da65-208d-4032-9d8f-e1652576b738","2026 INTCLM1 REU",https://d1jsa4jz7pnf5n.cloudfront.net/14/_ent/1429/2026/imagem1750111988062_v2.jpg?1784050718032
a906a60d-7297-4946-96e3-5545f83399cd,"2026 R+ ENDOSCOPIA CLM 27",https://d1jsa4jz7pnf5n.cloudfront.net/77/_ent/1189/2026/2020_DIA_TAB_R3_CLM27_4_v2_v8.jpg?1780930001840
b487704e-ffa8-4e09-8fd0-e892cd298168,"2026 R+ [PED ESP] - Pneumo EXTRA 1",https://d1jsa4jz7pnf5n.cloudfront.net/166/_ent/13790/2026/old1174_imagem00_v2_v9.jpg?1780922962504
be001a9f-ace7-452e-9e78-bd3b984ae8d0,"2026 R+ Cardiologia 2 - Insuficiência Cardíaca, Miocardiopatias e Pericardiopatias",https://d1jsa4jz7pnf5n.cloudfront.net/77/_ent/1182/2026/imagem45.jpg?1778507096189
c7093389-80f8-4fe9-8940-5e2ca1539d51,"2026 R+ ENDOSCOPIA CLM 08",https://d1jsa4jz7pnf5n.cloudfront.net/77/_ent/1170/2026/imagem106.jpg?1770928759313
eab8024e-b120-48da-b64e-16a0dc55058f,"2026 MED Síndromes Ponderoestaturais, Puberais e do Desenvolvimento Neuropsicomotor",https://d1jsa4jz7pnf5n.cloudfront.net/17/_ent/667/2026/imagem68.jpg?1779203623348
e937aea2-a96d-497e-93b8-5c4e3b5b03b6,"2026 INTCLM1 NEF",https://d1jsa4jz7pnf5n.cloudfront.net/14/_ent/1428/2026/imagem1750101180841.jpg?1783626175260
f3536862-f789-4141-ba82-8102f5fcd333,"2026 MED ATB - PNEUMONIAS BACTERIANAS HOSPITALARES",https://d1jsa4jz7pnf5n.cloudfront.net/116/_ent/12938/2026/imagem1688765349602_v2.jpg?1774628363703
fca31c6f-639c-4a94-ab64-fadcdf36e92a,"2026 R+ Reumatologia 1: Erros Inatos da Imunidade, Anafilaxia, Artropatias Primárias e Colagenoses",https://d1jsa4jz7pnf5n.cloudfront.net/166/_ent/13720/2026/old1194_imagem1720991561022.jpg?1786116208442
"037673de-4ab6-4eb0-8a4b-a55116c41d23","2026 MASTO CIR Queimadura e REMIT",https://d1jsa4jz7pnf5n.cloudfront.net/78/_ent/1214/2026/capa-masto.jpg
"05b8d5ba-491b-4754-8442-0b57b349d961","2026 CPMR D1T - PSI",https://d1jsa4jz7pnf5n.cloudfront.net/101/_ent/12133/2026/barra_branca.jpg?1777400062275
"06b47655-9a1f-48dd-ba62-2649f32ca20a","2026 CPMR D1M - ANAMNESE",https://d1jsa4jz7pnf5n.cloudfront.net/101/_ent/12118/2026/barra_branca.jpg?1777405362497
"070eab1b-3c51-4dbd-8cd7-4cea4d36dc15","2026 - Questões PRÉ-AULA - SEMANA 9 - MDC",https://d1jsa4jz7pnf5n.cloudfront.net/imagens-componentes/preaula-mdc-logo.png
"0752a531-0c60-4595-a0b2-f96143d3d8f2","2026 CPMR PROVA PRAT PRE 02",https://d1jsa4jz7pnf5n.cloudfront.net/101/_ent/12161/2026/imagem1749665128245.png?1776114602084
"0811a906-5fb1-4405-8580-fe9d068f9ef1","2026 CPMR D1T - PED",https://d1jsa4jz7pnf5n.cloudfront.net/101/_ent/12124/2026/barra_branca.jpg?1777397501831
"0848dc94-f131-4384-8826-a44791f9f863","2026 MASTO GO Estudo do Parto 2",https://d1jsa4jz7pnf5n.cloudfront.net/80/_ent/1296/2026/capa-masto.jpg
"0883529d-f17d-4178-976b-2bc9fb02b73d","2026 MASTO GO HAS e Gravidez",https://d1jsa4jz7pnf5n.cloudfront.net/80/_ent/1304/2026/capa-masto.jpg
"0b2c71b9-0e0d-4b6c-8788-e0dd961e1dc1","2026 MASTO CIR Hemorragia Digestiva",https://d1jsa4jz7pnf5n.cloudfront.net/78/_ent/1221/2026/capa-masto.jpg
"0b39d7c7-763f-4712-bbfc-6af6f67bae6c","2026 R+ Obstetrícia Básica",https://d1jsa4jz7pnf5n.cloudfront.net/80/_ent/1163/2026/imagem00_v6.jpg?1766757897443
"0c7452ec-9cdb-4560-b30d-dd0fb429de31","2026 R+ ENDOSCOPIA CIR 37",https://d1jsa4jz7pnf5n.cloudfront.net/78/_ent/1242/2026/capa-endoscopia.jpg
"0d513cdc-d978-4f3d-97cd-fd5080f76d02","2026 TED - Bases da Dermatologia; Dermatoses inflamatórias 1 - Vesicobolhosas",https://d1jsa4jz7pnf5n.cloudfront.net/120/_ent/12685/2026/imagem1706734810788_v9.jpg?1769632652663
"0dd2ab96-2422-4717-b98c-6c8b5fc1d6f5","2026 Trauma",https://d1jsa4jz7pnf5n.cloudfront.net/16/_ent/566/2026/imagem00_v7.jpg?1768327809718
"10eb53fb-2333-4872-bd0e-88e2ea7beb1a","2026 MED Síndromes de Transmissão Sexual",https://d1jsa4jz7pnf5n.cloudfront.net/17/_ent/653/2026/imagem00_v7.jpg?1768244414249
"121200de-8382-4b72-99d5-75037b8623b0","2026 MEDeletro IMED 05 - Taquiarritmia",https://d1jsa4jz7pnf5n.cloudfront.net/88/_ent/1345/2026/imagem00_v5.jpg?1776088009504
"1221ffb6-7895-46cf-aab0-879a0ae8d3cf","2026 MEDBASE DIA 06 SALA 02",https://d1jsa4jz7pnf5n.cloudfront.net/107/_ent/13841/2026/imagem1778777902361.png?1778855427052
"122792e5-26d7-4b85-8bae-8316270ce1b1","2026 R+ Cirurgia do Aparelho Digestivo 5: Baço, Peritônio, Mesentério e Retroperitônio",https://d1jsa4jz7pnf5n.cloudfront.net/78/_ent/1234/2026/imagem00_v2_v2_v5.jpg?1784205432601
"1245c1c5-2a86-412c-8085-879e49278356","2026 MASTO CIR Cirurgia Endócrina 2: Adrenal, Tumores Neuroendócrinos e Neoplasias Endócrinas Múltiplas",https://d1jsa4jz7pnf5n.cloudfront.net/78/_ent/1220/2026/capa-masto.jpg
"138ef3a1-b1c6-4e50-94c0-6b505862c72c","2026 - Questões PRÉ-AULA - SEMANA 36 - MED",https://d1jsa4jz7pnf5n.cloudfront.net/imagens-componentes/preaula-med-logo.png
"139aa6b6-5276-45a8-bdab-381cf7dd1469","2026 R+ Pneumologia 1 - Distúrbios Respiratórios Obstrutivos e Restritivos",https://d1jsa4jz7pnf5n.cloudfront.net/166/_ent/13520/2026/old1185_imagem00_v2_v2_v5.jpg?1781099291882
ee68293e-8bf9-4620-9919-98a53b7ca209,"2026 R+ Reprodução Humana ",https://d1jsa4jz7pnf5n.cloudfront.net/80/_ent/1317/2026/capago26_v5.jpg?1782392535457
"170c3541-e7d5-492d-9558-ea78ecb97206","2026 - Questões PRÉ-AULA - SEMANA 3 - MED",https://d1jsa4jz7pnf5n.cloudfront.net/imagens-componentes/preaula-med-logo.png
"17e8be04-a4b7-4404-b1c2-454fbde179e1","2026 MEDeletro IMED 07 - Isquemia",https://d1jsa4jz7pnf5n.cloudfront.net/88/_ent/1347/2026/imagem00_v4.jpg?1777485242334
"17ef6019-d54f-4faf-9e57-bcad28baf7f5","2026 - Questões PRÉ-AULA - SEMANA 10 - MDC",https://d1jsa4jz7pnf5n.cloudfront.net/imagens-componentes/preaula-mdc-logo.png
"17f3f6cb-1351-43d6-b261-5b6570c253e2","2026 MED Sangramentos da Gravidez",https://d1jsa4jz7pnf5n.cloudfront.net/17/_ent/658/2026/imagem00_v6.jpg?1771502122637
"1825050a-bfd9-4c4f-9c1f-e5e66e9c5cd1","2026 R+ Alergia e Imunologia 1 - Alergias Alimentares e Anafilaxia",https://d1jsa4jz7pnf5n.cloudfront.net/79/_ent/1162/2026/imagem00_v6.jpg?1767032807741
"183a8fab-b1dc-429c-b280-d5bbe467a433","2026 MED Terapia Intensiva",https://d1jsa4jz7pnf5n.cloudfront.net/17/_ent/633-b/2026/imagem00_v2_v6.jpg?1775070633977
"18accc16-fb27-41b3-84cf-d33d5d82963b","2026 - Questões PRÉ-AULA - SEMANA 31 - MDC",https://d1jsa4jz7pnf5n.cloudfront.net/imagens-componentes/preaula-mdc-logo.png
"19de482a-9f8f-4950-bdff-c55722614144","2026 R+ Medicina Fetal 1",https://d1jsa4jz7pnf5n.cloudfront.net/80/_ent/1312/2026/capago21_v6.jpg?1777291373317
"1a62af67-9738-4484-8e08-59ccb98d09bd","2026 - Questões PRÉ-AULA - SEMANA 3 - MDC",https://d1jsa4jz7pnf5n.cloudfront.net/imagens-componentes/preaula-mdc-logo.png
"1fba1275-b322-49fe-8e3a-f6782f687970","2026 CPMR PROVA PRAT PRE 03",https://d1jsa4jz7pnf5n.cloudfront.net/101/_ent/12162/2026/picada_escorpiao_pre_03.jpg?1776113271572
"21de7693-49fe-4450-a806-675b70e2fc2a","2026 CPMED EXTENSIVO - APOSTILA 02 - Procedimentos no Ambulatório e na Atenção Básica",https://d1jsa4jz7pnf5n.cloudfront.net/100/_ent/13588/2026/old11731_imagem00_v5.jpg?1772478427899
"23b817d6-7185-4b98-9ae5-394e27d2410d","2026 - Questões PRÉ-AULA - SEMANA 13 - MDC",https://d1jsa4jz7pnf5n.cloudfront.net/imagens-componentes/preaula-mdc-logo.png
"2433469a-4f44-4c6f-967c-1ff29aca3857","2026 R+ Cardiologia 3 - Arritmias, Síncope e Parada Cardiorrespiratória",https://d1jsa4jz7pnf5n.cloudfront.net/166/_ent/13518/2026/old1183_imagem00_v2_v6.jpg?1779972207134
"25bf4d18-a99f-4bd3-a24f-d7d2214060c6","2026 - Questões PRÉ-AULA - SEMANA 16 - MDC",https://d1jsa4jz7pnf5n.cloudfront.net/imagens-componentes/preaula-mdc-logo.png
"25e1393c-5810-4597-9f26-115f47dd108b","2026 CPMR PROVA PRAT CIR 02",https://d1jsa4jz7pnf5n.cloudfront.net/101/_ent/12146/2026/imagem1718037645466.png?1776113645845
"25f223c2-e2a7-4e66-8901-cfa9451df7ca","2026 R+ HAS e Gravidez",https://d1jsa4jz7pnf5n.cloudfront.net/80/_ent/1304/2026/capago13_v5.jpg?1774542741223
"26ea6bff-c385-40d6-b7fb-bfd71e56f2c5","2026 MED Sistema Único de Saúde",https://d1jsa4jz7pnf5n.cloudfront.net/17/_ent/669/2026/imagem00_v7.jpg?1772137118511
"27f45035-2ec0-41c4-a2bd-86a99d32cfd8","2026 MASTO CIR Anestesiologia",https://d1jsa4jz7pnf5n.cloudfront.net/78/_ent/1208/2026/capa-masto.jpg
"2a603df8-9062-4757-87a8-b4f244df7528","2026 MED Síndrome Metabólica 1 - Hipertensão e Dislipidemia",https://d1jsa4jz7pnf5n.cloudfront.net/17/_ent/629-b/2026/imagem00_v6.jpg?1771529009573
"2decbf52-8781-426c-b25b-d30886853d07","2026 MASTO CIR Nutrição Perioperatória e Complicações Cirúrgicas",https://d1jsa4jz7pnf5n.cloudfront.net/78/_ent/1210/2026/capa-masto.jpg
"3580f812-ece2-40aa-82d5-d1173a9a8bd6","2026 MED Síndrome da Imunodeficiência Adquirida",https://d1jsa4jz7pnf5n.cloudfront.net/17/_ent/632/2026/imagem00_v2_v6.jpg?1776883448491
"38815744-4177-4caa-bbfc-826d5cdb3be4","2026 - RA IV - Cirurgia: Especialidades cirúrgicas",https://d1jsa4jz7pnf5n.cloudfront.net/196/_ent/13851/2026/old13013_imagem1683921010062_v4.jpg?1785952601205
"38fb9a54-1b8d-4ffa-ba2e-8db6ca974a12","2026 R+ Cirurgia do Aparelho Digestivo 1: Esôfago",https://d1jsa4jz7pnf5n.cloudfront.net/78/_ent/1224/2026/imagem00_v2_v2_v2_v2_v2_v2_v2_v6.jpg?1777057071113
"39050f98-15ee-4654-b882-12a27672aa76","2026 - Questões PRÉ-AULA - SEMANA 11 - MDC",https://d1jsa4jz7pnf5n.cloudfront.net/imagens-componentes/preaula-mdc-logo.png
"3aa8c99d-0943-4b8f-95b3-4527427e54e8","2026 MASTO GO Infecções e Gravidez",https://d1jsa4jz7pnf5n.cloudfront.net/80/_ent/1314/2026/capa-masto.jpg
"3ded7ab8-bef5-42ed-a393-13fc8b9ff837","2026 MASTO GO Estudo do Parto 1",https://d1jsa4jz7pnf5n.cloudfront.net/80/_ent/1294/2026/capa-masto.jpg
"406882f8-f4c1-4461-93b2-d815fadf1bb5","2026 R+ Cirurgia Endócrina 2: Adrenal, Tumores Neuroendócrinos e Neoplasias Endócrinas Múltiplas",https://d1jsa4jz7pnf5n.cloudfront.net/78/_ent/1220/2026/imagem00_v2_v6.jpg?1775570080602
"23ef19e6-29f8-4bd9-afb8-c9e55a87ceeb","2026 R+ ENDOSCOPIA CLM 21",https://d1jsa4jz7pnf5n.cloudfront.net/77/_ent/1183/2026/capa-endoscopia.jpg
"434adb72-f3f7-4908-aab2-28fd2070efdd","2026 R+ Cirurgia Pediátrica 2: Afecções das Vias Biliares, Defeitos na Parede Abdominal e Hérnias Diafragmáticas",https://d1jsa4jz7pnf5n.cloudfront.net/78/_ent/1237/2026/imagem00_v2_v6.jpg?1786020047208
"46cf44f9-7aec-4480-8dae-79407b65c3f4","2026 - RA IV - Saúde da Mulher: Oncologia ginecológica (Rastreamento e diagnóstico de câncer ginecológico)",https://d1jsa4jz7pnf5n.cloudfront.net/196/_ent/13818/2026/old13018_imagem1685128458980_v4.png?1782913345229
"48e2e381-ae69-4c52-b085-ddac7f92e1dd","2026 MINIATLAS PEDIATRIA",https://d1jsa4jz7pnf5n.cloudfront.net/105/_ent/12112/2026/medimagem_capa_v2_v2_v6.jpg?1786372464428
"4a182f4e-ec44-4e58-84ff-b7f77363a5b6","2026 CPMR D2 - PROC1",https://d1jsa4jz7pnf5n.cloudfront.net/101/_ent/12134/2026/barra_branca.jpg?1777400402014
"4a7d8550-2b3e-40bd-a340-737a7878cb1e","2026 R+ Transplante Multivisceral",https://d1jsa4jz7pnf5n.cloudfront.net/78/_ent/1222/2026/imagem00_v5.jpg?1776712140569
"50f7f48f-0f94-4134-b7ad-0a2ad2641e22","2026 MASTO CIR Cirurgia do Aparelho Digestivo 1: Esôfago",https://d1jsa4jz7pnf5n.cloudfront.net/78/_ent/1224/2026/capa-masto.jpg
"51cb5d81-4bcf-4c23-b5c6-261486fa27e3","2026 MASTO CIR Materiais cirúrgicos, fluidos e eletrólitos",https://d1jsa4jz7pnf5n.cloudfront.net/78/_ent/1161/2026/capa-masto.jpg
"5518b154-7b2c-45fe-984d-afb4507b8590","2026 MASTO GO Uroginecologia 1",https://d1jsa4jz7pnf5n.cloudfront.net/80/_ent/1311/2026/capa-masto.jpg
"5895944d-75a3-40f7-a3d6-bb708b9e0fff","2026 MASTO CIR Cirurgia Endócrina 1: Tireoide e Paratireoide",https://d1jsa4jz7pnf5n.cloudfront.net/78/_ent/1218/2026/capa-masto.jpg
"58831dac-3bb5-4f89-8e81-8b49ab563649","2026 - Questões PRÉ-AULA - SEMANA 44 - MDC",https://d1jsa4jz7pnf5n.cloudfront.net/imagens-componentes/preaula-mdc-logo.png
"59bb4e5d-fa91-4a5f-a9fe-d0b000160630","2026 R+ Doenças da Parede Abdominal",https://d1jsa4jz7pnf5n.cloudfront.net/78/_ent/1216/2026/old1217_imagem00_v2_v5.jpg?1773319404898
"59df72f5-dcea-4848-89f9-ffa692702d30","2026 R+ ENDOSCOPIA CIR 01",https://d1jsa4jz7pnf5n.cloudfront.net/78/_ent/1161/2026/capa-endoscopia.jpg
"35a4322f-7156-42d1-9a31-6195001f0272","2026 Cirrose Hepática",https://d1jsa4jz7pnf5n.cloudfront.net/16/_ent/606-b/2026/imagem00_v2_v7.jpg?1781280799646
"5d82fe8d-81f0-4a82-933b-def75ecd446b","2026 TED PRÁTICO - Dermatopatologia 1",https://d1jsa4jz7pnf5n.cloudfront.net/178/_ent/13480/2026/imagem1721327633546_v3.jpg?1778188808316
"5ddccd89-7911-435f-bb19-dafa75b93bd6","2026 R+ Hepatologia 1 - Hepatopatias Agudas e Crônicas",https://d1jsa4jz7pnf5n.cloudfront.net/166/_ent/13504/2026/old1165_imagem00_v6.jpg?1769632716772
"5eeeed75-50ff-466f-b7dc-f6864f8a7b4f","2026 R+ ENDOSCOPIA CIR 02",https://d1jsa4jz7pnf5n.cloudfront.net/78/_ent/1207/2026/capa-endoscopia.jpg
fdd01408-906f-4c59-bdd4-3356021ea541,"2026 R+ Genética na Prática Pediátrica",https://d1jsa4jz7pnf5n.cloudfront.net/79/_ent/1260/2026/imagem00_v2_v2_v6.jpg?1773065607112
"60246cb1-30b4-49d2-b4fe-ec92bcb06c5d","2026 R+ Trauma 2: Trauma de Tórax, Face e Pescoço",https://d1jsa4jz7pnf5n.cloudfront.net/78/_ent/1209/2026/imagem00_v7.jpg?1769179270901
"62038b02-560c-42bd-9cce-68e2d7c78aa8","2026 R+ ENDOSCOPIA CIR 08",https://d1jsa4jz7pnf5n.cloudfront.net/78/_ent/1213/2026/capa-endoscopia.jpg
"6206d1e3-356c-49e3-bfe7-fad82b6e7ea4","2026 R+ Endocrinologia Ginecológica 4",https://d1jsa4jz7pnf5n.cloudfront.net/80/_ent/1299/2026/imagem00_go08_v5.jpg?1771612361358
"6644184d-a11d-4582-8f33-bfb9a0ce799a","2026 R+ Trauma 1: Atendimento Inicial ao Politrauma",https://d1jsa4jz7pnf5n.cloudfront.net/78/_ent/1207/2026/imagem00_v6.jpg?1767730764286
"69bdb397-0e23-4cf6-904a-e9939d06b34b","2026 R+ Endócrino 1 - Diabetes Mellitus e Síndrome Metabólica",https://d1jsa4jz7pnf5n.cloudfront.net/166/_ent/13524/2026/old1190_imagem00_v2_v2_v6.jpg?1784726519999
"6a77326f-a913-4496-827a-ead5d3941129","2026 CPMR EXTRA - INEP 7 (2023/2)",https://d1jsa4jz7pnf5n.cloudfront.net/101/_ent/13479/2026/imagem1717800119991_v3.jpg?1776114597424
"6b25c924-7552-4864-8b3b-dafea029919e","2026 Sangramento Uterino Anormal, Leiomiomas Uterinos, Pólipo Uterino, Adenomiose, Endometriose",https://d1jsa4jz7pnf5n.cloudfront.net/16/_ent/596/2026/imagem00_v2_v7.jpg?1777551310631
"6b5626c3-8b52-422b-bfae-2468cb32f58a","2026 R+ ENDOSCOPIA CIR 04",https://d1jsa4jz7pnf5n.cloudfront.net/78/_ent/1209/2026/capa-endoscopia.jpg
"6dbe47ef-13c5-4116-9926-65bb70befd05","2026 CPMR EXTRA - INEP 5 (2022/2)",https://d1jsa4jz7pnf5n.cloudfront.net/101/_ent/13172/2026/imagem1685621735480_v3.jpg?1776114442707
"6ea233fb-48cd-48be-8b1d-bc2a53b94459","2026 R+ Insuficiência ovariana prematura e fisiológica",https://d1jsa4jz7pnf5n.cloudfront.net/80/_ent/1315/2026/capago24_v5.jpg?1780062107619
"71ff93af-78d0-4642-a0e0-e1cf05c8c42f","2026 MASTO GO Endocrinologia Ginecológica 2",https://d1jsa4jz7pnf5n.cloudfront.net/80/_ent/1295/2026/capa-masto.jpg
"77a51e36-44a1-4b8f-98e1-b5b5fec12d23","2026  R+ Neurologia Pediátrica - Aulas Especiais",https://d1jsa4jz7pnf5n.cloudfront.net/166/_ent/13654/2026/imagem1750185668341_v4.jpg?1773246942484
"78d574a0-3434-4924-a170-6ed8f11b1b79","2026 - Questões PRÉ-AULA - SEMANA 19 - MDC",https://d1jsa4jz7pnf5n.cloudfront.net/imagens-componentes/preaula-mdc-logo.png
"7b1c7cc8-22f7-48f7-83c7-eb31b69205d0","2026 R+ Cirurgia Vascular 1: Grandes Vasos",https://d1jsa4jz7pnf5n.cloudfront.net/78/_ent/1232/2026/imagem00_v2_v5.jpg?1782996901273
"7c438ae5-9b2e-4e96-b360-c0b8e145535f","2026 - Questões PRÉ-AULA - SEMANA 17 - MED",https://d1jsa4jz7pnf5n.cloudfront.net/imagens-componentes/preaula-med-logo.png
"7dce3705-7f30-4dd6-87d5-2579c7e82344","2026 - Questões PRÉ-AULA - SEMANA 9 - MED",https://d1jsa4jz7pnf5n.cloudfront.net/imagens-componentes/preaula-med-logo.png
"7dd11063-4d60-4fbb-a0c6-92179528837d","2026 R+ Infectologia 2 - Síndromes Exantemáticas e Grandes Síndromes Febris 1",https://d1jsa4jz7pnf5n.cloudfront.net/79/_ent/1269/2026/imagem00_v2_v7.jpg?1777489665137
"7fb5e885-db90-42de-b26c-261f0cadaee0","2026 R+ ENDOSCOPIA CIR 07",https://d1jsa4jz7pnf5n.cloudfront.net/78/_ent/1212/2026/capa-endoscopia.jpg
"8080c989-f8b8-49fd-98b9-c7545f3dba8d","2026 R+ Reumatologia Pediátrica - principais colagenoses; principais vasculites; AIJ; febre reumática",https://d1jsa4jz7pnf5n.cloudfront.net/79/_ent/1284/2026/imagem00_v2_v5.jpg?1784318344624
"85012b70-e481-48fb-a841-1371e0c863f8","2026 R+ Ortopedia",https://d1jsa4jz7pnf5n.cloudfront.net/79/_ent/1285/2026/imagem00_v2_v5.jpg?1784319487114
"4275955a-6d09-461e-8e94-88bff9dfc4d8","2026 - Questões PRÉ-AULA - SEMANA 28 - MDC",https://d1jsa4jz7pnf5n.cloudfront.net/imagens-componentes/preaula-mdc-logo.png
"8d20607c-3f12-4590-8a45-73795c6ed99a","2026 - Questões PRÉ-AULA - SEMANA 18 - MED",https://d1jsa4jz7pnf5n.cloudfront.net/imagens-componentes/preaula-med-logo.png
"8e1af7c4-e5f1-41aa-b461-18678f86ab82","2026 MASTO CIR Trauma 2: Trauma de Tórax, Face e Pescoço",https://d1jsa4jz7pnf5n.cloudfront.net/78/_ent/1209/2026/capa-masto.jpg
"9d3ff485-1f77-4027-ae62-13c86cdc33d0","2026 MASTO GO Uroginecologia 2",https://d1jsa4jz7pnf5n.cloudfront.net/80/_ent/1313/2026/capa-masto.jpg
"8fff430e-3b93-44d1-b7fb-30ffae335156","2026 R+ ENDOSCOPIA CIR 05",https://d1jsa4jz7pnf5n.cloudfront.net/78/_ent/1210/2026/capa-endoscopia.jpg
"905a4cd6-1387-40ae-9ade-d73c222304ac","2026 R+ Cirurgia Vascular 2: Pequenos Vasos",https://d1jsa4jz7pnf5n.cloudfront.net/78/_ent/1233/2026/imagem00_v2_v5.jpg?1783601766900
"92a6a12f-0bdf-4299-bfe8-07af8ac6d77b","2026 - Questões PRÉ-AULA - SEMANA 39 - MED",https://d1jsa4jz7pnf5n.cloudfront.net/imagens-componentes/preaula-med-logo.png
"94149b17-995a-4ef3-b461-7549d0c028f8","2026 MEDeletro IMED 02 - Traçado Eletrocardiográfico",https://d1jsa4jz7pnf5n.cloudfront.net/88/_ent/1342/2026/imagem00_v5.jpg?1773326697392
"942da4aa-aaf6-4a3a-81df-11c5cc58deb8","2026 MASTO GO Endocrinologia Ginecológica 3",https://d1jsa4jz7pnf5n.cloudfront.net/80/_ent/1297/2026/capa-masto.jpg
"94434261-53bc-4d09-a846-8ea6b5ba704f","2026 MED Síndrome Diarreica",https://d1jsa4jz7pnf5n.cloudfront.net/17/_ent/627/2026/imagem00_v6.jpg?1770298462591
"9454085e-e7b0-4ecf-84d9-96b370b0f6c2","2026 CPMR D1M - COMUNICAÇÃO",https://d1jsa4jz7pnf5n.cloudfront.net/101/_ent/12117/2026/barra_branca.jpg?1777401300527
"95eed79e-588c-406c-97b6-969fe0556c29","2026 MEDeletro IMED 03 - Sobrecargas Cavitárias",https://d1jsa4jz7pnf5n.cloudfront.net/88/_ent/1343/2026/imagem00_v5.jpg?1773323196287
"980df08e-3e9e-498a-b8f9-4860d7a300ae","2026 TED -Oncologia 4: Neoplasias mesenquimais benignas e malignas",https://d1jsa4jz7pnf5n.cloudfront.net/120/_ent/12694/2026/imagem1711985082542_v6.jpg?1775053431229
"995ae72e-ce71-4db4-8b28-d43cb6df22bd","2026 MED Síndrome Urêmica",https://d1jsa4jz7pnf5n.cloudfront.net/17/_ent/626-b/2026/imagem00_v2_v2_v8.jpg?1783694397782
"99c77b7c-c11c-4a3a-85c8-8e7576a14b5b","2026 MASTO GO Ginecologia Geral 2 - Sangramento Uterino",https://d1jsa4jz7pnf5n.cloudfront.net/80/_ent/1309/2026/capa-masto.jpg
"9a8d403c-476b-4f57-a7e2-f1043ac1f3b9","2026 R+ Pré-operatório",https://d1jsa4jz7pnf5n.cloudfront.net/78/_ent/1212/2026/capacir07__v2_v2_v2_v5.jpg?1770994604252
"9b10f24e-9707-4732-aba7-c27de989b6e2","2026 Cartaz Intensivão Preventiva",https://d1jsa4jz7pnf5n.cloudfront.net/14/_ent/896/2026/2021_DIA_CTZ_INT_PRE_v04_F_Page_1_v8.jpg?1784569100256
"9d07092e-e04e-44a1-b622-ec319cc35408","2026 CPMR PROVA PRAT CIR 03",https://d1jsa4jz7pnf5n.cloudfront.net/101/_ent/12147/2026/imagem1667327634586.jpeg?1776113544236
"6efb9799-7326-499b-a025-ac36f0253ce7","2026 R+ ENDOSCOPIA CIR 32",https://d1jsa4jz7pnf5n.cloudfront.net/78/_ent/1237/2026/capa-endoscopia.jpg
a07b65d7-84d4-4d51-a8a2-58172696635c,"2026 MED Síndrome Ictérica",https://d1jsa4jz7pnf5n.cloudfront.net/17/_ent/624/2026/imagem00_v7.jpg?1767379900627
a9c800e8-fdf4-444b-9c35-9ed3b403c4a1,"2026 R+ IST 1 - Corrimentos Genitais",https://d1jsa4jz7pnf5n.cloudfront.net/80/_ent/1303/2026/imagem00_v2_v2_v7.jpg?1773837942341
aa6f9907-968f-48f8-8b37-2a553a29163f,"2026 R+ Cirurgia de Cabeça e Pescoço",https://d1jsa4jz7pnf5n.cloudfront.net/78/_ent/1225/2026/imagem00_v2_v6.jpg?1779282518316
a7b4af57-7545-4429-94e8-627b49698d3a,"2026 MEDIMAGEM 01 - Pneumologia",https://d1jsa4jz7pnf5n.cloudfront.net/105/_ent/12081/2026/2021_MEDIMAGEM-R_CAPA1_v7.jpg?1781104515945
a89c823d-1985-4c65-a3f9-9ddbaa3688ee,"2026 MASTO GO Obstetrícia Básica",https://d1jsa4jz7pnf5n.cloudfront.net/80/_ent/1163/2026/capa-masto.jpg
ab4f47dc-47ae-4c79-8948-abfb91a00d8d,"2026 - Questões PRÉ-AULA - SEMANA 14 - MDC",https://d1jsa4jz7pnf5n.cloudfront.net/imagens-componentes/preaula-mdc-logo.png
ac1435d9-f04d-44ec-849f-b107ee5a4ac4,"2026 R+ Cardiologia Pediátrica 2 - Ambulatório e Emergência",https://d1jsa4jz7pnf5n.cloudfront.net/79/_ent/1254/2026/imagem00_v2_v6.jpg?1770046048060
accb78c6-0528-4ed9-be3b-abad72e84575,"2026 CPMR EXTRA - INEP (2024/2)",https://d1jsa4jz7pnf5n.cloudfront.net/101/_ent/13615/2026/imagem1750180924532_v3.jpg?1776114768249
accfe46a-2da4-41cc-aa6f-89a68d7916e9,"2026 CPMR D1M - ORIENTAÇÃO",https://d1jsa4jz7pnf5n.cloudfront.net/101/_ent/12120/2026/barra_branca.jpg?1777387360228
bd1ddda8-1fda-4ce8-94f5-0e68beb0985a,"2026 CPMR PROVA PRAT CLM 02",https://d1jsa4jz7pnf5n.cloudfront.net/101/_ent/12141/2026/CPMEDR_27268_CLM02_12_6.jpg?1776108702941
b2d11a6c-0d81-4716-b8d3-b5e2ab77d9eb,"2026 R+ Complicações Perinatais",https://d1jsa4jz7pnf5n.cloudfront.net/80/_ent/1298/2026/imagem00_v2_v5.jpg?1770980752522
b6584806-bc16-409f-bf39-25b1519f94c8,"2026 R+ Abdome Agudo",https://d1jsa4jz7pnf5n.cloudfront.net/78/_ent/1219/2026/imagem00_v2_v5.jpg?1775046759017
bcf28212-b44b-47f9-bc08-5836804c9460,"2026 MASTO GO Puerpério",https://d1jsa4jz7pnf5n.cloudfront.net/80/_ent/1310/2026/capa-masto.jpg
be7550eb-0a93-4c7c-94f9-c5c331766230,"2026 TED -Dermatoses infecciosas 5: Infecções sexualmente transmissíveis",https://d1jsa4jz7pnf5n.cloudfront.net/120/_ent/12709/2026/imagem1723548259059_v3.jpg?1784320885139
be87c41e-b5fc-4716-a0cd-e1001d8d626e,"2026 R+ Cirurgia Endócrina 1: Tireoide e Paratireoide",https://d1jsa4jz7pnf5n.cloudfront.net/78/_ent/1218/2026/capa_v2_v5.jpg?1774555160450
c17a541f-cea5-4a42-b246-11cb0f61c299,"2026 - Questões PRÉ-AULA - SEMANA 8 - MED",https://d1jsa4jz7pnf5n.cloudfront.net/imagens-componentes/preaula-med-logo.png
c2b073b6-d9c7-4f36-a02d-b7e4cfe542b3,"2026 R+ Queimadura e REMIT",https://d1jsa4jz7pnf5n.cloudfront.net/78/_ent/1214/2026/imagem00_v2_v5.jpg?1772113719974
c434da24-581e-46e7-a9c6-f1c6fe1cdce8,"2026 - Questões PRÉ-AULA - SEMANA 32 - MED",https://d1jsa4jz7pnf5n.cloudfront.net/imagens-componentes/preaula-med-logo.png
c6888fd2-a54e-4b84-8dcb-8bbbe5ad0952,"2026 O Parto",https://d1jsa4jz7pnf5n.cloudfront.net/16/_ent/681/2026/imagem00_v2_v6.jpg?1771939871828
c68aeb3d-191b-451d-9cf6-69ced2e21db4,"2026 MASTO CIR Cirurgia Pediátrica 1: Afecções do Pescoço e do Trato Gastrointestinal",https://d1jsa4jz7pnf5n.cloudfront.net/78/_ent/1235/2026/capa-masto.jpg
c7ba02da-2e23-4f7b-95ec-4d739f1a7b5f,"2026 CPMR EXTRA - INEP 6 (2023/1)",https://d1jsa4jz7pnf5n.cloudfront.net/101/_ent/13249/2026/imagem1699461771239.jpg?1776114518709
c8682faa-9ab1-468f-8ec1-a29ce3206869,"2026 R+ Neurologia 3 - Doenças dos Nervos e da Placa Motora",https://d1jsa4jz7pnf5n.cloudfront.net/166/_ent/13511/2026/old1172_imagem00_v5.jpg?1772552784095
c93f3eba-b405-4bd5-844e-3cbd27f500a3,"2026 Neonatologia",https://d1jsa4jz7pnf5n.cloudfront.net/16/_ent/693-b/2026/imagem00_v6.jpg?1770138720322
a923a2eb-ab13-4d90-8e07-1956dbccebfa,"2026 R+ Oncologia Ginecológica 3",https://d1jsa4jz7pnf5n.cloudfront.net/80/_ent/1327/2026/capago36_v5.jpg?1784317729133
ca69e6bb-2c8b-402f-9a0a-2a0d7847f906,"2026 - Questões PRÉ-AULA - SEMANA 15 - MED",https://d1jsa4jz7pnf5n.cloudfront.net/imagens-componentes/preaula-med-logo.png
cae0669f-f7f9-4108-a8eb-883fb7d31038,"2026 MASTO GO Ultrassonografia em Ginecologia",https://d1jsa4jz7pnf5n.cloudfront.net/80/_ent/1331/2026/capa-masto.jpg
cbc9e2f6-6140-4a51-b835-26f2e5bc4313,"2026 R+ ENDOSCOPIA CIR 11",https://d1jsa4jz7pnf5n.cloudfront.net/78/_ent/1216/2026/capa-endoscopia.jpg
cd42b780-8a14-421d-9191-48e472f9f319,"2026 - Questões PRÉ-AULA - SEMANA 1 - MDC",https://d1jsa4jz7pnf5n.cloudfront.net/imagens-componentes/preaula-mdc-logo.png
cda83351-b86f-4b1a-b93e-52c03080e698,"2026 CPMED EXTENSIVO - APOSTILA 04 - Procedimentos na Emergência e CTI",https://d1jsa4jz7pnf5n.cloudfront.net/100/_ent/13590/2026/old11720_imagem00_v7.jpg?1772115773201
ce982625-a97e-4eea-b83e-61d902d5b74a,"2026 TED - Bases da Dermatologia: Temas Básicos",https://d1jsa4jz7pnf5n.cloudfront.net/120/_ent/13792/2026/old12685_imagem1706734810788_v9.jpg?1770036627517
d161713d-cd7e-4a33-89ae-91a02f30f3a0,"2026 CPMR D1M - PROCEDIMENTO",https://d1jsa4jz7pnf5n.cloudfront.net/101/_ent/12121/2026/barra_branca_v2_v2.jpg?1777396983879
d6fca26a-5b58-4f95-84c6-7494f5e87a90,"2026 R+ Neurologia Pediátrica 1: Epilepsia e Urgências  Neurológicas  ",https://d1jsa4jz7pnf5n.cloudfront.net/79/_ent/1264/2026/imagem00_v2_v5.jpg?1775568961812
d96abf1d-3235-4a5a-acf3-4a18c11c1ac8,"2026 R+ Gastroenterologia Pediátrica 2 - DRGE, Distúrbios Funcionais e Doenças Hepáticas e Constipação",https://d1jsa4jz7pnf5n.cloudfront.net/79/_ent/1259/2026/imagem00_v2_v6.jpg?1772564642037
db7b9a50-bb64-4c50-b50e-78e01c3b780a,"2026 - RA IV - Saúde da Mulher: Atendimento às intercorrências obstétricas",https://d1jsa4jz7pnf5n.cloudfront.net/196/_ent/13823/2026/old13018_imagem1685128458980_v4.png?1784231507887
dd782e90-feef-496f-9173-11e7a8c363da,"2026 R+ Mastologia 2",https://d1jsa4jz7pnf5n.cloudfront.net/80/_ent/1321/2026/capago30_v5.jpg?1784806255322
e2e1f541-cf50-4b02-aa8b-489cf21ab0b9,"2026 Doenças Articulares",https://d1jsa4jz7pnf5n.cloudfront.net/16/_ent/705/2026/imagem00_v2_v7.jpg?1772208357138
e540012d-92fb-4e26-b8de-04212574f09d,"2026 R+ Infectologia 5 - Parasitoses e Acidentes Com Animais Peçonhentos",https://d1jsa4jz7pnf5n.cloudfront.net/77/_ent/1180/2026/imagem00_v2_v8.jpg?1777390116148
e5e6dacd-a388-46e6-8c56-9be52eb21078,"2026 CPMR PROVA PRAT PED 05",https://d1jsa4jz7pnf5n.cloudfront.net/101/_ent/12154/2026/27281_PED_9_7.jpg?1776107138004
e6c34d6a-753c-44b3-a58f-96679cc43635,"2026 MED Dispneia",https://d1jsa4jz7pnf5n.cloudfront.net/17/_ent/636/2026/imagem00_v2_v6.jpg?1777995385614
ea00e91d-336d-4f68-80d6-ad4644baf962,"2026 R+ ENDOSCOPIA CIR 36",https://d1jsa4jz7pnf5n.cloudfront.net/78/_ent/1241/2026/capa-endoscopia.jpg
ec5a3b69-d171-4171-a6bc-c31182630887,"2026 R+ Paciente Crítico 1 - Cardiointensivismo e Pneumointensivismo",https://d1jsa4jz7pnf5n.cloudfront.net/166/_ent/13502/2026/old1160_imagem00_v6.jpg?1770388350695
f4cd1f3d-7f19-4714-b8c2-6f28af88fd28,"2026 - RA IV - Especialidades Médicas: Neurologia",https://d1jsa4jz7pnf5n.cloudfront.net/196/_ent/13817/2026/old13005_imagem1681403223981_v3.png?1783351021234
f71dcb90-058a-4043-b0f1-75fca1883985,"2026 MASTO CIR Transplante Multivisceral",https://d1jsa4jz7pnf5n.cloudfront.net/78/_ent/1222/2026/capa-masto.jpg
f93061b0-f155-4966-84a1-17c3557555f4,"2026 - Questões PRÉ-AULA - SEMANA 38 - MED",https://d1jsa4jz7pnf5n.cloudfront.net/imagens-componentes/preaula-med-logo.png
f9581e06-0acf-430e-9bfa-d2732646bc99,"2026 MED Obstrução Intestinal",https://d1jsa4jz7pnf5n.cloudfront.net/17/_ent/620/2026/imagem00_v2_v2_v9.jpg?1773345014834
f9dd0436-4e83-4704-a9a5-e09a98ca957f,"2026 MASTO CIR Cirurgia Oncológica 1: Tumores Gastrointestinais",https://d1jsa4jz7pnf5n.cloudfront.net/78/_ent/1215/2026/capa-masto.jpg
fb876f61-0011-4304-af46-64169b70f303,"2026 CPMR PROVA PRAT CLM 05",https://d1jsa4jz7pnf5n.cloudfront.net/101/_ent/12144/2026/2016_DDG_ECG_MDE_ecg-92_L_v01-01_(PROVA_PRATICA_CLM_05)_v2.jpeg?1776109262159
fbcd2cc1-d2d7-4e45-8397-721bf7dedb71,"2026 - Questões PRÉ-AULA - SEMANA 6 - MDC",https://d1jsa4jz7pnf5n.cloudfront.net/imagens-componentes/preaula-mdc-logo.png
fc5f6e51-9fcb-4a4a-8218-d09cb231ab57,"2026 R+ Cirurgia Oncológica 2: Tumores Hepatopancreatobiliares",https://d1jsa4jz7pnf5n.cloudfront.net/78/_ent/1217/2026/imagem00_v2_v5.jpg?1773774587615
"88848b25-267e-4ed2-9e00-e014fbfa3379","2026 - Questões PRÉ-AULA - SEMANA 20 - MED",https://d1jsa4jz7pnf5n.cloudfront.net/imagens-componentes/preaula-med-logo.png
"077e1346-2b92-4ec7-8c9e-d74462e6073d","2026 R+ ENDOSCOPIA CLM 18",https://d1jsa4jz7pnf5n.cloudfront.net/77/_ent/1180/2026/capa-endoscopia.jpg
dd3fd5d1-324c-44e2-91a2-fa625621777c,"2026 MED Epilepsia e Fraqueza Muscular",https://d1jsa4jz7pnf5n.cloudfront.net/17/_ent/641/2026/imagem00_v2_v7.jpg?1781181543741
"2d8f758b-97d0-44d4-a1ba-5e2b9763ab0f","2026 - Questões PRÉ-AULA - SEMANA 27 - MDC",https://d1jsa4jz7pnf5n.cloudfront.net/imagens-componentes/preaula-mdc-logo.png
bc5389de-de75-415f-a0bd-67834cc12040,"2026 - Questões PRÉ-AULA - SEMANA 30 - MDC",https://d1jsa4jz7pnf5n.cloudfront.net/imagens-componentes/preaula-mdc-logo.png
"6ae96348-c119-4b1a-a829-dcdda739823c","2026 R+ Neurologia 3 - Doenças dos Nervos e da Placa Motora",https://d1jsa4jz7pnf5n.cloudfront.net/77/_ent/1172/2026/imagem00_v5.jpg?1772483753125
"6ed0c522-6b11-45b0-b0da-449c08f14855","2026 R+ ENDOSCOPIA CIR 10",https://d1jsa4jz7pnf5n.cloudfront.net/78/_ent/1215/2026/capa-endoscopia.jpg
fbf25ba9-f1b6-42d9-9592-df5ee195c048,"2026 MASTO CIR Cirurgia Vascular 2: Pequenos Vasos",https://d1jsa4jz7pnf5n.cloudfront.net/78/_ent/1233/2026/capa-masto.jpg
"7693e19a-302b-46c4-8aa7-69cd2db68725","2026 - Questões PRÉ-AULA - SEMANA 5 - MED",https://d1jsa4jz7pnf5n.cloudfront.net/imagens-componentes/preaula-med-logo.png
"78040aea-d5e1-4daa-ac22-56e78a16c9fb","2026 MED Síndrome Metabólica 2 - Diabetes",https://d1jsa4jz7pnf5n.cloudfront.net/17/_ent/637/2026/imagem00_v2_v6.jpg?1773351985292
"79efe16a-d064-4267-bad8-7adce63a3160","2026 MED Grandes Síndromes Bacterianas",https://d1jsa4jz7pnf5n.cloudfront.net/17/_ent/628/2026/imagem00_v2_v6.jpg?1775740086066
"7a71cfa6-4fd1-43cc-81f8-8de9050ab3e8","2026 - RA IV - Medicina Preventiva: Epidemiologia aplicada",https://d1jsa4jz7pnf5n.cloudfront.net/196/_ent/13805/2026/old13000_imagem1681496117672_v4.jpg?1779397863637
"7b29c166-67c3-41df-8515-ea31e6d7939e","2026 R+ Neonatologia 2 - Doenças Neonatais 1",https://d1jsa4jz7pnf5n.cloudfront.net/79/_ent/1262/2026/imagem00_v2_v5.jpg?1773783865417
"7ca06e7c-e9ab-4386-97a6-83494bd3905f","2026 MASTO GO Endocrinologia Ginecológica 4",https://d1jsa4jz7pnf5n.cloudfront.net/80/_ent/1299/2026/capa-masto.jpg
"81988ac5-9f3d-40d8-89b5-b28a60a1b54b","2026 R+ Trauma 4: TCE, Trauma Raquimedular e Trauma de Coluna Vertebral",https://d1jsa4jz7pnf5n.cloudfront.net/78/_ent/1213/2026/imagem00_v2_v5.jpg?1771532487329
"87cf08b5-e420-40b4-88f2-83df5407d5df","2026 CPMR D2 - GO",https://d1jsa4jz7pnf5n.cloudfront.net/101/_ent/12131/2026/barra_branca.jpg?1777397949669
"888bc521-fea1-403b-bc13-7e6898417941","2026 R+ Ultrassonografia em Ginecologia",https://d1jsa4jz7pnf5n.cloudfront.net/80/_ent/1331/2026/novacapago40_v5.jpg?1785502464592
"8ea68926-cccc-4a4b-9c76-04c72bb442fc","2026 MASTO CIR Obstrução Intestinal",https://d1jsa4jz7pnf5n.cloudfront.net/78/_ent/1230/2026/capa-masto.jpg
"95406c1a-d644-4fd1-bd5d-cbaaee0cc867","2026 R+ Anestesiologia",https://d1jsa4jz7pnf5n.cloudfront.net/78/_ent/1208/2026/old1216_imagem00_v2_v5.jpg?1768506513359
a44beb41-2bf2-4d5e-9034-329227cc23ab,"2026 MASTO CIR Cirurgia Pediátrica 2: Afecções das Vias Biliares, Defeitos na Parede Abdominal e Hérnias Diafragmáticas",https://d1jsa4jz7pnf5n.cloudfront.net/78/_ent/1237/2026/capa-masto.jpg
a45cf527-41a2-4073-9c2c-5c03864b41e7,"2026 MASTO GO Ginecologia Geral 1 - Dor Pélvica",https://d1jsa4jz7pnf5n.cloudfront.net/80/_ent/1307/2026/capa-masto.jpg
a84d53fb-9d96-4c82-ad98-6cb2b33b5003,"2026 MED Síndromes de Hipertensão Porta e Insuficiência Hepatocelular",https://d1jsa4jz7pnf5n.cloudfront.net/17/_ent/618/2026/imagem00_v6.jpg?1767881560578
a8829972-097d-45ff-a045-de692443d6fc,"2026 - Questões PRÉ-AULA - SEMANA 8 - MDC",https://d1jsa4jz7pnf5n.cloudfront.net/imagens-componentes/preaula-mdc-logo.png
a9086219-d18a-432a-b038-ca78c3c6bf01,"2026 TED PRÁTICO - Dermatoscopia",https://d1jsa4jz7pnf5n.cloudfront.net/178/_ent/13484/2026/imagem1744049507052_v2.jpg?1777562084189
abccefa5-f8ce-442d-a02f-7eb3eee3ab89,"2026 Medidas de Saúde Coletiva",https://d1jsa4jz7pnf5n.cloudfront.net/16/_ent/699/2026/imagem00_v7.jpg?1770231929603
ace89c74-76f0-4709-b45d-87fbf4cb9658,"2026 TED -Dermatoses infecciosas 4: Micologia 2 - Subcutâneas e sistêmicas",https://d1jsa4jz7pnf5n.cloudfront.net/120/_ent/12708/2026/imagem1722971885918_v3.jpg?1783621869530
b10c47ac-c339-4176-b483-1a0d64bc6703,"2026 MASTO CIR Cirurgia do Aparelho Digestivo 6: Pâncreas",https://d1jsa4jz7pnf5n.cloudfront.net/78/_ent/1236/2026/capa-masto.jpg
b27931ea-1e2c-465e-a9f7-d656ea7e5661,"2026 MEDBASE DIA 08 SALA 03",https://d1jsa4jz7pnf5n.cloudfront.net/107/_ent/13848/2026/imagem1780003402945.png?1780089094062
b3b07749-ef63-4a1b-9178-6f95bf7117a8,"2026 - Questões PRÉ-AULA - SEMANA 21 - MDC",https://d1jsa4jz7pnf5n.cloudfront.net/imagens-componentes/preaula-mdc-logo.png
b97c9981-1706-4161-92dd-32128d48e640,"2026 CPMR D2 - PSI",https://d1jsa4jz7pnf5n.cloudfront.net/101/_ent/12127/2026/barra_branca.jpg?1777398230126
bc12a4f5-5e3d-4468-a61c-c1aaa0f83d1f,"2026 MASTO CIR Doenças da Parede Abdominal",https://d1jsa4jz7pnf5n.cloudfront.net/78/_ent/1216/2026/capa-masto.jpg
c57d1d86-6f2e-4e4e-8764-7e400b48225f,"2026 - Questões PRÉ-AULA - SEMANA 10 - MED",https://d1jsa4jz7pnf5n.cloudfront.net/imagens-componentes/preaula-med-logo.png
ccfba5b0-3fc8-418f-818f-602ed57154ae,"2026 CPMR PROVA PRAT GO 01",https://d1jsa4jz7pnf5n.cloudfront.net/101/_ent/12155/2026/imagem1775698877494.png?1776111464799
d3259842-d3bc-45ff-baef-1dff8c9c3bba,"2026 MED Distúrbio Hidroeletrolítico e Ácido-Básico",https://d1jsa4jz7pnf5n.cloudfront.net/17/_ent/635-b/2026/imagem00_v2_v10.jpg?1784813522199
d8406c81-3eb7-4182-aafb-e453ec39b011,"2026 R+ Otorrinopediatria, Oftalmopediatria e Saúde Bucal",https://d1jsa4jz7pnf5n.cloudfront.net/79/_ent/1276/2026/imagem00_v2_v2_v2_v6.jpg?1783600848647
d84b32ab-e304-46cf-be3d-d6d9fee94219,"2026 MEDIMAGEM 07 - Doenças Musculoesqueléticas",https://d1jsa4jz7pnf5n.cloudfront.net/105/_ent/12091/2026/capa_v2_v6.jpg?1784927385001
db11d1c9-6433-4042-a267-e2e9f0c42124,"2026 MASTO GO DM e Gravidez",https://d1jsa4jz7pnf5n.cloudfront.net/80/_ent/1306/2026/capa-masto.jpg
e099b428-1ae5-49b7-a4d0-4debb9149635,"2026 - Questões PRÉ-AULA - SEMANA 12 - MDC",https://d1jsa4jz7pnf5n.cloudfront.net/imagens-componentes/preaula-mdc-logo.png
e1fde4d0-1a40-40e2-8c58-509b7e375329,"2026 CPMR D1T - CLM",https://d1jsa4jz7pnf5n.cloudfront.net/101/_ent/12122/2026/barra_branca.jpg?1777397129268
eeeff742-076a-4787-b0ee-bc59cb86268a,"2026 R+ Pneumologia 1 - Distúrbios Respiratórios Obstrutivos e Restritivos",https://d1jsa4jz7pnf5n.cloudfront.net/77/_ent/1185/2026/imagem00_v2_v2_v5.jpg?1780689406538
ec4c7025-18dd-4b34-8ee4-fc526dcdfeb0,"2026 R+ ENDOSCOPIA CIR 22",https://d1jsa4jz7pnf5n.cloudfront.net/78/_ent/1227/2026/capa-endoscopia.jpg
ede42d97-a674-425e-acbd-16bff32ab53e,"2026 CPMR PROVA PRAT PED 03",https://d1jsa4jz7pnf5n.cloudfront.net/101/_ent/12152/2026/CPMEDR_27279_PED03_13_1.jpg?1776106725373
ef95225f-58e1-4ea3-a2f7-88ff66c7c8fe,"2026 MASTO GO IST 1 - Corrimentos Genitais",https://d1jsa4jz7pnf5n.cloudfront.net/80/_ent/1303/2026/capa-masto.jpg
f7414e38-0a7a-4cf6-b54d-2b69a4fa1a46,"2026 MINIATLAS GINECOLOGIA E OBSTETRÍCIA",https://d1jsa4jz7pnf5n.cloudfront.net/105/_ent/12113/2026/medimagem_capa_v8.jpg?1786377886585
f867b5f5-a937-46be-8b87-d1d889665d76,"2026 MASTO GO Complicações Perinatais",https://d1jsa4jz7pnf5n.cloudfront.net/80/_ent/1298/2026/capa-masto.jpg
f9bd28a2-932b-41f2-a536-7aecc6874ffc,"2026 MED Grandes Síndromes Endócrinas",https://d1jsa4jz7pnf5n.cloudfront.net/17/_ent/638/2026/imagem00_v2_v6.jpg?1773923213256
fb1311d7-db4c-4c89-a9f3-814ca9a6d58c,"2026 CPMR PROVA PRAT CIR 04",https://d1jsa4jz7pnf5n.cloudfront.net/101/_ent/12148/2026/AAO_decubito_0_v2.jpeg?1776113705259
f2f4cb03-e084-463c-8e71-7b8e60ff6f31,"2026 R+ Endocrinologia Ginecológica 1",https://d1jsa4jz7pnf5n.cloudfront.net/80/_ent/1293/2026/imagem00_v2_v6.jpg?1767965719446
"3a17eb14-ab5e-442c-9c45-aa5b64c2ab85","2025 INT TED 1 - Inflamatórias",https://d1jsa4jz7pnf5n.cloudfront.net/176/_ent/12721/2025/imagem1735931079979.jpg?1736430150348
"3a21bd94-f986-4d71-9dd0-290f34bad5c4","2025 R+ Gastroenterologia 2 - Doenças dos Intestinos Delgado e Grosso",https://d1jsa4jz7pnf5n.cloudfront.net/77/_ent/1168/2025/2019_DIA_TAB_R3_CLM06_16_v2_v3.jpg?1737144334860
"3a6efa03-be3e-4ba7-97e3-ee82775caead","2022 Principais Infecções Bacterianas",http://d1jsa4jz7pnf5n.cloudfront.net/16/_ent/611-b/2022/imagem35_v2_v2.jpg?1663695179696
"3a703048-fbbe-466d-b5dc-e144b4ca2874","2024 R+ ENDOSCOPIA CLM 06",https://d1jsa4jz7pnf5n.cloudfront.net/77/_ent/1168/2024/2019_DIA_TAB_R3_CLM06_16_v2_v2.jpg?1705926565480
"3a7da136-d482-4679-ab88-9090c7644779","2025 R+ Cardiologia 2 - Insuficiência Cardíaca, Miocardiopatias e Pericardiopatias",https://d1jsa4jz7pnf5n.cloudfront.net/77/_ent/1182/2025/imagem45.jpg?1746649285216
"3a7e4971-8879-4103-b4a6-8adb71bf252b","2025 TED PRÁTICO - Micologia",https://d1jsa4jz7pnf5n.cloudfront.net/178/_ent/13485/2025/imagem1744347807517.png?1744399677490
"3abb0028-9064-4482-a39c-4a204a14025f","2024 R+ ENDOSCOPIA CLM 02",https://d1jsa4jz7pnf5n.cloudfront.net/77/_ent/1164-b/2024/2020_DIA_TAB_R3_CLM02_09_v2.jpg?1704905799221
"3ac03ab7-5e24-40f8-8eba-25d8c616b60b","2022 CPMR2 D2 - EXTRA 1",http://d1jsa4jz7pnf5n.cloudfront.net/101/_ent/12510/2022/barra_branca.jpg?1668206007900
"3b40fd53-e06b-47aa-8b99-41117d998f7b","2023 R+ ENDOSCOPIA CLM 20",https://d1jsa4jz7pnf5n.cloudfront.net/77/_ent/1182/2023/imagem45.jpg?1683636218168
"3b7b1e9b-3932-492e-8f11-bdcbbf70f691","2025 INTPED - ENAMED 2025",https://d1jsa4jz7pnf5n.cloudfront.net/179/_ent/13675/2025/old741_imagem1753392750702.jpg?1758143339041
"3c5d3545-d091-4561-a877-7a0fda98ea6d","2024 R+ Gastroenterologia 1 - Doenças do Esôfago e do Estômago",https://d1jsa4jz7pnf5n.cloudfront.net/166/_ent/13506/2024/imagem1704222712485.jpg?1723125051812
"3c64ad89-f6f0-4f8b-aa0e-cf34988ad12d","2025 R+ Nefrologia 1 - Síndromes Compartimentais Renais",https://d1jsa4jz7pnf5n.cloudfront.net/166/_ent/13522/2025/imagem1714072222373.jpg?1750764434034
"3c7c6600-35c4-4129-9903-d64811cfdfc0","2024 TED - Dermatoses específicas - Dermatoses ambientais e perfurantes; Distúrbios Atróficos e Escleróticos",https://d1jsa4jz7pnf5n.cloudfront.net/120/_ent/12719/2024/imagem1730404881531.jpg?1736448106744
"3c9fc495-096b-47dc-b881-78be58165300","2023 R+ Clínica Cirúrgica",https://d1jsa4jz7pnf5n.cloudfront.net/77/_ent/1201/2023/2022_DDG_APO_Rmais_CLM39_manobraepley_A_01.jpg?1695154211551
"3d4cf768-a00b-4831-86d4-2ee7961947ce","2022 MED Síndromes Anêmicas",http://d1jsa4jz7pnf5n.cloudfront.net/17/_ent/644-b/2022/imagem82_v2.jpg?1657747841678
"415b6507-95e4-4d5a-9b4a-18a60cc71fed","2022 CPMR2 D2 - EXTRA 2",http://d1jsa4jz7pnf5n.cloudfront.net/101/_ent/12511/2022/barra_branca.jpg?1668205852171
"55708b35-bc1e-4cf9-9323-7b34c12477f3","2025 MED Avaliação Inicial da Gestação",https://d1jsa4jz7pnf5n.cloudfront.net/17/_ent/661-b/2025/imagem1714158333533_v4.png?1750427152298
"55af18b4-cabd-47e0-a196-cace57629c27","2024 Neurologia",https://d1jsa4jz7pnf5n.cloudfront.net/16/_ent/679-b/2024/imagem1723817987297_v2.jpg?1727178061005
"55cbab01-b871-4f2f-b0a2-eebfa8c54b25","2024 R+ Hematologia 1 - Abordagem das Anemias",https://d1jsa4jz7pnf5n.cloudfront.net/77/_ent/1198/2024/imagem1717772699408.jpg?1723666715082
"562178c1-f4a5-47ee-9790-f7efbe03723d","2023 R+ Infectologia 2 - Infecções Pulmonares",https://d1jsa4jz7pnf5n.cloudfront.net/77/_ent/1177/2023/imagem74.jpg?1681138378414
"56a6a507-8a34-47c3-a2cf-2ab8ab80cfcc","2024 MED Oncologia 2",https://d1jsa4jz7pnf5n.cloudfront.net/17/_ent/622-b/2024/imagem1712263127755.png?1715178901628
"56bea8ea-0196-4c68-a0ee-fa1e6a7b26f2","2022 R+ Infectologia 1 - Principais Infecções Bacterianas",http://d1jsa4jz7pnf5n.cloudfront.net/77/_ent/1176/2022/imagem56.jpg?1649270937577
"56c76520-c709-47b3-a045-6e3dfee1aba1","2023 R+ ENDOSCOPIA CLM 34",https://d1jsa4jz7pnf5n.cloudfront.net/77/_ent/1196/2023/imagem02.jpg?1691786295610
"57021356-6e84-4492-a979-c715e340f37b","2023 R+ ENDOSCOPIA CLM 16",https://d1jsa4jz7pnf5n.cloudfront.net/77/_ent/1178/2023/imagem71.jpg?1681472367835
"5783d28b-3d74-4908-a1c3-b83413953e41","2025 Introdução à Hepatologia, Hepatites Virais Agudas, Hepatites Virais Crônicas, Insuficiência Hepática Aguda",https://d1jsa4jz7pnf5n.cloudfront.net/16/_ent/605/2025/imagem1743692935188_v2.jpg?1749502476079
"578e6d7c-ad81-4b9a-a8aa-678b58ae3e79","2025 - REVALIDAAÇÃO - SANGRAMENTOS NA GESTAÇÃO",https://d1jsa4jz7pnf5n.cloudfront.net/117/_ent/12993/2025/imagem1679502184992_v3.jpg?1746211474292
"57a26e2c-6879-4fa5-88db-2e1e2c949e7a","2022 TEGO Sofrimento Fetal",http://d1jsa4jz7pnf5n.cloudfront.net/80/_ent/1308/2022/imagem40.jpg?1650475312967
"57c7daba-cbc1-40e1-a10f-75f897c3d82e","2023 TEGO Medicina Fetal 3",https://d1jsa4jz7pnf5n.cloudfront.net/80/_ent/1319/2023/imagem40.jpg?1688654151740
"5802b335-47e5-471e-a2de-fcb1e1bfcee9","2023 REVALIDAAÇÃO2 - CLÍNICA MÉDICA - GASTROENTEROLOGIA",https://d1jsa4jz7pnf5n.cloudfront.net/117/_ent/12996/2023/imagem1679661130738.jpg?1699304954066
"580ee2a1-635a-44f1-a237-49e83c9a4e39","2022 R+ Reumatologia 2 - Miopatias Inflamatórias, Vasculites, Policondrite Recidivante, Doenças Relacionadas ao IgG4 e Autoinflamatórias",http://d1jsa4jz7pnf5n.cloudfront.net/77/_ent/1195/2022/imagem_77_26764_35990.jpg?1660921814780
"582f0343-87aa-4208-a3e8-3112babcf01d","2024 VENTILAMED Modos ventilatórios convencionais e ajustes iniciais",https://d1jsa4jz7pnf5n.cloudfront.net/104/_ent/12074/2024/2021_DGR_APO_VEMED_figu20_A_01_v2.jpg?1721135770825
"586c6ac6-1556-4b6b-850b-20cb56033cc3","2024 - REVALIDAAÇÃO - CARDIOLOGIA",https://d1jsa4jz7pnf5n.cloudfront.net/117/_ent/13008/2024/imagem1681742911820.png?1715958280510
"58d25e35-4048-4995-9dea-402a971d8856","2023 R+ ENDOSCOPIA CIR 33",https://d1jsa4jz7pnf5n.cloudfront.net/78/_ent/1238/2023/imagem54.jpg?1692015872140
"59277aec-fac1-441a-bdcb-f38dade032b0","2024Introdução à Hepatologia, Hepatites Virais Agudas, Hepatites Virais Crônicas, Insuficiência Hepática Fulminante",https://d1jsa4jz7pnf5n.cloudfront.net/16/_ent/605/2024/imagem1715266517235.jpg?1717597452782
"598f3899-3708-4c77-8ef3-a1abaefa2482","2024 Infecções Sexualmente Transmissíveis",https://d1jsa4jz7pnf5n.cloudfront.net/16/_ent/600-b/2024/imagem1720540023715_v2.png?1727096857828
"5a0a3116-fa6b-41dc-832c-2dcde7846a0e","2023 REVALIDAAÇÃO2 - HEMATOLOGIA",https://d1jsa4jz7pnf5n.cloudfront.net/117/_ent/13014/2023/imagem1699648640126.jpg?1703613137597
"5a0d9ecb-0f24-4965-9fd4-7fc7980fcc1a","2022 As Plaquetas e a Hemostasia",http://d1jsa4jz7pnf5n.cloudfront.net/16/_ent/603/2022/imagem30_v2.jpg?1649958744039
"200ffcc0-1db1-4825-9140-74eff8b9fee9","2025 R+ Reumatologia 1: Erros Inatos da Imunidade, Anafilaxia, Artropatias Primárias e Colagenoses",https://d1jsa4jz7pnf5n.cloudfront.net/166/_ent/13527/2025/old1194_imagem1720991561022.jpg?1755091972218
"2a12860e-f240-451a-a27b-187b53136fb4","2024 VENTILAMED A escolha do suporte ventilatório ",https://d1jsa4jz7pnf5n.cloudfront.net/104/_ent/12073/2024/imagem_v2_v2.jpg?1720613577085
"2a80e146-1db9-46ef-9617-2a1703c58dca","2025 R+ ENDOSCOPIA CLM 05",https://d1jsa4jz7pnf5n.cloudfront.net/77/_ent/1167/2025/imagem1704222712485.jpg?1738180447488
"31ce1e56-f3cc-4bfc-adda-fde6db05b99f","2025 TED -Distúrbios do Anexos 3: Tricologia 1",https://d1jsa4jz7pnf5n.cloudfront.net/120/_ent/12719/2025/imagem1760357271048_v2.PNG?1760386607095
"3f7fe5d1-90c5-479b-9ece-0c3d629c7516","2025 R+ ENDOSCOPIA CLM 02",https://d1jsa4jz7pnf5n.cloudfront.net/77/_ent/1164-b/2025/2020_DIA_TAB_R3_CLM02_09_v3.jpg?1735841061510
"21645472-67e3-471d-9128-02a6111e7f0d","2024 Principais Doenças Pulmonares",https://d1jsa4jz7pnf5n.cloudfront.net/16/_ent/696-b/2024/imagem1718120026434.jpg?1723743919797
"0a7d8824-5bdd-4112-b562-26fa24bea4f6","2023 MEDIMAGEM 02 - Cardiologia",https://d1jsa4jz7pnf5n.cloudfront.net/105/_ent/12082/2023/imagem1685563695736_v2.jpg?1686072517104
"216a9e54-a6fe-4fa9-b96d-9c813f7eb9e3","2025 R+ ENDOSCOPIA CLM 34",https://d1jsa4jz7pnf5n.cloudfront.net/77/_ent/1196/2025/imagem1753711322111.jpg?1755178785656
"0c0fa6c4-07ed-48f6-b781-2199df5d6556","2025 VENTILAMED Modos ventilatórios convencionais e ajustes iniciais",https://d1jsa4jz7pnf5n.cloudfront.net/104/_ent/12074/2025/imagem1727718679450.jpg?1752503933895
"0c138365-a6bc-4d24-b64f-3d53456b218f","2023 - REVALIDAAÇÃO - TRAUMA 1",https://d1jsa4jz7pnf5n.cloudfront.net/117/_ent/12994/2023/imagem1678706598675_v4.png?1681735448508
"0c3ae87a-856c-477c-94e9-3dd1fa0cc816","2023 VENTILAMED A escolha do suporte ventilatório ",https://d1jsa4jz7pnf5n.cloudfront.net/104/_ent/12073/2023/imagem_v2_v2.jpg?1682519541540
"0c4d7e10-6926-4610-8cec-43535cc1c73e","2024 REVALIDAAÇÃO2 -ASSISTÊNCIA PRÉ-NATAL E PARTO",https://d1jsa4jz7pnf5n.cloudfront.net/117/_ent/13003/2024/imagem1680793496711_v2.jpg?1732628404653
"0d284212-acef-42e6-b510-91d09321eff6","2023 REVALIDAAÇÃO2 - REUMATOLOGIA",https://d1jsa4jz7pnf5n.cloudfront.net/117/_ent/13011/2023/imagem1682001072749_v2.jpg?1702314647570
"0d312b22-5ffe-4e0d-939a-06648d9ca082","2023 Principais Doenças Pulmonares",https://d1jsa4jz7pnf5n.cloudfront.net/16/_ent/696-b/2023/imagem92.jpg?1692819498996
"0d4f3431-5bb0-4121-95b2-280cca3bfdd0","2025 TED -Oncologia 1: Nevos melanocíticos e melanoma",https://d1jsa4jz7pnf5n.cloudfront.net/120/_ent/12691/2025/imagem1741880635584_v2.png?1741986513471
"0e777cb7-7d39-4b3e-bc42-a1eb6dab9575","2022 R+ Geriatria - Alterações Fisiológicas, Avaliação Geriátrica, Síndromes Geriátricas e Doenças Neurodegenerativas",http://d1jsa4jz7pnf5n.cloudfront.net/77/_ent/1173/2022/imagem21_v2_v2.jpg?1647458207274
"0ec30ba2-bf48-4998-96c5-c869bd43d8c3","2024 VENTILAMED ASMA, DPOC e Doenças Neuromusculares",https://d1jsa4jz7pnf5n.cloudfront.net/104/_ent/12078/2024/4_v2_v5.jpg?1723129529074
"0f491dea-bd40-48dd-bb20-789db3262018","2023 R+ Gastroenterologia 3 - Doenças do Pâncreas",http://d1jsa4jz7pnf5n.cloudfront.net/77/_ent/1169/2023/imagem28.jpg?1674756722591
"0fd48e4f-0ceb-45ac-b1a9-2f74e85099ac","2025 REVALIDAAÇÃO2 - REUMATOLOGIA",https://d1jsa4jz7pnf5n.cloudfront.net/117/_ent/13011/2025/imagem1682001072749_v2.jpg?1765301980306
"0ffb4d4f-473d-4545-b2b7-753ee3e4554f","2024 TED - Dermatoses por protozoários e outros parasitas",https://d1jsa4jz7pnf5n.cloudfront.net/120/_ent/12704/2024/imagem1721073693683.png?1726146221479
"105c7cd6-a7b8-48f1-b8ed-4835785a239c","2025 MED Síndromes Anêmicas",https://d1jsa4jz7pnf5n.cloudfront.net/17/_ent/640-b/2025/imagem1715717110059_v2.jpg?1753290919311
"108d644c-20a0-4ddd-95b1-c273c604341d","2025 Apostila Intensivão - OBS",https://d1jsa4jz7pnf5n.cloudfront.net/14/_ent/13478/2025/imagem1753207712005.jpg?1757427025160
"10d1bb7f-8ada-4477-9d93-e878e4c51809","2023 R+ Nefrologia 3 - Distúrbios Eletrolíticos e Acidobásicos",https://d1jsa4jz7pnf5n.cloudfront.net/77/_ent/1189/2023/2020_DIA_TAB_R3_CLM27_4_v2_v4.jpg?1687887093912
"1234157c-bb07-43c2-bec9-622d2c6063bb","2024 R+ Pneumologia 2 - Outras Doenças Pulmonares, Doenças Vasculares, Mediastinais e Pleurais",https://d1jsa4jz7pnf5n.cloudfront.net/166/_ent/13521/2024/imagem1714070091739.jpg?1723143066927
"20828122-9bc2-499f-af97-4ccd00989977","2022 R+ Nefrologia 3 - Distúrbios Eletrolíticos e Acidobásicos",http://d1jsa4jz7pnf5n.cloudfront.net/77/_ent/1189/2022/2020_DIA_TAB_R3_CLM27_4_v2_v3.jpg?1657115137581
"20ac01bc-48c0-48b6-aa74-d6c7b2217a3b","2022 VENTILAMED SDRA e COVID-19",http://d1jsa4jz7pnf5n.cloudfront.net/104/_ent/12077/2022/VMED-9.jpg?1652283516671
"20f3dd33-afa1-4585-960a-02521e8657b2","2023 MED ATB - TRATAMENTO DAS INFECÇÕES BACTERIANAS ORTOPÉDICAS & INTERPRETAÇÃO DO ANTIBIOGRAMA",https://d1jsa4jz7pnf5n.cloudfront.net/116/_ent/12944/2023/imagem1692821999905.jpg?1696853083648
"22d6a27b-61ad-4693-9f63-ba9620d5956b","2024 R+ Cardiologia 1 - Hipertensão Arterial Sistêmica e Valvulopatias",https://d1jsa4jz7pnf5n.cloudfront.net/77/_ent/1181/2024/imagem1712599365981.jpg?1715113033633
fd43d8d1-fe1b-4674-97cc-b91aa92dedf5,"2023 CPMR2 D2 - EXTRA 3",https://d1jsa4jz7pnf5n.cloudfront.net/101/_ent/12512/2023/barra_branca.jpg?1699968269762
"132086d1-a49c-4770-8ead-5f045e717b59","2025 R+ Neurologia 2 - Cefaleias e Epilepsia",https://d1jsa4jz7pnf5n.cloudfront.net/166/_ent/13510/2025/imagem1706212540606.jpg?1742577787034
"13c886ad-6a87-4d66-8f3f-3c5ccb40b1a4","2025 R+ ENDOSCOPIA CLM 15",https://d1jsa4jz7pnf5n.cloudfront.net/77/_ent/1177/2025/imagem1710329302623.jpg?1742501301173
"149f91d0-06ed-4428-a3fa-39edf30e2cb8","2024 MASTO CIR Doenças da Parede Abdominal",https://d1jsa4jz7pnf5n.cloudfront.net/78/_ent/1217/2024/imagem1709750529895.jpg?1710775463286
"14a5f8df-f018-43f9-a734-d9ab375138f1","2022 R+ ENDOSCOPIA CLM 36",http://d1jsa4jz7pnf5n.cloudfront.net/77/_ent/1198/2022/imagem67.jpg?1662654607723
"14b8f7e3-9206-4031-ba3e-a573eb8885ac","2024 MED ATB - INFECÇÕES BACTERIANAS INTRA-ABDOMINAIS",https://d1jsa4jz7pnf5n.cloudfront.net/116/_ent/12940/2024/imagem1694465716095_v3.png?1716835324197
"14b992f4-cb39-4d6f-9dd6-53ac0174cdca","2024 R+ Nefrologia 1 - Síndromes Compartimentais Renais",https://d1jsa4jz7pnf5n.cloudfront.net/77/_ent/1187/2024/imagem1714072222373.jpg?1717699728752
"14ff2178-b4c7-4f4d-9da7-47060ea6532b","2025 R+ ENDOSCOPIA CLM 38",https://d1jsa4jz7pnf5n.cloudfront.net/77/_ent/1200/2025/imagem1724333391157_v3.png?1756130844364
"15781778-02a4-480c-9c3e-dacae2beb758","2023 R+ Dermatologia - das Lesões Elementares às Grandes Dermatoses",https://d1jsa4jz7pnf5n.cloudfront.net/77/_ent/1197/2023/(1)249002-1e8eb7b0-f323-4e71-952c-c74b9db40729.png?1692710665605
"16af0f1f-3920-4cad-b0ce-195c655b93f6","2025 INT TED 3 - Reumato-Hemato-Farmaco",https://d1jsa4jz7pnf5n.cloudfront.net/176/_ent/12723/2025/imagem1737650121738_v2.png?1737729642507
"16ba8626-d5fe-48ae-a15d-f3b8c2799346","2025 Apostila Intensivão - Preventiva",https://d1jsa4jz7pnf5n.cloudfront.net/14/_ent/742/2025/imagem1748391436833.jpg?1753885385045
"16bc0a8a-4dcc-4bbc-85ee-1f28b8dccab6","2022 Envolvimento Renal nas Doenças Sistêmicas",http://d1jsa4jz7pnf5n.cloudfront.net/16/_ent/1128/2022/imagem22.jpg?1640283941461
"179a8a4c-7442-43ea-bc29-eef99dabde19","2024 RADIOLOGIA 02",https://d1jsa4jz7pnf5n.cloudfront.net/53/_ent/12929/2024/imagem1665258891417_v2.jpg?1730482503208
"182c616f-a65b-4906-8926-373ab37a4136","2024 TEGO Sofrimento Fetal",https://d1jsa4jz7pnf5n.cloudfront.net/80/_ent/1308/2024/imagem1679997288813.jpg?1712846056729
"18dfb7b0-886c-479e-88a8-2b56af2dc722","2024 R+ Oncologia 4 - Tumores Gastrointestinais II",https://d1jsa4jz7pnf5n.cloudfront.net/77/_ent/1205/2024/imagem1725471470469.jpg?1726688412687
"19191566-08cf-44c7-b6f0-3b54dde926bf","2022 R+ Oncologia 1 - Tumores da Cabeça, Pescoço e Tórax",http://d1jsa4jz7pnf5n.cloudfront.net/77/_ent/1202/2022/imagem1664581093695_v2.png?1665167484479
"22b16aa9-9282-41d8-b912-efd1d416da1b","2022 R+ Infectologia 4 - Principais Síndromes Febris",http://d1jsa4jz7pnf5n.cloudfront.net/77/_ent/1179/2022/imagem81.jpg?1651093760354
"191ce481-957b-40ad-8f53-d49c6af242d2","2023 RADIOLOGIA 02",https://d1jsa4jz7pnf5n.cloudfront.net/53/_ent/12929/2023/imagem1665258891417.jpg?1695409068069
"1a5146db-4140-49fd-a31f-055c5e2e5eb6","2022 R+ Cardiologia 2 - Insuficiência Cardíaca, Miocardiopatias e Pericardiopatias",http://d1jsa4jz7pnf5n.cloudfront.net/77/_ent/1182/2022/imagem45.jpg?1652808442980
"1a789482-ad99-410f-aa94-f66a5b56c87e","2021 Fórcipe, Sofrimento Fetal Agudo e Crônico, Puerpério",http://d1jsa4jz7pnf5n.cloudfront.net/16/2021/25258/imagem74.jpg?1630941152960
"1b990f90-a2e8-4dbd-9446-e3cfa98a2994","2025 R+ Medicina Fetal 3",https://d1jsa4jz7pnf5n.cloudfront.net/80/_ent/1319/2025/imagem1718066059617.jpg?1751465271120
"1ba713d5-12a7-4400-98af-2e80023ee044","2023 R+ Reumatologia 2 - Miopatias Inflamatórias, Vasculites, Policondrite Recidivante, Doenças Relacionadas ao IgG4 e Autoinflamatórias",https://d1jsa4jz7pnf5n.cloudfront.net/77/_ent/1195/2023/imagem_77_26764_35990.jpg?1691701782937
"1bd9b37c-f57f-49b9-95e8-bafd846f4a77","2022 MEDIMAGEM R 11 - Ginecologia",http://d1jsa4jz7pnf5n.cloudfront.net/105/_ent/12090/2022/obstrucao_infravesica_01.jpg?1660312081812
"1cce4471-72bd-41e3-be81-a84eb34a9dec","2021 MED Amenorreia e Infertilidade",http://d1jsa4jz7pnf5n.cloudfront.net/17/2021/25222/imagem74_v2.jpg?1627417542428
"1d87bf8a-c867-4a6a-a467-0787d8bd8d68","2023 - REVALIDAAÇÃO - DOENÇAS INFECCIOSAS PREVALENTES NA INFÂNCIA",https://d1jsa4jz7pnf5n.cloudfront.net/117/_ent/13010/2023/imagem1682263494965.jpg?1685375575582
fd4b6915-4594-4c7a-87ea-440a26f9e5cd,"2025 R+ ENDOSCOPIA CLM 43",https://d1jsa4jz7pnf5n.cloudfront.net/77/_ent/1205/2025/imagem1725471470469.jpg?1756996448172
"1d971cb7-cfb1-4e85-bc55-e19f7c095082","2022 CPMR2 D2 - EXTRA 3",http://d1jsa4jz7pnf5n.cloudfront.net/101/_ent/12512/2022/barra_branca.jpg?1668206070186
"1df44abe-06c0-4c4e-992a-3c20b4ca63cc","2024 CPMR2 D2 - EXTRA 1",https://d1jsa4jz7pnf5n.cloudfront.net/101/_ent/12187/2024/barra_branca.jpg?1731611769760
"1e881c76-3137-4846-9387-1642ed45220d","2025 - REVALIDAAÇÃO - TRAUMA 1",https://d1jsa4jz7pnf5n.cloudfront.net/117/_ent/12994/2025/imagem1678706598675_v7.png?1746543197920
"228e92b0-1d7d-442c-9ff5-e7ecc71aaf45","2025 - REVALIDAAÇÃO - PREVENTIVA - VIGILÂNCIA DA SAÚDE, SAÚDE DO TRABALHADOR E ÉTICA MÉDICA",https://d1jsa4jz7pnf5n.cloudfront.net/117/_ent/13006/2025/imagem1747999634067_v2.png?1748539009056
"2367a64b-224c-4b4b-a373-939522b607c6","2023 REVALIDAAÇÃO2 - PUERICULTURA",https://d1jsa4jz7pnf5n.cloudfront.net/117/_ent/12997/2023/imagem1699472139346.png?1700250175671
"237cf918-712a-49d0-bd3a-82bab916ed0e","2022 MED Doenças Clínicas na Gravidez",http://d1jsa4jz7pnf5n.cloudfront.net/17/_ent/659/2022/2022_DIA_APO_MED_OBS02_TABELAS_v02_3_v2.jpg?1649762932585
"23d9f3fd-4421-4ef9-84aa-19cb2e22d553","2025 R+ Grandes Emergências Pediátricas 2 - Trauma Pediátrico",https://d1jsa4jz7pnf5n.cloudfront.net/79/_ent/1274/2025/imagem1683663321036_v2.jpg?1749652762969
"23eb9608-b3e4-47a0-a8e4-3f597876885d","2023 MED Doenças Clínicas na Gravidez",https://d1jsa4jz7pnf5n.cloudfront.net/17/_ent/659/2023/2022_DIA_APO_MED_OBS02_TABELAS_v02_3_v4.jpg?1681140070371
"2424d6a0-94e1-4658-821b-0dc536288908","2025 R+ Reumatologia 3 - Osteoartrite, Gota, Fibromialgia, Febre Reumática e Artrite Séptica",https://d1jsa4jz7pnf5n.cloudfront.net/77/_ent/1196/2025/imagem1753711322111.jpg?1755178785656
"24970d8d-5284-40f1-bb1e-b0a1fb2425fa","2022 VENTILAMED Desmame Ventilatório ",http://d1jsa4jz7pnf5n.cloudfront.net/104/_ent/12079/2022/25_v2.jpg?1652878671351
"24af93d9-595a-4e05-8747-a5f18be9b54e","2025 R+ Infectologia 1 - Principais Infecções Bacterianas",https://d1jsa4jz7pnf5n.cloudfront.net/166/_ent/13512/2025/imagem1709759914953.png?1744052287063
"24d2512f-d9cd-44ef-a3ed-cb38712c03de","2023 VENTILAMED ASMA, DPOC e Doenças Neuromusculares",https://d1jsa4jz7pnf5n.cloudfront.net/104/_ent/12078/2023/4_v2_v5.jpg?1683899596966
"2500fdb6-e509-42e9-ad50-f76949f67790","2022 Introdução à Hepatologia; Hepatites virais agudas; Hepatites virais crônicas; Insuficiência hepática aguda",http://d1jsa4jz7pnf5n.cloudfront.net/16/_ent/605/2022/imagem47_v3.jpg?1653996804883
"2545525d-8e4f-4c68-a2b5-b7365feafecd","2024 TED - Oncologia 3: Neoplasias benignas epiteliais; Neoplasias mesenquimais benignas e malignas",https://d1jsa4jz7pnf5n.cloudfront.net/120/_ent/12693/2024/imagem1719495532276.jpg?1719581008742
"2abcb6d7-5754-4275-bbc7-f13aeaf1fcd8","2023 R+ ENDOSCOPIA CLM 40",https://d1jsa4jz7pnf5n.cloudfront.net/77/_ent/1202/2023/imagem1664581093695_v3.png?1695737187723
"25617690-49e2-484a-99d8-e8acfa77d1bb","2024 TED - Dermatoses específicas - Afecções ulcerosas e da mucosa oral; Ciclos de vida e Psicodermatologia",https://d1jsa4jz7pnf5n.cloudfront.net/120/_ent/12720/2024/imagem1736964583912.png?1737121130826
"25736d04-6c07-48de-a472-2509700ade68","2024 TEGO Medicina Fetal 3",https://d1jsa4jz7pnf5n.cloudfront.net/80/_ent/1319/2024/imagem1718066059617.jpg?1720025028177
"257de207-7386-4b59-9b31-46ae943d637f","2024 R+ Nefrologia 1 - Síndromes Compartimentais Renais",https://d1jsa4jz7pnf5n.cloudfront.net/166/_ent/13522/2024/imagem1714072222373.jpg?1723143339791
"25801911-901f-4d42-aa47-b4bc3d9fb60a","2024 - REVALIDAAÇÃO - TRAUMA 1",https://d1jsa4jz7pnf5n.cloudfront.net/117/_ent/12994/2024/imagem1678706598675_v7.png?1714996520886
"25b89772-2a4d-4fc2-a60b-4b89b375439e","2024 MED ATB - PNEUMONIAS BACTERIANAS COMUNITÁRIAS",https://d1jsa4jz7pnf5n.cloudfront.net/116/_ent/12937/2024/imagem1692647873844_v5.png?1715885634478
"25e21cf2-79b5-4448-9705-f52ab63b4557","2025 REVALIDAAÇÃO2 - CLÍNICA MÉDICA - GASTROENTEROLOGIA",https://d1jsa4jz7pnf5n.cloudfront.net/117/_ent/12996/2025/imagem1712423151684.jpg?1761588782206
"26a4b360-2bdc-4bbb-aa2a-4927d1a71efe","2024 REVALIDAAÇÃO2 - NEFROLOGIA",https://d1jsa4jz7pnf5n.cloudfront.net/117/_ent/13012/2024/imagem1685476911213.jpg?1734361147593
"27468e63-dd27-46bf-8c2d-2aa3f157b4b0","2024 - REVALIDAAÇÃO - DOENÇAS INFECCIOSAS PREVALENTES NA INFÂNCIA",https://d1jsa4jz7pnf5n.cloudfront.net/117/_ent/13010/2024/imagem1682263494965.jpg?1717428663988
"2941725c-cfcb-4cff-862c-4efcbb249257","2025 R+ [PED ESP] Geriatria - Alterações Fisiológicas, Avaliação Geriátrica, Síndromes Geriátricas e Doenças Neurodegenerativas",https://d1jsa4jz7pnf5n.cloudfront.net/166/_ent/13681/2025/imagem21_v2_v2.jpg?1749488414584
"2a4ca5a5-8869-4bca-af8e-d0584f49ce2f","2024 - REVALIDAAÇÃO - SANGRAMENTOS NA GESTAÇÃO",https://d1jsa4jz7pnf5n.cloudfront.net/117/_ent/12993/2024/imagem1679502184992_v2.jpg?1713552064393
"2a99d9e1-a0e0-4263-9337-6eef80d90b84","2022 Neonatologia",http://d1jsa4jz7pnf5n.cloudfront.net/16/_ent/693-b/2023/imagem60.jpg?1644519059966
fd4ee9d6-0cf4-4e73-bbcb-40094943dd4b,"2023 REVALIDAAÇÃO2 - INFECÇÕES SEXUALMENTE TRANSMISSÍVEIS E VIOLÊNCIA SEXUAL",https://d1jsa4jz7pnf5n.cloudfront.net/117/_ent/12998/2023/imagem1679613420456_v3.png?1700253549306
"2b25a50f-fe5e-47cf-81c0-fdfbc0241796","2023 RADIOLOGIA 03",https://d1jsa4jz7pnf5n.cloudfront.net/53/_ent/12930/2023/imagem1665259061060.jpg?1695644111441
"2b88fa78-49be-4953-a1fb-eb9be0308994","2025 Pré-Operatório, Complicações em Cirurgia, Hérnias da Parede Abdominal, Anestesiologia",https://d1jsa4jz7pnf5n.cloudfront.net/16/_ent/568/2025/imagem1710256156376_v2.jpg?1744204534340
"2bd5157a-b0b0-48f0-a104-7d85471be86f","2021 Climatério, Incontinência Urinária, Distopia Genital",http://d1jsa4jz7pnf5n.cloudfront.net/16/2021/25150/imagem72_v2.jpg?1622640613104
"2cc5e8b8-2ffe-4290-8485-6cafe5e2c256","2023 R+ ENDOSCOPIA CLM 12",https://d1jsa4jz7pnf5n.cloudfront.net/77/_ent/1174/2023/2020_DIA_TAB_R3_CLM12_4_v2_v3.jpg?1678718987971
"2cc629bc-bb4d-4b08-b92c-da1014d50c95","2021 Principais Síndromes Febris ",http://d1jsa4jz7pnf5n.cloudfront.net/16/2021/25168/imagem39.jpg?1631631710985
"2cdc54c1-a8d4-4dcc-8441-7c03b48b5702","2023 Distúrbios Hipertensivos da Gestação, Diabetes Mellitus e Gemelaridade",https://d1jsa4jz7pnf5n.cloudfront.net/16/_ent/683-b/2023/2022_DIA_APO_MED_OBS02_TABELAS_v02_3_v4.jpg?1692119661761
"2d23ac2c-d3e9-4856-96d6-a6a578bf58a0","2024 REVALIDAAÇÃO2 - HEMATOLOGIA",https://d1jsa4jz7pnf5n.cloudfront.net/117/_ent/13014/2024/imagem1699648640126.jpg?1734632277519
"2d8c473a-e7cb-4afc-8c6b-331f063f76cf","2023 R+ ENDOSCOPIA CLM 44",https://d1jsa4jz7pnf5n.cloudfront.net/77/_ent/1206-b/2023/imagem108_v2_v2.jpg?1696949470145
"371751af-2478-4d78-a5ad-30d486e1a19e","2023 REVALIDAAÇÃO2 - ENDOCRINOLOGIA GINECOLÓGICA, SANGRAMENTO UTERINO ANORMAL E ENDOMETRIOSE",https://i.vimeocdn.com/video/1761757960-2307488cec0b606385eee685b503775642f1b34c05d674c21a27cd2c2f1231df-d_1920x1080?r=pad
"41202ee9-e203-4333-b493-6ed47702bf71","2024 Doenças Tubulointersticiais e Vasculares dos Rins",https://d1jsa4jz7pnf5n.cloudfront.net/16/_ent/674/2024/imagem1701108063377_v2.png?1704979824682
"415ce782-6210-4268-ae73-072e3be33efb","2023 R+ Nefrologia 2 - Falência Renal",https://d1jsa4jz7pnf5n.cloudfront.net/77/_ent/1188/2023/imagem12.jpg?1687539849303
"34485989-387d-4813-9fcd-6b83eeb40563","2025 R+ Reumatologia 1: Erros Inatos da Imunidade, Anafilaxia, Artropatias Primárias e Colagenoses",https://d1jsa4jz7pnf5n.cloudfront.net/77/_ent/1194/2025/imagem1720991561022.jpg?1752605382279
"352e54df-8b82-4e3d-9652-f75576cc4de9","2021 CPMR D2 - EXTRA 2",http://d1jsa4jz7pnf5n.cloudfront.net/101/2021/27321/barra_branca.jpg?1624640533083
"2e7e57bd-eda1-4a65-b476-560eebc3724d","2023 RADIOLOGIA 01",https://d1jsa4jz7pnf5n.cloudfront.net/53/_ent/12928/2023/imagem1665258688485.jpg?1695409027785
"2eac5c97-7ef1-4848-807f-e65b20cc9258","2024 TED - Dermatoses infecciosas 5: Dermatoses virais",https://d1jsa4jz7pnf5n.cloudfront.net/120/_ent/12703/2024/imagem1720187565053_v2.png?1725890371422
"2febaf05-bd66-446d-a4dc-1d965ab77882","2023 - REVALIDAAÇÃO - CLÍNICA MÉDICA - PNEUMOLOGIA",https://d1jsa4jz7pnf5n.cloudfront.net/117/_ent/12985/2023/imagem1679689364376.png?1681735198084
"2ff9bad8-1437-4d45-bfdb-57ebba660361","2023 MED O Parto",https://d1jsa4jz7pnf5n.cloudfront.net/17/_ent/662-b/2023/reveimagem33_v3.jpg?1693417001548
"30e22ec7-82e3-4d2b-8050-585ad69da1df","2025 Doenças Infectoparasitárias da Pele, Dermatoses Inflamatórias, Oncologia Dermatológica",https://d1jsa4jz7pnf5n.cloudfront.net/16/_ent/732-b/2025/imagem1757532687263.jpg?1758801030413
"3107ddc0-5e05-471f-b035-7baf7e6e3bdf","2025 Urologia; Resposta ao Trauma; Queimaduras; Cirurgia Plástica",https://d1jsa4jz7pnf5n.cloudfront.net/16/_ent/567/2025/imagem1678460847554_v3.jpg?1741275611822
"31faf688-5b06-4df4-9ff1-c8431fe46a90","2022 R+ ENDOSCOPIA CLM 14",http://d1jsa4jz7pnf5n.cloudfront.net/77/_ent/1176/2022/imagem56.jpg?1649270937577
"323b7863-7556-41ef-aec4-693e5c82f51a","2023 R+ ENDOSCOPIA CIR 12",https://d1jsa4jz7pnf5n.cloudfront.net/78/_ent/1217/2023/imagem25.jpg?1679419973024
"326b62a3-c0d9-4bf7-84dd-aea59231fb83","2023 - REVALIDAAÇÃO - GIN 2: ENDOCRINOLOGIA GINECOLÓGICA, SANGRAMENTO UTERINO ANORMAL E ENDOMETRIOSE",https://d1jsa4jz7pnf5n.cloudfront.net/117/_ent/13009/2023/imagem1684861842148.jpg?1684873234048
"328c58eb-ae9d-4212-8d11-bfe9799419cd","2022 Colagenoses e Vasculites",http://d1jsa4jz7pnf5n.cloudfront.net/16/_ent/706/2023/imagem100_v2.jpg?1646768594357
"328cf8dc-9c8f-4080-be38-ea9ef2250b2e","2023 R+ ENDOSCOPIA CLM 25",https://d1jsa4jz7pnf5n.cloudfront.net/77/_ent/1187/2023/imagem05.jpg?1686848351484
"3306f152-435a-402d-a42a-264455cd1bf4","2025 MED Intoxicações e Acidentes por Animais Peçonhentos",https://d1jsa4jz7pnf5n.cloudfront.net/17/_ent/652-b/2025/imagem83_v10.jpg?1758801943886
"33079663-0319-4933-beb3-6a759a496c4e","2025 MED ATB - PNEUMONIAS BACTERIANAS COMUNITÁRIAS",https://d1jsa4jz7pnf5n.cloudfront.net/116/_ent/12937/2025/imagem1692647873844_v5.png?1744146131258
"3336d69b-bb2b-4d94-9bf5-75371c9fcadc","2025 R+ Reumatologia 2: Miopatias Inflamatórias, Vasculites, Policondrite Recidivante e Doenças Relacionadas ao IgG4",https://d1jsa4jz7pnf5n.cloudfront.net/166/_ent/13528/2025/old1195_imagem_77_26764_35990.jpg?1755177882735
"334ca054-2c61-4c72-b5e0-8c18d8378fba","2025 MED ATB - INFECÇÕES BACTERIANAS DE PELE E PARTES MOLES",https://d1jsa4jz7pnf5n.cloudfront.net/116/_ent/12941/2025/imagem1689799113252.png?1746456072316
"33ad5a57-db53-49eb-892c-650d7a2d0ba3","2025 - REVALIDAAÇÃO - OBS 2: ASSISTÊNCIA PRÉ-NATAL E PARTO",https://d1jsa4jz7pnf5n.cloudfront.net/117/_ent/13003/2025/imagem1680793496711_v2.jpg?1748005601014
"33af40eb-a3f1-4f8e-bd59-5a739b283a7d","2022 TEGO Medicina Fetal 3",http://d1jsa4jz7pnf5n.cloudfront.net/80/_ent/1319/2022/imagem40.jpg?1653946547813
"33eabc21-616e-4551-b830-30b69d463d38","2025 Infecções Sexualmente Transmissíveis",https://d1jsa4jz7pnf5n.cloudfront.net/16/_ent/600-b/2025/imagem1752513264856_v8.png?1758807917889
"353940ba-d3c7-4850-93b5-d88dd96c94cf","2022 RADIOLOGIA 02",http://d1jsa4jz7pnf5n.cloudfront.net/53/_ent/12929/2022/imagem1665258891417.jpg?1665522247609
"361fe8c3-a2ca-4fe5-bbb9-84b4d16d278f","2025 R+ Infectologia 3 - HIV e Aids",https://d1jsa4jz7pnf5n.cloudfront.net/166/_ent/13514/2025/imagem1711113425321.jpg?1745323504766
"3641bc4d-1b10-406d-981e-03ceb6c8b755","2025 R+ Hematologia 1 - Abordagem das Anemias",https://d1jsa4jz7pnf5n.cloudfront.net/77/_ent/1198/2025/imagem1752783236883.jpg?1755523885701
"365e727f-3353-41e5-a9c6-edf0915b2def","2025 TED -Específicas 1: Discrômica, atrófica e perfurantes",https://d1jsa4jz7pnf5n.cloudfront.net/120/_ent/13583/2025/old12719_imagem1730404881531.jpg?1765193326699
"36615b21-a6ac-4ea4-b735-0b6acf25fa2f","2024 TED - Dermatoses infecciosas 1: Hanseníase e Tuberculose",https://d1jsa4jz7pnf5n.cloudfront.net/120/_ent/12699/2024/imagem1714059647141_v2.PNG?1723149256064
"366485db-fb7b-48e3-b307-92178f5d7797","2025 TED -Oncologia 3: Neoplasias epiteliais malignas",https://d1jsa4jz7pnf5n.cloudfront.net/120/_ent/12693/2025/imagem1742999255859_v2.png?1743085957805
"368a84e8-3faa-40aa-8f92-1004962b53b9","2023 R+ ENDOSCOPIA CLM 33",https://d1jsa4jz7pnf5n.cloudfront.net/77/_ent/1195/2023/imagem_77_26764_35990.jpg?1691701782937
"372c23e5-5f28-49ba-94c7-8b73c88e7304","2022 R+ Dermatologia - das Lesões Elementares às Grandes Dermatoses",http://d1jsa4jz7pnf5n.cloudfront.net/77/_ent/1197/2022/(1)249002-1e8eb7b0-f323-4e71-952c-c74b9db40729.png?1661970640784
"37b0c745-5e2b-4906-8ddf-d74fd9a3c083","2023 MED Estudos Epidemiológicos",https://d1jsa4jz7pnf5n.cloudfront.net/17/_ent/671/2023/imagem64_v2.jpg?1682031931458
"3e1e3377-9f09-49c1-9404-93857007dd6a","2025 R+ ENDOSCOPIA CLM 12",https://d1jsa4jz7pnf5n.cloudfront.net/77/_ent/1174/2025/2020_DIA_TAB_R3_CLM12_4_v2_v3.jpg?1741183888390
"3e94e513-1b64-42b2-a096-4a4bcd9ca50b","2024 CP-MED EXTENSIVO APOSTILA 07 - Lavado Peritoneal Diagnóstico",https://d1jsa4jz7pnf5n.cloudfront.net/100/_ent/11724/2024/imagem1710877694397.jpg?1712608588989
"3ea2d634-c35f-4ad6-9269-0e05b486f28b","2024 R+ ENDOSCOPIA CLM 39",https://d1jsa4jz7pnf5n.cloudfront.net/77/_ent/1201/2024/2022_DDG_APO_Rmais_CLM39_manobraepley_A_01.jpg?1726235060225
"3ee17123-bc5c-4f77-bcc5-f419fcb6c32b","2025 R+ Oncologia 1 - Tumores da Cabeça, Pescoço e Tórax",https://d1jsa4jz7pnf5n.cloudfront.net/77/_ent/1202/2025/imagem1664581093695_v5.png?1756408497830
"3f8012c0-9d42-4652-a581-74b14ac4831c","2024 R+ Gastroenterologia 2 - Doenças dos Intestinos Delgado e Grosso",https://d1jsa4jz7pnf5n.cloudfront.net/77/_ent/1168/2024/2019_DIA_TAB_R3_CLM06_16_v2_v2.jpg?1705926565480
"3f87de3b-4038-4b27-8474-ef4883cad1b4","2024 - REVALIDAAÇÃO - CLÍNICA MÉDICA - HEPATOLOGIA",https://d1jsa4jz7pnf5n.cloudfront.net/117/_ent/12999/2024/imagem1681168426770_v3.jpg?1714414624563
"3fd8247b-285c-4c5e-900e-14a640eff8bf","2024 MED Sofrimento Fetal, Puerpério, Fórcipe",https://d1jsa4jz7pnf5n.cloudfront.net/17/_ent/660-b/2024/imagem1681136958623_v8.png?1715972507730
"3fdff91d-40db-41a7-a7b5-b7657608c8b9","2024 - REVALIDAAÇÃO - NEFROLOGIA",https://d1jsa4jz7pnf5n.cloudfront.net/117/_ent/13012/2024/imagem1685476911213.jpg?1716582607644
"40047a4b-053c-41b3-a857-6fabef5e99e6","2023 - REVALIDAAÇÃO - GIN 1: INFECÇÕES SEXUALMENTE TRANSMISSÍVEIS E VIOLÊNCIA SEXUAL",https://d1jsa4jz7pnf5n.cloudfront.net/117/_ent/12998/2023/imagem1679613420456.png?1681999434745
"402676aa-5b76-43b5-b200-98f9fdb7c179","2023 Doenças Tubulointersticiais e Vasculares dos Rins",http://d1jsa4jz7pnf5n.cloudfront.net/16/_ent/674/2023/imagem08508891_v3.jpg?1672862244943
"4048b2fb-72b4-40f1-999a-ad86779e7b17","2022 R+ ENDOSCOPIA CLM 39",http://d1jsa4jz7pnf5n.cloudfront.net/77/_ent/1201/2022/2022_DDG_APO_Rmais_CLM39_manobraepley_A_01.jpg?1664565886230
"406bebbe-de1c-4c05-bbd5-08f9461fa9e5","2025 R+ Sofrimento Fetal",https://d1jsa4jz7pnf5n.cloudfront.net/80/_ent/1308/2025/imagem1679997288813.jpg?1745327162090
"40a5bde0-624e-4ff8-a819-41bf254eebb0","2024 REVALIDAAÇÃO2 - INFECTOLOGIA",https://d1jsa4jz7pnf5n.cloudfront.net/117/_ent/13002/2024/imagem1680111748194_v2.jpg?1732636148665
"40b25b02-cefb-4d7f-9434-42d4fe9a3fb6","2023 Cirurgia Vascular, Proctologia, Cirurgia de Obesidade, Cirurgia Pediátrica, Tumores de Cabeça e Pescoço",https://d1jsa4jz7pnf5n.cloudfront.net/16/_ent/731-b/2023/imagem1689770440601.jpg?1696341683033
"40f1f015-38c5-491d-9dea-916681071ae4","2022 R+ ENDOSCOPIA CLM 20",http://d1jsa4jz7pnf5n.cloudfront.net/77/_ent/1182/2022/imagem45.jpg?1652808442980
"4105be57-e39e-4fc1-8aa5-1581f723c130","2022 MED Estudos Epidemiológicos",http://d1jsa4jz7pnf5n.cloudfront.net/17/_ent/671/2022/imagem64_v2.jpg?1649359007048
"4108319a-eb03-4c4c-81d0-67da577cfd7f","2025 Apostila Intensivão - GIN",https://d1jsa4jz7pnf5n.cloudfront.net/14/_ent/740/2025/imagem1756236875539.png?1757434779088
"422a3d3c-2dd2-4dbd-ba8e-daf30dd17acd","2024 R+ ENDOSCOPIA CLM 05",https://d1jsa4jz7pnf5n.cloudfront.net/77/_ent/1167/2024/imagem1704222712485.jpg?1705924390278
"42acf5d9-8efe-4d34-913b-648d867a4ef4","2025 Distúrbios Hipertensivos da Gestação, Diabetes Mellitus e Gemelaridade",https://d1jsa4jz7pnf5n.cloudfront.net/16/_ent/683-b/2025/imagem1718147527795.png?1755108630690
"42e51e79-6887-48d8-a120-8cef692341f1","2021 Doenças Sexualmente Trasmissíveis",http://d1jsa4jz7pnf5n.cloudfront.net/16/2021/25153/2021_DIA_APO_MDC_GIN06_3.jpg?1632253630052
"43306fa3-7c9f-45e1-9d2f-a6bf15fd136c","2021 Pneumonia Bacteriana e suas Complicações",http://d1jsa4jz7pnf5n.cloudfront.net/16/2021/25165/manuimagem06.jpg?1630508415875
"4344228f-8a71-4c77-91a8-75538c0228ee","2025 - REVALIDAAÇÃO - NEFROLOGIA",https://d1jsa4jz7pnf5n.cloudfront.net/117/_ent/13012/2025/imagem1685476911213.jpg?1749823472027
"43608f47-1b3a-4983-8194-80e308137d39","2022 As Vias Biliares e os Tumores Hepatobiliares",http://d1jsa4jz7pnf5n.cloudfront.net/16/_ent/608-b/2022/imagem41_v2.jpg?1653651399268
"443007d9-2cdf-4801-ab11-6a85fef933fc","2023 Cirrose Hepática e Suas Complicações",https://d1jsa4jz7pnf5n.cloudfront.net/16/_ent/607-b/2023/imagem21_v3.jpg?1685110700394
"44900351-f83a-4459-83b0-53b2be2a62ea","2025 R+ ENDOSCOPIA CLM 31",https://d1jsa4jz7pnf5n.cloudfront.net/77/_ent/1193/2025/Inoculation-chagoma-on-the-dorsal-surface-of-the-left-hand-at-the-base-of-the-thumb-21_Q640.jpeg?1752006029837
"45081e66-e772-460c-88c8-5493663450b5","2024 R+ ENDOSCOPIA CLM 08",https://d1jsa4jz7pnf5n.cloudfront.net/77/_ent/1170/2024/imagem106.jpg?1706817985925
"45155d36-e8b6-4713-a6ef-465802f3b2b2","2023 R+ ENDOSCOPIA CLM 32",https://d1jsa4jz7pnf5n.cloudfront.net/77/_ent/1194/2023/imagem03_v2_v2_v4.jpg?1691420173451
"4519ba1b-fee1-4d96-92f0-d57df1c1658c","2024 - REVALIDAAÇÃO - PEDIATRIA - NEONATOLOGIA",https://d1jsa4jz7pnf5n.cloudfront.net/117/_ent/12987/2024/imagem1697388240975.jpg?1713385891789
"455bfe25-057b-44f9-b9be-42c4fce6e59c","2025 VENTILAMED ASMA, DPOC e Doenças Neuromusculares",https://d1jsa4jz7pnf5n.cloudfront.net/104/_ent/12078/2025/imagem1728497187107_v2.jpg?1754312618686
"45f325e9-a8d6-4b5a-8830-9c5e52f89b06","2022 R+ ENDOSCOPIA CLM 08",http://d1jsa4jz7pnf5n.cloudfront.net/77/_ent/1170/2022/imagem106.jpg?1645446239066
"45f365a9-cc1a-4368-82c8-af0fdfbe72ea","2023 REVALIDAAÇÃO2 - NEFROLOGIA",https://d1jsa4jz7pnf5n.cloudfront.net/117/_ent/13012/2023/imagem1685476911213.jpg?1702557006851
"46397bcd-232e-4de2-b35c-a23ca7763cb1","2025 R+ Hematologia 3 - Distúrbios da Hemostasia e Transfusão de Hemoderivados",https://d1jsa4jz7pnf5n.cloudfront.net/166/_ent/13532/2025/old1200_imagem1724333391157_v3.png?1756137802510
"463bad6a-3bf5-45eb-a30d-01e1c1c224ed","2023 MASTO CIR Cirurgia do Aparelho Digestivo 7 - Fígado",https://d1jsa4jz7pnf5n.cloudfront.net/78/_ent/1238/2023/imagem54.jpg?1692015872140
"46783eb5-e5d0-46b2-bbd9-1d13b0536d5b","2023 MED Amenorreia, SOP e Infertilidade",https://d1jsa4jz7pnf5n.cloudfront.net/17/_ent/656-b/2023/imagem1687204701923_v3.jpg?1691003321688
"467b1641-3452-44c8-b362-f831d34b7e54","2024 VENTILAMED Fisiologia Respiratória Aplicada",https://d1jsa4jz7pnf5n.cloudfront.net/104/_ent/12080/2024/21_v2a_v2.jpg?1723222642349
"47180323-5ce2-4ba2-a5e1-0ce5dfb60efc","2023 Anemias",https://d1jsa4jz7pnf5n.cloudfront.net/16/_ent/601/2023/imagem73.jpg?1680552129976
"477ce587-bdfc-4393-ae23-e77c2982d0c7","2024 R+ ENDOSCOPIA CLM 25",https://d1jsa4jz7pnf5n.cloudfront.net/77/_ent/1187/2024/imagem1714072222373.jpg?1717699728752
"4836d9e9-b9e1-4f14-9016-3435ba94acc8","2025 INTCLM1 INF",https://d1jsa4jz7pnf5n.cloudfront.net/14/_ent/1431/2025/imagem1750117899686.jpg?1755704099389
"483c0ba1-087f-4ce1-bc10-5b25c5926b84","2023 MED ATB - INFECÇÕES BACTERIANAS INTRA-ABDOMINAIS",https://d1jsa4jz7pnf5n.cloudfront.net/116/_ent/12940/2023/imagem1694465716095_v3.png?1694521451745
"493dcb72-b3b5-4eab-984b-2f804bc7148e","2024 MED Grandes Síndromes Bacterianas",https://d1jsa4jz7pnf5n.cloudfront.net/17/_ent/628/2024/imagem1709299244048.jpg?1712238312682
"4942d234-9a36-44e0-b69e-284ccf5d7ae2","2025 TED -Autoimunes e metabólicas 1: Colagenoses e outras doenças Reumatológicas",https://d1jsa4jz7pnf5n.cloudfront.net/120/_ent/12701/2025/imagem1747760943373.jpg?1747858853399
"499d5764-0989-4a7e-98cc-e80524546f2b","2023 REVALIDAAÇÃO2 - PREVENTIVA - VIGILÂNCIA DA SAÚDE, SAÚDE DO TRABALHADOR E ÉTICA MÉDICA",https://d1jsa4jz7pnf5n.cloudfront.net/117/_ent/13006/2023/imagem1681846433742_v2.jpg?1701288327033
"49e29f5d-d333-4de9-85cb-eb9e08a61844","2023 REVALIDAAÇÃO2 - CARDIOLOGIA",https://d1jsa4jz7pnf5n.cloudfront.net/117/_ent/13008/2023/imagem1681742911820.png?1701895186466
"4a008952-e09c-4e28-b45e-d3dd5977fb82","2023 R+ ENDOSCOPIA CLM 15",https://d1jsa4jz7pnf5n.cloudfront.net/77/_ent/1177/2023/imagem74.jpg?1681138378414
"4a6798a7-4ee5-4576-992f-9122aefe3330","2025 MED Vigilância da Saúde",https://d1jsa4jz7pnf5n.cloudfront.net/17/_ent/672-b/2025/imagem1684260262244.JPEG?1749653297020
"4b313b2f-19b8-46f7-81d8-8c55bda0879a","2025 Vigilância da Saúde e Saúde do Trabalhador",https://d1jsa4jz7pnf5n.cloudfront.net/16/_ent/701/2025/imagem1678108059686.JPEG?1742499831730
"4b440ba6-e695-4d17-aa5f-8e070c9cf66b","2025 - REVALIDAAÇÃO - CIRURGIA - TRAUMA 2 E QUEIMADURA ",https://d1jsa4jz7pnf5n.cloudfront.net/117/_ent/13001/2025/imagem1681317003401.png?1747767465621
"4b818946-e236-4cf9-a8c7-c77172ffbdf4","2025 TED -Dermatoses infecciosas 1: Hanseníase e Micobacterioses",https://d1jsa4jz7pnf5n.cloudfront.net/120/_ent/12705/2025/imagem1749839048243.png?1750076175607
"4bc80272-5dea-489d-9a85-308016c3695c","2024 R+ Neurologia 1 - Doença Cerebrovascular e Neurorradiologia",https://d1jsa4jz7pnf5n.cloudfront.net/166/_ent/13509/2024/imagem106.jpg?1723126643704
"51021984-e9e1-4271-aae9-2603ee37a82b","2025 MASTO GO Sofrimento Fetal",https://d1jsa4jz7pnf5n.cloudfront.net/80/_ent/1308/2025/imagem1679997288813.jpg?1745327162090
"5117e843-ab9a-459b-b5d1-b1df8c678b8b","2025 R+ ENDOSCOPIA CLM 09",https://d1jsa4jz7pnf5n.cloudfront.net/77/_ent/1171/2025/imagem1706212540606.jpg?1738697869065
fd9f5c89-f6e7-4dcb-855f-be25d67ab8e0,"2024 RADIOLOGIA 04",https://d1jsa4jz7pnf5n.cloudfront.net/53/_ent/12931/2024/imagem1665259172010_v2.jpg?1730482941523
"4c4ffd04-1b88-4f1b-baa5-3c5dfa412994","2024 Cirurgia Vascular, Proctologia, Cirurgia de Obesidade, Cirurgia Pediátrica, Tumores de Cabeça e Pescoço",https://d1jsa4jz7pnf5n.cloudfront.net/16/_ent/731-b/2024/imagem1718894912276_v3.png?1727965608540
"4c7d1802-3496-48e7-a6a8-fee9c6264c8f","2024 R+ Medicina Fetal 3",https://d1jsa4jz7pnf5n.cloudfront.net/80/_ent/1319/2024/imagem1718066059617.jpg?1720025028177
"4cb3a56f-782f-4c0f-9a59-6427b8a263f0","2023 VENTILAMED Desmame Ventilatório ",https://d1jsa4jz7pnf5n.cloudfront.net/104/_ent/12079/2023/25_v2.jpg?1684334086309
"4cb51044-4386-40d0-920a-79128ad0b482","2023 VENTILAMED Modos ventilatórios convencionais e ajustes iniciais",https://d1jsa4jz7pnf5n.cloudfront.net/104/_ent/12074/2023/2021_DGR_APO_VEMED_figu20_A_01_v2.jpg?1682688563389
"4cc01c91-6f48-4363-bf7e-76d225ccad38","2025 R+ ENDOSCOPIA CLM 04",https://d1jsa4jz7pnf5n.cloudfront.net/77/_ent/1166/2025/imagem1704980118463.jpg?1736782606391
"4fc45095-7f22-4e52-b159-ad878ff5fe0c","2025 REVALIDAAÇÃO2 - PRÉ-ECLÂMPSIA, DIABETES, SOFRIMENTO FETAL E PUERPÉRIO",https://d1jsa4jz7pnf5n.cloudfront.net/117/_ent/13015/2025/imagem1764884495309.png?1765972300453
"50066f26-ab57-441c-a0a8-feaed6ee5a38","2022 R+ Psiquiatria 1 - Distúrbios do Sono, Delirium e Transtornos Relacionados às Drogas",http://d1jsa4jz7pnf5n.cloudfront.net/77/_ent/1174/2022/2020_DIA_TAB_R3_CLM12_4_v2_v2.jpg?1647951661950
"5054fef2-0849-4d05-8599-279e5b4b39b7","2022 Parasitoses Intestinais (Doenças por Helmintos e Protozoários), Esquistossomose",http://d1jsa4jz7pnf5n.cloudfront.net/16/_ent/613/2022/imagem35a.jpg?1663594521365
"51259a71-51c3-4f84-bd5c-f8910b9feade","2023 - REVALIDAAÇÃO - PUERICULTURA",https://d1jsa4jz7pnf5n.cloudfront.net/117/_ent/12997/2023/imagem1681408540657.png?1682615140079
"51782967-7b09-483b-907c-9a3de1cd3280","2025 MED Imunizações e Síndromes Urinárias",https://d1jsa4jz7pnf5n.cloudfront.net/17/_ent/665-b/2025/imagem1740077164614.jpg?1741965411205
"521f41ee-4a8b-429d-a3f9-0680cf4e0953","2025 R+ Psiquiatria 2 - Transtornos do Humor, Ansiedade, Alimentares e Psicóticos",https://d1jsa4jz7pnf5n.cloudfront.net/77/_ent/1175/2025/imagem1708962683309_v4.png?1741897384612
"522b9bd4-ed1f-47f5-b683-4234055af665","2024 MED Imunizações e Síndromes Urinárias",https://d1jsa4jz7pnf5n.cloudfront.net/17/_ent/665-b/2024/imagem28_v5.jpg?1709817969209
fdac91e4-746d-4874-bff1-304fa09434bf,"2023 R+ ENDOSCOPIA CLM 17",https://d1jsa4jz7pnf5n.cloudfront.net/77/_ent/1179/2023/imagem1681760676472.JPG?1682436574012
"52773204-e7f8-445f-b75c-90febaedd9e7","2023 R+ ENDOSCOPIA CLM 11",https://d1jsa4jz7pnf5n.cloudfront.net/77/_ent/1173/2023/imagem21_v2_v2.jpg?1678306089691
"52984bc2-f418-42bd-a552-437bfed86f83","2025 MED O Parto",https://d1jsa4jz7pnf5n.cloudfront.net/17/_ent/662-b/2025/imagem99_v4.jpg?1756994001380
"52bfa310-3f26-4d2b-8e89-20e3493249ce","2024 MED ATB - INTRODUÇÃO E INFECÇÕES BACTERIANAS DAS VIAS AÉREAS SUPERIORES",https://d1jsa4jz7pnf5n.cloudfront.net/116/_ent/12936/2024/imagem1682620030571_v4.jpg?1715104334813
"52cbe751-9499-42a8-9754-f675ca48d7bb","2025 R+ Infectologia 2 - Infecções Pulmonares",https://d1jsa4jz7pnf5n.cloudfront.net/77/_ent/1177/2025/imagem1710329302623.jpg?1742501301173
"5329b517-7ad6-4158-af20-97c06887271f","2023 R+ Cardiologia 1 - Hipertensão Arterial Sistêmica e Valvulopatias",https://d1jsa4jz7pnf5n.cloudfront.net/77/_ent/1181/2023/imagem42_v2_v2.jpg?1682605459963
"53a66692-28c1-4118-9c12-4b0a46a2ace9","2022 VENTILAMED A escolha do suporte ventilatório ",http://d1jsa4jz7pnf5n.cloudfront.net/104/_ent/12073/2022/imagem_v2.jpg?1651082048972
"53be3cb9-1d17-4e89-96ce-91d4ecdac215","2021 Anátomo-histologia e Lesões Elementares; Doenças Infectoparasitárias da Pele; Dermatoses Inflamatórias; Oncologia Dermatológica",http://d1jsa4jz7pnf5n.cloudfront.net/16/2021/25131/imagem305.jpg?1633612745136
"53f3d4cd-6810-4bcf-9d95-c6ed0a79a139","2022 R+ Paciente Crítico 2 - Neurointensivismo e Cuidados Paliativos",http://d1jsa4jz7pnf5n.cloudfront.net/77/_ent/1164-b/2022/2020_DIA_TAB_R3_CLM02_09.jpg?1642163533216
"5410932b-26f9-4cfd-b5c7-7e74890fb48f","2025 R+ Reumatologia 1: Erros Inatos da Imunidade, Anafilaxia, Artropatias Primárias e Colagenoses",https://d1jsa4jz7pnf5n.cloudfront.net/166/_ent/13720/2025/old13527_old1194_imagem1720991561022.jpg?1760024081630
"545e1d3e-9605-4293-a270-cd4d006d7b93","2025 R+ ENDOSCOPIA CLM 14",https://d1jsa4jz7pnf5n.cloudfront.net/77/_ent/1176/2025/imagem1709759914953.png?1742497081263
"5b8b886d-fb44-411e-8c51-e1b8b4556661","2025 R+ Hematologia 3 - Distúrbios da Hemostasia e Transfusão de Hemoderivados",https://d1jsa4jz7pnf5n.cloudfront.net/77/_ent/1200/2025/imagem1724333391157_v3.png?1756130844364
"5bb2e545-dfcb-4725-aaca-3839bf951057","2024 TED - Distúrbios da Hipoderme",https://d1jsa4jz7pnf5n.cloudfront.net/120/_ent/12710/2024/imagem1725399661532.jpg?1730122684533
"5bda1066-cecc-41a0-98af-357aabeafd71","2023 R+ Hematologia 3 - Distúrbios da Hemostasia e Transfusão de Hemoderivados",https://d1jsa4jz7pnf5n.cloudfront.net/77/_ent/1200/2023/2020_DDG_APO_R3_CLM39_wells_A_01.jpg?1694632941670
"5c0739d9-e58e-4246-8be5-4cf449ff089d","2025 INTOBS - ENAMED 2025",https://d1jsa4jz7pnf5n.cloudfront.net/179/_ent/13673/2025/old13478_imagem1753207712005.jpg?1757447523173
"5c117a8f-2626-4849-95f0-a5284f377e08","2022 R+ Doenças Emergentes e de Importância Coletiva","http://d1jsa4jz7pnf5n.cloudfront.net/77/_ent/1193/2022/xdisease_b1_jpg,qitok=uh4rvIjX_pagespeed_ic_3zxalII-DW_v2.jpeg?1659702289826"
"5c826b85-1dd9-4960-aef6-904014751b99","2022 R+ ENDOSCOPIA CLM 12",http://d1jsa4jz7pnf5n.cloudfront.net/77/_ent/1174/2022/2020_DIA_TAB_R3_CLM12_4_v2_v2.jpg?1647951661950
"5ca85462-2720-44b9-884f-375fc1b7e163","2025 TED -Distúrbios do Anexos 4: Tricologia 2",https://d1jsa4jz7pnf5n.cloudfront.net/120/_ent/12720/2025/old12712_imagem1731083664503.jpg?1761156232671
"5cc20816-f739-4bcc-b78c-f6995b36a01a","2021 MEDIMAGEM R 02 - Cardiologia",http://d1jsa4jz7pnf5n.cloudfront.net/105/2021/27203/ID_3039b_v2.jpg?1623346175414
"5ccd3747-8331-4620-998e-f9340725ad70","2025 Apostila Intensivão - PED",https://d1jsa4jz7pnf5n.cloudfront.net/14/_ent/741/2025/imagem1753392750702.jpg?1758121139284
"5ce06434-482c-4f86-a249-a66f7df465ca","2025 VENTILAMED Gráficos, Monitorização e Assincronias ",https://d1jsa4jz7pnf5n.cloudfront.net/104/_ent/12075/2025/6548_img_q7_bonus_vmed03.jpg?1752867525853
"5e610279-a594-4eac-a6c2-d809493ebd63","2024 Fisiologia Menstrual, Anticoncepção, Amenorreia, Síndrome dos Ovários Policísticos",https://d1jsa4jz7pnf5n.cloudfront.net/16/_ent/595/2024/imagem1669229960771_v2.jpg?1705067818580
"5ea09700-30ca-4d0b-afc3-af431412c7d1","2024 R+ Paciente Crítico 2 - Neurointensivismo e Cuidados Paliativos",https://d1jsa4jz7pnf5n.cloudfront.net/77/_ent/1164-b/2024/2020_DIA_TAB_R3_CLM02_09_v2.jpg?1704905799221
"5f0a1cef-dffa-4ba6-b1ed-b5bf2ead865e","2025 R+ Nefrologia 2 - Falência Renal",https://d1jsa4jz7pnf5n.cloudfront.net/77/_ent/1188/2025/imagem1714157542751.jpg?1748966729015
"5f113775-4bcb-4691-949d-fae28d9054a5","2023 R+ Medicina Preventiva - Epidemiologia Clínica, Saúde Coletiva, Declaração de Óbito e Ética Médica",https://d1jsa4jz7pnf5n.cloudfront.net/77/_ent/1206-b/2023/imagem108_v2_v2.jpg?1696949470145
"5faf4772-bdb0-4dc6-97bb-e33f2f22c080","2024 R+ ENDOSCOPIA CLM 19",https://d1jsa4jz7pnf5n.cloudfront.net/77/_ent/1181/2024/imagem1712599365981.jpg?1715113033633
"5fee0db2-0bdf-4340-a4dc-acacc0e107a3","2022 Arritmias Cardíacas; Morte Súbita",http://d1jsa4jz7pnf5n.cloudfront.net/16/_ent/562-b/2022/imagem107_v2.jpg?1655473414318
fdca34b8-3074-413c-872a-c52b5855e101,"2023 R+ ENDOSCOPIA CLM 36",https://d1jsa4jz7pnf5n.cloudfront.net/77/_ent/1198/2023/imagem67.jpg?1693569516367
"609f92b3-bb08-4dcd-8914-14764437f33e","2024 MEDIMAGEM 02 - Cardiologia",https://d1jsa4jz7pnf5n.cloudfront.net/105/_ent/12082/2024/imagem1685563695736_v4.jpg?1718380588805
"60d45011-eafd-4cee-a110-fc72f1ea9769","2022 Climatério, Incontinência Urinária, Distopia Genital",http://d1jsa4jz7pnf5n.cloudfront.net/16/_ent/597-b/2022/imagem72_v2.jpg?1655306961887
"60f454ac-8b7e-4cc7-945e-6191882ece03","2023 R+ ENDOSCOPIA CLM 06",http://d1jsa4jz7pnf5n.cloudfront.net/77/_ent/1168/2023/2019_DIA_TAB_R3_CLM06_16_v2_v2.jpg?1674652879605
"61270337-ef98-4615-ab74-4890138b76f9","2022 Formas Diversas de Lesão Reumática",http://d1jsa4jz7pnf5n.cloudfront.net/16/_ent/707/2022/imagem37_v2.jpg?1646402207551
"61316588-bf8f-45e1-beae-773d7b30c93c","2022 Tuberculose; Micoses Pulmonares",http://d1jsa4jz7pnf5n.cloudfront.net/16/_ent/697-b/2022/2022_DIA_APO_MDC_PNE02_capaapendice.png?1662485339518
"615aef93-0294-45ab-ab15-9a3153f78480","2022 PREPARO PRÉ-OPERATÓRIO,COMPLICAÇÕES EM CIRURGIA, HÉRNIAS DA PAREDE ABDOMINAL, PRINCÍPIOS DE ANESTESIA",http://d1jsa4jz7pnf5n.cloudfront.net/16/_ent/567/2022/imagem29.jpg?1648135485076
"6378dca0-c27c-4f5d-b904-d212cabb1433","2022 R+ ENDOSCOPIA CLM 40",http://d1jsa4jz7pnf5n.cloudfront.net/77/_ent/1202/2022/imagem1664581093695_v2.png?1665167484479
"63be7d3d-226c-40c7-aaaf-8f6124d22069","2023 R+ Cirurgia do Aparelho Digestivo 7 - Fígado",https://d1jsa4jz7pnf5n.cloudfront.net/78/_ent/1238/2023/imagem54.jpg?1692015872140
"63ca4e0d-87fd-4985-bbac-16c930fe2286","2022 R+ Gastroenterologia 2 - Doenças dos Intestinos Delgado e Grosso",http://d1jsa4jz7pnf5n.cloudfront.net/77/_ent/1168/2022/2019_DIA_TAB_R3_CLM06_16_v2.jpg?1644348592189
"6404c096-c74f-4367-a058-ab0bf45bbfe4","2025 MED ATB - INFECÇÕES BACTERIANAS DO SISTEMA NERVOSO CENTRAL",https://d1jsa4jz7pnf5n.cloudfront.net/116/_ent/12942/2025/imagem1691676360496_v3.png?1747660287088
"643a60e8-994d-4382-97fc-3c0bea48d79e","2024 R+ Infectologia 2 - Infecções Pulmonares",https://d1jsa4jz7pnf5n.cloudfront.net/166/_ent/13534/2024/imagem1710329302623.jpg?1723149562344
"64bd723d-bed8-4ee6-b498-b3667b00537b","2023 R+ Reumatologia 1 - Artrite Reumatoide, Espondiloartropatias Soronegativas, Síndrome de Sjögren, Lúpus, SAAF e Esclerose Sistêmica",https://d1jsa4jz7pnf5n.cloudfront.net/77/_ent/1194/2023/imagem03_v2_v2_v4.jpg?1691420173451
"6591685a-b6cf-4d9f-bbac-6a57b6ee190c","2023 MED ATB - INFECÇÕES BACTERIANAS DO TRATO URINÁRIO",https://d1jsa4jz7pnf5n.cloudfront.net/116/_ent/12939/2023/imagem1693493443601_v4.png?1693497469273
"65de5b1f-02dd-4aec-b7ee-6ee71bfcd991","2021 CPMR2 D2 - EXTRA XX",http://d1jsa4jz7pnf5n.cloudfront.net/101/_ent/12512/2021/barra_branca.jpg?1636412208098
"664a0a11-7a80-456a-be8e-ba3a6cdf2d2e","2023 MED Oncologia 2",https://d1jsa4jz7pnf5n.cloudfront.net/17/_ent/622-b/2023/imagem1679345679804.png?1683734675544
"669f39f1-f7c8-4ebf-ae4f-ebb867494f7e","2025 INTCLM1 HEM - ENAMED 2025",https://d1jsa4jz7pnf5n.cloudfront.net/179/_ent/13658/2025/old1430_imagem1749260267950_v3.png?1757019578819
"66bc294d-20d7-44e3-9c8b-adf658e2d607","2021 As Vias Biliares e os Tumores Hepatobiliares",http://d1jsa4jz7pnf5n.cloudfront.net/16/2021/25162/imagem41.jpg?1622481745032
"66d51461-c380-43df-a50b-4d5d8aa74f57","2022 Diagnóstico de Gravidez e Data Provável do Parto; Modificações Gerais do Organismo Materno; Assistência e Aconselhamento Genético Pré-Natal",http://d1jsa4jz7pnf5n.cloudfront.net/16/_ent/680/2022/imagem64_v2.jpg?1643750160301
"66ff78fd-7f8e-4cd8-a2a7-5ffb3f6f7ec7","2021 Doenças da Tireoide",http://d1jsa4jz7pnf5n.cloudfront.net/16/2021/25132/imagem46_v2.jpg?1626291477031
"68874efd-ebe3-49cf-bc4d-45dc4d006b46","2024 REVALIDAAÇÃO2 - SISTEMA ÚNICO DE SAÚDE",https://d1jsa4jz7pnf5n.cloudfront.net/117/_ent/12995/2024/imagem1699009557709.png?1731337942384
"68e71222-49a6-4959-af9e-6cb5f52e60d0","2023 R+ Psiquiatria 2 - Transtornos do Humor, Ansiedade, Alimentares e Psicóticos",https://d1jsa4jz7pnf5n.cloudfront.net/77/_ent/1175/2023/imagem06.jpg?1680024224341
"695d1521-eb27-43bc-b2a0-dad8d3548df4","2025 TED PRÁTICO - Dermatopatologia 3",https://d1jsa4jz7pnf5n.cloudfront.net/178/_ent/13482/2025/imagem1745515390808_v2.jpg?1745844263064
"69cb6ecf-9c88-476f-89ae-29f21219dadb","2024 MED ATB - INFECÇÕES BACTERIANAS DO SISTEMA NERVOSO CENTRAL",https://d1jsa4jz7pnf5n.cloudfront.net/116/_ent/12942/2024/imagem1691676360496_v3.png?1716990438665
"69e6413c-dce1-4927-8b7b-2c0a78866416","2022 Pneumonia Bacteriana e suas Complicações",http://d1jsa4jz7pnf5n.cloudfront.net/16/_ent/609-b/2022/manuimagem06.jpg?1662645226856
"6b1a346c-1340-4fb1-888b-db5ddde758e8","2021 Cirurgia Vascular; Proctologia; Cirurgia Pediátrica",http://d1jsa4jz7pnf5n.cloudfront.net/16/2021/25127/imagem81.jpg?1632827155174
"6c09ee60-7c1c-476c-a864-c9016f51a58c","2025 R+ ENDOSCOPIA CLM 07",https://d1jsa4jz7pnf5n.cloudfront.net/77/_ent/1169/2025/imagem1705513408202.jpg?1738004496089
"6c254bb0-06b9-45ca-ac59-5be57cf345aa","2025 TED -Cirurgia e Cosmiatria: Cirurgia e Fundamentos",https://d1jsa4jz7pnf5n.cloudfront.net/120/_ent/13580/2025/imagem1728304103280_v4.png?1762795927319
"6cec6a87-f616-42a2-a5bc-2099ffd78eda","2023 - REVALIDAAÇÃO - INFECTOLOGIA ",https://d1jsa4jz7pnf5n.cloudfront.net/117/_ent/13002/2023/imagem1680111748194_v2.jpg?1683733718409
"6cfd8ca3-77f1-4087-b1c0-efde0a364404","2024 R+ Oncologia 1 - Tumores da Cabeça, Pescoço e Tórax",https://d1jsa4jz7pnf5n.cloudfront.net/77/_ent/1202/2024/imagem1664581093695_v4.png?1726152938659
"6d1b8e22-c3c9-4ea4-b21b-ef705afd3330","2025 Fórcipe, Sofrimento Fetal Agudo e Crônico, Puerpério",https://d1jsa4jz7pnf5n.cloudfront.net/16/_ent/684/2025/imagem1719934287684_v4.png?1758802392426
"6e43c07e-e23e-4897-a087-ba7bde71ded6","2024 MASTO GO Medicina Fetal 3",https://d1jsa4jz7pnf5n.cloudfront.net/80/_ent/1319/2024/imagem1718066059617.jpg?1720025028177
"6ec49735-bcdd-4f9a-8c32-bcc778e22852","2023 RADIOLOGIA 04",https://d1jsa4jz7pnf5n.cloudfront.net/53/_ent/12931/2023/imagem1665259172010.jpg?1695409107527
"6f1b9d2c-5676-4f81-8994-0d12d7294370","2022 Especialidades Pediátricas",http://d1jsa4jz7pnf5n.cloudfront.net/16/_ent/692-b/2022/2021_DDG_APO_MDC_PED6_sinaisdealaerta_A_01.jpg?1662122007201
"6f4c84ed-4626-42f7-a1c4-bfbbad481fb4","2023 - REVALIDAAÇÃO - SISTEMA ÚNICO DE SAÚDE",https://d1jsa4jz7pnf5n.cloudfront.net/117/_ent/12995/2023/imagem1678811084592_v2.PNG?1682345955050
"6fd19582-9dab-4765-b20e-e7458835c2ff","2025 R+ Oncologia 4 - Tumores Gastrointestinais II",https://d1jsa4jz7pnf5n.cloudfront.net/77/_ent/1205/2025/imagem1725471470469.jpg?1756996448172
"70755453-c44b-4255-bf0c-b24fe0805a76","2024 MASTO CIR Cirurgia do Aparelho Digestivo 7 - Fígado",https://d1jsa4jz7pnf5n.cloudfront.net/78/_ent/1238/2024/imagem54.jpg?1722280640544
"70799e76-09a6-4251-9bab-fd78cf3912e5","2021 Insuficiência Cardíaca e suas causas",http://d1jsa4jz7pnf5n.cloudfront.net/16/2021/25121/imagem128.jpg?1624380013381
"70f7b3b2-055f-42af-8eca-49d50af2ca77","2025 INTCLM2 CAR - ENAMED 2025",https://d1jsa4jz7pnf5n.cloudfront.net/179/_ent/13664/2025/old1432_imagem1751319890065_v3.png?1757020806017
"710ac3b7-46fb-4a5e-9bf3-6c6a0b39c11d","2023 R+ ENDOSCOPIA CLM 04",http://d1jsa4jz7pnf5n.cloudfront.net/77/_ent/1166/2023/imagem42.jpg?1673376877374
"7180623d-55d8-41e0-9747-bb740a0d0291","2022 MEDIMAGEM R 02 - Cardiologia",http://d1jsa4jz7pnf5n.cloudfront.net/105/_ent/12082/2022/ID_3039b_v2.jpg?1654725860086
"71b693b6-d718-485d-9b17-11e834a34537","2023 R+ Oncologia 3 - Tumores Gastrointestinais I",https://d1jsa4jz7pnf5n.cloudfront.net/77/_ent/1204/2023/imagem33_v2.jpg?1696261720335
"72272459-cbf1-4b29-aa34-b893e25ad29c","2025 R+ Reumatologia 3 - Osteoartrite, Gota, Fibromialgia, Febre Reumática e Artrite Séptica",https://d1jsa4jz7pnf5n.cloudfront.net/166/_ent/13529/2025/old1196_imagem1753711322111.jpg?1755540351856
"726c5ca0-c921-41af-b931-8482e5cb0ac0","2024 Insuficiência Renal e Distúrbios Hidroeletrolíticos e Ácido-Básicos",https://d1jsa4jz7pnf5n.cloudfront.net/16/_ent/676/2024/imagem27_old677_v4.jpg?1705504276729
"72790236-32af-4386-8da4-9200fe4b9ff9","2024 MED Ciclo Menstrual, Distopia Genital, Incontinência Urinária",https://d1jsa4jz7pnf5n.cloudfront.net/17/_ent/655-b/2024/imagem1717447690310_v2.png?1719502497586
"730e7c00-47d3-4c07-a36b-c56c7fef2b10","2023 Introdução à Nefrologia, As Doenças Glomerulares ",http://d1jsa4jz7pnf5n.cloudfront.net/16/_ent/673/2023/imagem40_v3.jpg?1671636233272
"731b25fb-c70d-49d2-a855-7267a6919c6f","2024 VENTILAMED Ventilação Não Invasiva (VNI) e Oxigenoterapia nasal de alto fluxo (ONAF)",https://d1jsa4jz7pnf5n.cloudfront.net/104/_ent/12076/2024/q10bonus.jpg?1721421445215
"738db2ae-9c27-4b6d-8e28-4784a4cdb770","2022 R+ ENDOSCOPIA CLM 32",http://d1jsa4jz7pnf5n.cloudfront.net/77/_ent/1194/2022/imagem03_v2_v2_v3.jpg?1660222978311
"740ed62c-ebfb-4a5a-8dcf-0e5ddd6d9903","2025 R+ Nefrologia 2 - Falência Renal",https://d1jsa4jz7pnf5n.cloudfront.net/166/_ent/13523/2025/imagem1714157542751.jpg?1751399416921
"741ff354-b591-47fb-a72f-b1a3d1a6aa9c","2025 R+ Geriatria - Alterações Fisiológicas, Avaliação Geriátrica, Síndromes Geriátricas e Doenças Neurodegenerativas",https://d1jsa4jz7pnf5n.cloudfront.net/77/_ent/1173/2025/imagem21_v2_v2.jpg?1741976605070
"74bdabcd-1326-42eb-a014-74d3299288c3","2024 R+ ENDOSCOPIA CLM 30",https://d1jsa4jz7pnf5n.cloudfront.net/77/_ent/1192/2024/imagem1719601576516.jpg?1720438753765
"758efdf1-4723-46f4-af11-125054e37dd3","2023 Principais Síndromes Febris ",https://d1jsa4jz7pnf5n.cloudfront.net/16/_ent/612-b/2023/imagem34.jpg?1695659271355
"7603e11e-f719-442b-bf5f-cd28681c5c5b","2021 Diabetes Mellitus; Obesidade; Distúrbios Nutricionais",http://d1jsa4jz7pnf5n.cloudfront.net/16/2021/25134/imagem44.jpg?1628616823962
"76a9e4f2-b7e7-4134-a37d-cab8ddc275ec","2024 R+ Infectologia 2 - Infecções Pulmonares",https://d1jsa4jz7pnf5n.cloudfront.net/166/_ent/13513/2024/imagem1710329302623.jpg?1723129019105
"76c4bc04-0a0e-48a5-87d6-a6c286ae414c","2025 R+ ENDOSCOPIA CLM 08",https://d1jsa4jz7pnf5n.cloudfront.net/77/_ent/1170/2025/imagem106.jpg?1740083731008
"77648724-37d3-4bc9-97d8-03c340764a31","2025 R+ Neurologia 2 - Cefaleias e Epilepsia",https://d1jsa4jz7pnf5n.cloudfront.net/77/_ent/1171/2025/imagem1706212540606.jpg?1738697869065
"7834d1e1-7a24-4e75-8992-dc9dc6a938ea","2025 REVALIDAAÇÃO2 - CLÍNICA MÉDICA - PNEUMOLOGIA",https://d1jsa4jz7pnf5n.cloudfront.net/117/_ent/12985/2025/imagem1679689364376.png?1761137923288
"787d737a-07c6-454e-a0e9-370d2bdd2442","2021 CPMR2 D2 - EXTRA 2",http://d1jsa4jz7pnf5n.cloudfront.net/101/_ent/12511/2021/barra_branca.jpg?1636412107824
"79f516e3-d0bd-4ce6-b2e9-941e92501630","2023 R+ ENDOSCOPIA CLM 09",https://d1jsa4jz7pnf5n.cloudfront.net/77/_ent/1171/2023/imagem1675041577818_v2.jpg?1676400519536
"79fdb7ba-4208-4fb0-9517-7d086eca74db","2025 INTCLM2 CAR",https://d1jsa4jz7pnf5n.cloudfront.net/14/_ent/1432/2025/imagem1751319890065_v3.png?1756144445522
"8057e2dc-f415-418c-ae40-17613129aab2","2025 R+ ENDOSCOPIA CLM 16",https://d1jsa4jz7pnf5n.cloudfront.net/77/_ent/1178/2025/imagem1711113425321.jpg?1743185677635
"807fe366-0eb1-4273-b3c4-faf0dbb4a2ce","2023 MED ATB - TRATAMENTO DA ENDOCARDITE INFECCIOSA",https://d1jsa4jz7pnf5n.cloudfront.net/116/_ent/12943/2023/imagem1691701522876_v3.png?1695755383209
"7ac51e32-f10d-45dd-a68c-646ec8ecb354","2025 R+ Infectologia 2 - Infecções Pulmonares",https://d1jsa4jz7pnf5n.cloudfront.net/166/_ent/13513/2025/imagem1710329302623.jpg?1744720036341
"7b239306-ef22-4b55-9f73-2171df7344e5","2024 CPMR2 D2 - EXTRA 3",https://d1jsa4jz7pnf5n.cloudfront.net/101/_ent/12189/2024/barra_branca.jpg?1731611917253
"7c07198f-df8c-46ac-8b60-832a91eed3ae","2024 R+ Reumatologia 1 - Artrite Reumatoide, Espondiloartropatias Soronegativas, Síndrome de Sjögren, Lúpus, SAAF e Esclerose Sistêmica",https://d1jsa4jz7pnf5n.cloudfront.net/166/_ent/13527/2024/imagem1720991561022.jpg?1723148346848
"7c671bb7-82bd-470a-9e97-14133ff3c0f7","2022 R+ Gastroenterologia 1 - Doenças do Esôfago e do Estômago",http://d1jsa4jz7pnf5n.cloudfront.net/77/_ent/1167/2022/imagem42.jpg?1643720472661
"7c8e92a7-5f30-4e1f-9fad-ad2fce016fd4","2025 INTCLM1 INF - ENAMED 2025",https://d1jsa4jz7pnf5n.cloudfront.net/179/_ent/13662/2025/old1431_imagem1750117899686.jpg?1757020582912
"7cb29919-dcf1-486d-892d-f24fa61bad0b","2024 - REVALIDAAÇÃO - CLÍNICA MÉDICA - PNEUMOLOGIA",https://d1jsa4jz7pnf5n.cloudfront.net/117/_ent/12985/2024/imagem1679689364376.png?1712751904398
"7d244f74-f94c-4cda-b4ba-e195ce692fb3","2023 R+ ENDOSCOPIA CLM 35",https://d1jsa4jz7pnf5n.cloudfront.net/77/_ent/1197/2023/(1)249002-1e8eb7b0-f323-4e71-952c-c74b9db40729.png?1692710665605
"7d32e06d-c0f5-44a9-9d0e-314d8d9355fa","2024 R+ Cardiologia 2 - Insuficiência Cardíaca, Miocardiopatias e Pericardiopatias",https://d1jsa4jz7pnf5n.cloudfront.net/166/_ent/13517/2024/imagem45.jpg?1723139099414
"7d6ec3a0-9b99-46d0-8f3b-3ca7c673cf34","2022 R+ Reumatologia 3 - Osteoartrite, Gota, Outras Artropatias e Fibromialgia",http://d1jsa4jz7pnf5n.cloudfront.net/77/_ent/1196/2022/imagem02.jpg?1661268812280
"865c7c7b-a708-4876-848e-0593fbdb66dd","2024 R+ Psiquiatria 2 - Transtornos do Humor, Ansiedade, Alimentares e Psicóticos",https://d1jsa4jz7pnf5n.cloudfront.net/77/_ent/1175/2024/imagem1708962683309_v3.png?1709823679664
"7d7b88d1-c04c-4f71-997f-0e9bcd572601","2022 R+ Reumatologia 1 - Artrite Reumatoide, Espondiloartropatias Soronegativas, Síndrome de Sjögren, Lúpus, SAAF e Esclerose Sistêmica",http://d1jsa4jz7pnf5n.cloudfront.net/77/_ent/1194/2022/imagem03_v2_v2_v3.jpg?1660222978311
"7d80bbeb-0b66-4e18-90a0-4490aa33ef3b","2025 R+ Oncologia 3 - Tumores Gastrointestinais I",https://d1jsa4jz7pnf5n.cloudfront.net/77/_ent/1204/2025/imagem1754924970175.png?1756996308563
"7f1d713b-b788-4d17-8a75-25b1bbe52e74","2024 R+ Reumatologia 2 - Miopatias Inflamatórias, Vasculites, Policondrite Recidivante, Doenças Relacionadas ao IgG4 e Autoinflamatórias",https://d1jsa4jz7pnf5n.cloudfront.net/166/_ent/13528/2024/imagem_77_26764_35990.jpg?1723148865907
"7f26abd3-deda-4c46-9f7b-68dbb6d7de6d","2022 Diabetes Mellitus; Obesidade; Distúrbios Nutricionais",http://d1jsa4jz7pnf5n.cloudfront.net/16/_ent/589-b/2022/2022_DIA_APO_MDC_END03_TABELAS_v02_p11.png?1660736432099
"7f8068b0-5168-4638-a85b-aaf8160376dc","2024 REVALIDAAÇÃO2 - CLÍNICA MÉDICA - ENDOCRINOLOGIA",https://d1jsa4jz7pnf5n.cloudfront.net/117/_ent/12986/2024/imagem1711136462846_v2.jpg?1730212405329
"7fb38192-70f6-4c92-9163-b3b4163909eb","2025 - REVALIDAAÇÃO - PEDIATRIA - NEONATOLOGIA",https://d1jsa4jz7pnf5n.cloudfront.net/117/_ent/12987/2025/imagem1729261726565.png?1745521658142
"7fb6a5e9-21fd-4def-8304-a2691d629855","2023 R+ Paciente Crítico 2 - Neurointensivismo e Cuidados Paliativos",http://d1jsa4jz7pnf5n.cloudfront.net/77/_ent/1164-b/2023/2020_DIA_TAB_R3_CLM02_09_v2.jpg?1672145337702
"80109500-5ab2-4727-aed6-2837334f2c8e","2025 R+ Gastroenterologia 2 - Doenças dos Intestinos Delgado e Grosso",https://d1jsa4jz7pnf5n.cloudfront.net/166/_ent/13507/2025/2019_DIA_TAB_R3_CLM06_16_v2_v3.jpg?1742567150203
"81879337-fae5-41b5-8184-0573c8cad18d","2024 R+ Sofrimento Fetal",https://d1jsa4jz7pnf5n.cloudfront.net/80/_ent/1308/2024/imagem1679997288813.jpg?1712846056729
"81f15134-3f33-42bd-b915-9650748e744a","2025 Distúbios Nutricionais na Infância e Imunizações",https://d1jsa4jz7pnf5n.cloudfront.net/16/_ent/689/2025/imagem1682621598982_old690_v3.jpg?1751051965572
"82715fcb-be3f-422e-a0d8-220ad804ed01","2025 INTCLM2 HEP - ENAMED 2025",https://d1jsa4jz7pnf5n.cloudfront.net/179/_ent/13669/2025/old1433_imagem1751307539224.jpg?1757020944250
"82e4cc8f-59dc-43ef-ad73-207ad3decd98","2021 Sistema Único de Saúde",http://d1jsa4jz7pnf5n.cloudfront.net/16/2021/25278/imagem11_v2.jpg?1626725254263
"83157862-f68f-4cf3-a220-30e591044be5","2023 REVALIDAAÇÃO2 - SISTEMA ÚNICO DE SAÚDE",https://d1jsa4jz7pnf5n.cloudfront.net/117/_ent/12995/2023/imagem1699009557709.png?1699461679145
"832da847-ceba-4b45-aecb-bd9bef3bdda7","2022 Ciclo Menstrual, Anticoncepção, Amenorreia, Síndrome dos Ovários Policísticos",http://d1jsa4jz7pnf5n.cloudfront.net/16/_ent/595/2022/imagem100_v2.jpg?1642185037515
"83578855-9aa9-442c-bc01-d0c21f86e402","2025 R+ Infectologia 3 - HIV e Aids",https://d1jsa4jz7pnf5n.cloudfront.net/77/_ent/1178/2025/imagem1711113425321.jpg?1743185677635
"835b725d-e9e8-49cf-9adb-81ac07589af3","2025 TEGO Medicina Fetal 3",https://d1jsa4jz7pnf5n.cloudfront.net/80/_ent/1319/2025/imagem1718066059617.jpg?1751465271120
"83dc41a4-b1ff-43ff-9bdc-29da12016304","2024 R+ Gastroenterologia 3 - Doenças do Pâncreas",https://d1jsa4jz7pnf5n.cloudfront.net/166/_ent/13508/2024/imagem1705513408202.jpg?1723126164199
"856d7ccc-dccb-4499-9f92-fb1baf357b34","2025 R+ Cardiologia 1 - Hipertensão Arterial Sistêmica e Valvulopatias",https://d1jsa4jz7pnf5n.cloudfront.net/166/_ent/13516/2025/imagem1712599365981.jpg?1747138690277
"85ec062b-078d-4488-afe5-3705f3295a3e","2024 R+ Gastroenterologia 2 - Doenças dos Intestinos Delgado e Grosso",https://d1jsa4jz7pnf5n.cloudfront.net/166/_ent/13507/2024/2019_DIA_TAB_R3_CLM06_16_v2_v2.jpg?1723125576381
"86056c73-f8b8-470e-b813-ffed6a1182b1","2025 TED -Genodermatoses 3: Bolhosas; Neurocutâneas; Acantolíticas; Outras genodermatoses",https://d1jsa4jz7pnf5n.cloudfront.net/120/_ent/12714/2025/imagem1756213635720_v2.PNG?1756307320158
"86bf294a-9b1d-4750-9c9c-69b180bab14e","2025 Anemias",https://d1jsa4jz7pnf5n.cloudfront.net/16/_ent/601/2025/imagem1738094378417.jpg?1744384858262
"86f970de-a922-4fb7-b1ac-907b734ed133","2021 Doença Hipertensiva Específica da Gravidez, Doenças Intercorrentes na Gestação e Gemelaridade",http://d1jsa4jz7pnf5n.cloudfront.net/16/2021/25257/imagem57.jpg?1629122707076
"86fee288-3f64-444c-87bf-d41537d3fed7","2024 REVALIDAAÇÃO2 - REUMATOLOGIA",https://d1jsa4jz7pnf5n.cloudfront.net/117/_ent/13011/2024/imagem1682001072749_v2.jpg?1734527554000
"874ecb77-9df1-4b6f-9a45-913dfbf694ad","2024 R+ ENDOSCOPIA CLM 33",https://d1jsa4jz7pnf5n.cloudfront.net/77/_ent/1195/2024/imagem_77_26764_35990.jpg?1722262000143
"878af7ff-a4f3-43bc-b252-0868cedbc060","2023 VENTILAMED SDRA e COVID-19",https://d1jsa4jz7pnf5n.cloudfront.net/104/_ent/12077/2023/VMED-9.jpg?1684160287642
"8803bdd6-00f7-4d10-a6a9-cb66c77a037d","2024 R+ Hematologia 1 - Abordagem das Anemias",https://d1jsa4jz7pnf5n.cloudfront.net/166/_ent/13530/2024/imagem1717772699408.jpg?1725469819244
"885de3e7-6568-4808-ab5f-427ea1d728cb","2024 REVALIDAAÇÃO2 - PRÉ-ECLÂMPSIA, DIABETES, SOFRIMENTO FETAL E PUERPÉRIO",https://d1jsa4jz7pnf5n.cloudfront.net/117/_ent/13015/2024/imagem1683058850273_v2.jpg?1735569486770
"888103e6-f091-4762-ba68-3897f4646d8f","2023 - REVALIDAAÇÃO - CIRURGIA - TRAUMA 2 E QUEIMADURA ",https://d1jsa4jz7pnf5n.cloudfront.net/117/_ent/13001/2023/imagem1681317003401.png?1683301275287
"88c6dbb7-81c7-42cd-a786-8c8bff74cc45","2025 - REVALIDAAÇÃO - CLÍNICA MÉDICA - ENDOCRINOLOGIA",https://d1jsa4jz7pnf5n.cloudfront.net/117/_ent/12986/2025/imagem1711136462846_v2.jpg?1745515360120
"8907641c-30af-43ec-b7df-7ddb176b2661","2025 TED -Dermatoses infecciosas 6: Dermatoses virais",https://d1jsa4jz7pnf5n.cloudfront.net/120/_ent/12710/2025/old12703_imagem1720187565053_v3.png?1753300998554
"89a00242-850d-464b-87ec-a8cf079ec0f4","2025 R+ Cardiologia 2 - Insuficiência Cardíaca, Miocardiopatias e Pericardiopatias",https://d1jsa4jz7pnf5n.cloudfront.net/166/_ent/13517/2025/imagem45.jpg?1747741314962
"8a9d5806-96d8-4106-9e08-49b37a9ed8a0","2023 - REVALIDAAÇÃO - OBS 2: ASSISTÊNCIA PRÉ-NATAL E PARTO",https://d1jsa4jz7pnf5n.cloudfront.net/117/_ent/13003/2023/imagem1680793496711.jpg?1683046638317
"8b15523b-1b71-4adf-a12e-e27306cec00f","2024 R+ Paciente Crítico 2 - Neurointensivismo e Cuidados Paliativos",https://d1jsa4jz7pnf5n.cloudfront.net/166/_ent/13503/2024/2020_DIA_TAB_R3_CLM02_09_v2.jpg?1723122283658
"8b3e26a6-c3ba-4632-b13e-e14639363102","2022 Intestinos Parte 2",http://d1jsa4jz7pnf5n.cloudfront.net/16/_ent/593/2022/imagem49_v2.jpg?1651769669788
"8b4a8dae-f100-48b5-82b2-ea1c923b3bcb","2022 R+ ENDOSCOPIA CLM 16",http://d1jsa4jz7pnf5n.cloudfront.net/77/_ent/1178/2022/imagem71.jpg?1650459814716
"8bb03617-6ee7-4915-8a24-fa8d50810eeb","2022 Imunização",http://d1jsa4jz7pnf5n.cloudfront.net/16/_ent/689-b/2022/imagem22_v4.jpg?1656516898380
"8bd14a09-3ed4-4441-ac84-a9e54785d30a","2024 MED ATB - INFECÇÕES BACTERIANAS DO TRATO URINÁRIO",https://d1jsa4jz7pnf5n.cloudfront.net/116/_ent/12939/2024/imagem1693493443601_v4.png?1716233624705
"8c03475a-3597-4053-bdf5-a8f0c33090ff","2024 R+ ENDOSCOPIA CIR 33",https://d1jsa4jz7pnf5n.cloudfront.net/78/_ent/1238/2024/imagem54.jpg?1722280640544
"8c2444ad-72b9-40f6-b983-3f97c53d7469","2023 CPMR D2 - EXTRA 1",https://d1jsa4jz7pnf5n.cloudfront.net/101/_ent/12510/2023/barra_branca.jpg?1686163108547
"8cf4316b-030b-48ee-981f-555c3ab85d27","2024 R+ ENDOSCOPIA CLM 04",https://d1jsa4jz7pnf5n.cloudfront.net/77/_ent/1166/2024/imagem1704980118463.jpg?1705922577678
"8cf7d23f-578e-4c9e-96e4-2921d08d8826","2024 - REVALIDAAÇÃO - OBS 3: DOENÇAS INTERCORRENTES NA GESTAÇÃO, SOFRIMENTO FETAL AGUDO E PUERPÉRIO",https://d1jsa4jz7pnf5n.cloudfront.net/117/_ent/13015/2024/imagem1683058850273_v2.jpg?1716994734972
"8d0f3060-d97d-496e-9717-c9156865e0a0","2025 MASTO GO Medicina Fetal 3",https://d1jsa4jz7pnf5n.cloudfront.net/80/_ent/1319/2025/imagem1718066059617.jpg?1751465271120
"8d253ba2-cae7-424f-95fa-58801731b15e","2025 Introdução à Nefrologia, As Doenças Glomerulares ",https://d1jsa4jz7pnf5n.cloudfront.net/16/_ent/673/2025/imagem1731004998703_v2.png?1734965104583
"8d47724f-ce44-4c2a-acf2-214bc5cf023d","2024 MED O Parto",https://d1jsa4jz7pnf5n.cloudfront.net/17/_ent/662-b/2024/imagem99_v4.jpg?1724761151295
"8de46224-01dd-435f-91b6-057c30e0b68b","2025 R+ ENDOSCOPIA CLM 35",https://d1jsa4jz7pnf5n.cloudfront.net/77/_ent/1197/2025/(1)249002-1e8eb7b0-f323-4e71-952c-c74b9db40729.png?1754597525358
"8df354a7-abf1-4674-969f-404e77d20c26","2023 - REVALIDAAÇÃO -REUMATOLOGIA",https://d1jsa4jz7pnf5n.cloudfront.net/117/_ent/13011/2023/imagem1682001072749_v2.jpg?1685456922412
"926f3a31-fa3c-4e9f-b916-cf2bf50fdf45","2025 R+ ENDOSCOPIA CLM 40",https://d1jsa4jz7pnf5n.cloudfront.net/77/_ent/1202/2025/imagem1664581093695_v5.png?1756408497830
"8e9a7084-6b2b-44e1-9bc3-9a23deb19bbe","2024 RADIOLOGIA 03",https://d1jsa4jz7pnf5n.cloudfront.net/53/_ent/12930/2024/imagem1665259061060_v2.jpg?1730482734353
"8f6016e4-2f78-43cd-a6d9-181a7f96c2a7","2022 R+ ENDOSCOPIA CLM 35",http://d1jsa4jz7pnf5n.cloudfront.net/77/_ent/1197/2022/(1)249002-1e8eb7b0-f323-4e71-952c-c74b9db40729.png?1661970640784
"93527c12-d20b-49a9-9b98-726cf37e499b","2024 R+ ENDOSCOPIA CLM 40",https://d1jsa4jz7pnf5n.cloudfront.net/77/_ent/1202/2024/imagem1664581093695_v4.png?1726152938659
"8fd10d39-5334-4b1e-85f4-a3580ac19597","2025 CPMR D2 - EXTRA 2 (NÃO USAR)",https://d1jsa4jz7pnf5n.cloudfront.net/101/_ent/12188/2025/barra_branca.jpg?1749673286635
"8ff1a96c-3394-4620-8992-bc746d65304d","2024 - REVALIDAAÇÃO - CLÍNICA MÉDICA - ENDOCRINOLOGIA",https://d1jsa4jz7pnf5n.cloudfront.net/117/_ent/12986/2024/imagem1711136462846.jpg?1712586573304
"90133bcf-2202-421d-b817-a3fc5eea4e61","2025 MED  Hemorragia Digestiva",https://d1jsa4jz7pnf5n.cloudfront.net/17/_ent/616/2025/imagem1669065615749_v4.jpg?1738589178565
"90141dac-c4c6-404f-83e5-8d34eec756d6","2025 Especialidades Pediátricas",https://d1jsa4jz7pnf5n.cloudfront.net/16/_ent/692/2025/imagem1754492558946_v2.PNG?1756416488973
"96a0d063-95ad-4e83-a3a5-0eb3212935f3","2022 R+ Medicina Fetal 3",http://d1jsa4jz7pnf5n.cloudfront.net/80/_ent/1319/2022/imagem40.jpg?1653946547813
"9097fce4-0f7e-4a4f-a816-092669ea8ce5","2025 CPMR D2 - EXTRA 1",https://d1jsa4jz7pnf5n.cloudfront.net/101/_ent/12187/2025/barra_branca.jpg?1750284567465
"90abd205-00b3-4fbf-a6bd-d3dd8128530a","2025 - REVALIDAAÇÃO - CLÍNICA MÉDICA - PNEUMOLOGIA",https://d1jsa4jz7pnf5n.cloudfront.net/117/_ent/12985/2025/imagem1679689364376.png?1745515289922
"918c31d9-7753-4dff-9593-23e2c6021bc4","2025 R+ Psiquiatria 1 - Distúrbios do Sono, Delirium e Transtornos Relacionados às Drogas",https://d1jsa4jz7pnf5n.cloudfront.net/77/_ent/1174/2025/2020_DIA_TAB_R3_CLM12_4_v2_v3.jpg?1741183888390
"91dd4ba8-f556-4cd8-8724-e9c7273c749a","2025 R+ Neurologia 1 - Doença Cerebrovascular e Neurorradiologia",https://d1jsa4jz7pnf5n.cloudfront.net/77/_ent/1170/2025/imagem106.jpg?1740083731008
"92e0c89a-cc1c-43e7-a21b-ee173896a5b9","2022 R+ ENDOSCOPIA CLM 31","http://d1jsa4jz7pnf5n.cloudfront.net/77/_ent/1193/2022/xdisease_b1_jpg,qitok=uh4rvIjX_pagespeed_ic_3zxalII-DW_v2.jpeg?1659702289826"
"92f68671-dacc-4387-b42d-5b207663ee64","2025 R+ ENDOSCOPIA CLM 39",https://d1jsa4jz7pnf5n.cloudfront.net/77/_ent/1201/2025/imagem1753984214750.jpg?1755535878986
"93210dd0-37a3-44ff-a231-83ec2551d375","2024 TED - Dermatoses inflamatórias 3: Eczemas",https://d1jsa4jz7pnf5n.cloudfront.net/120/_ent/12687/2024/imagem1714499128782.jpeg?1715959978220
"93620648-bcfa-41b8-990c-a658e96d7134","2024 R+ Grandes Emergências Pediátricas 2 - Trauma Pediátrico",https://d1jsa4jz7pnf5n.cloudfront.net/79/_ent/1274/2024/imagem1683663321036_v2.jpg?1717184866158
"93969272-4672-4263-8cc0-f1fd8c696d13","2024 R+ Neurologia 2 - Cefaleias e Epilepsia",https://d1jsa4jz7pnf5n.cloudfront.net/77/_ent/1171/2024/imagem1706212540606.jpg?1707331555940
"9446e2ff-6707-4c0e-9007-43805af3d646","2022 Anemias",http://d1jsa4jz7pnf5n.cloudfront.net/16/_ent/601/2022/imagem73.jpg?1649360912788
"946e5d05-f042-41cc-b92c-f7a23dc75dc1","2024 R+ ENDOSCOPIA CLM 43",https://d1jsa4jz7pnf5n.cloudfront.net/77/_ent/1205/2024/imagem1725471470469.jpg?1726688412687
"9500e582-e19c-45b8-8d1e-1a7821be7c6e","2022 Doença Hipertensiva Específica da Gravidez, Doenças Intercorrentes na Gestação e Gemelaridade",http://d1jsa4jz7pnf5n.cloudfront.net/16/_ent/683-b/2022/2022_DIA_APO_MED_OBS02_TABELAS_v02_3_v3.jpg?1661460506609
"9582a0d9-7eab-4028-87da-245c5ebac43c","2025 Principais Doenças Pulmonares",https://d1jsa4jz7pnf5n.cloudfront.net/16/_ent/696-b/2025/imagem1751313064550.jpg?1756474196709
"95e92ea1-e0ce-4aad-af86-6e71b8f5babe","2025 R+ Gastroenterologia 3 - Doenças do Pâncreas",https://d1jsa4jz7pnf5n.cloudfront.net/166/_ent/13508/2025/imagem1705513408202.jpg?1742567571782
"96050c97-c2fd-4229-9669-29f7b6d08a14","2023 MED Síndromes Anêmicas",https://d1jsa4jz7pnf5n.cloudfront.net/17/_ent/644-b/2023/imagem38_v2.jpg?1690207305430
"960e315e-b779-4559-a6c6-14f9addb693e","2023 R+ Grandes Emergências Pediátricas 2 - Trauma Pediátrico",https://d1jsa4jz7pnf5n.cloudfront.net/79/_ent/1274/2023/imagem1683663321036_v2.jpg?1686751040164
"9684d7d3-a42e-4811-8bac-a5d9ad441626","2025 - REVALIDAAÇÃO - INFECTOLOGIA ",https://d1jsa4jz7pnf5n.cloudfront.net/117/_ent/13002/2025/imagem1680111748194_v2.jpg?1747927354223
"9696f622-45be-451d-8971-5a44b5d4a6f6","2025 INTCLM2 NEU",https://d1jsa4jz7pnf5n.cloudfront.net/14/_ent/1435/2025/imagem1751054427519.jpg?1755805694119
"969c0768-b37d-4543-be33-55fd2ce8380c","2023 MASTO GO Medicina Fetal 3",https://d1jsa4jz7pnf5n.cloudfront.net/80/_ent/1319/2023/imagem40.jpg?1688654151740
"96e0c326-d0ab-4ab6-a529-a48768706578","2022 Distúrbio do Equilíbrio Eletrolítico-Acidobásico,  Interpretação da Gasometria Arterial",http://d1jsa4jz7pnf5n.cloudfront.net/16/_ent/675/2022/cimetina_v3.PNG?1643054783824
"96f3b463-4ad9-46f1-83b9-7bb3b1d1c320","2024 R+ Infectologia 2 - Infecções Pulmonares",https://d1jsa4jz7pnf5n.cloudfront.net/77/_ent/1177/2024/imagem1710329302623.jpg?1711120221457
"9772d8e7-4968-4e82-8464-efc95fcbfaff","2025 R+ Gastroenterologia 3 - Doenças do Pâncreas",https://d1jsa4jz7pnf5n.cloudfront.net/77/_ent/1169/2025/imagem1705513408202.jpg?1738004496089
"977fc44b-749e-4bf6-8cd3-47e26367f14e","2025 R+ Infectologia 4 - Principais Síndromes Febris",https://d1jsa4jz7pnf5n.cloudfront.net/166/_ent/13515/2025/imagem1711472850773.JPG?1745928965363
"97a23b4c-22e6-4cf2-80c8-3eb42713fb15","2024 R+ ENDOSCOPIA CLM 31",https://d1jsa4jz7pnf5n.cloudfront.net/77/_ent/1193/2024/Inoculation-chagoma-on-the-dorsal-surface-of-the-left-hand-at-the-base-of-the-thumb-21_Q640.jpeg?1720531585726
"97ce17c7-fd87-43c0-baab-d2491b57eb0c","2023 REVALIDAAÇÃO2 - CIRURGIA - TRAUMA 2 E QUEIMADURA",https://d1jsa4jz7pnf5n.cloudfront.net/117/_ent/13001/2023/imagem1681317003401.png?1700590380119
"9850bc2c-c58a-4e45-9e97-288f3663a69d","2025 MED ATB - TRATAMENTO DA ENDOCARDITE INFECCIOSA",https://d1jsa4jz7pnf5n.cloudfront.net/116/_ent/12943/2025/imagem1748276110876.png?1749123342073
"989abadb-1bfe-4479-9a5d-01a47853250b","2025 Distúrbios Hidroeletrolíticos e Ácido-Básicos e Insuficiência Renal",https://d1jsa4jz7pnf5n.cloudfront.net/16/_ent/676/2025/imagem1736971805650.jpg?1737472112444
"989adb6e-17e7-40b7-9980-de5350e60cdb","2022 R+ Oncologia 3 - Tumores Gastrointestinais I",http://d1jsa4jz7pnf5n.cloudfront.net/77/_ent/1204/2022/imagem33_v2.jpg?1666104519863
a078a5b9-dc9d-438a-97eb-c08b56fca2c9,"2025 INTCLM2 NEU - ENAMED 2025",https://d1jsa4jz7pnf5n.cloudfront.net/179/_ent/13667/2025/old1435_imagem1751054427519.jpg?1757020995709
"99fcfe5e-9365-430d-9737-ca62eea12770","2023 MED Sofrimento Fetal, Puerpério, Fórcipe",https://d1jsa4jz7pnf5n.cloudfront.net/17/_ent/660-b/2023/Tabela_Amamentacao_Outros_v3.jpg?1685362990965
"9a03c861-ada1-44ec-ac4c-26d008a31073","2021 Resposta Endócrina e Imunológica ao Trauma, Queimaduras, Cicatrização de Feridas, Choque",http://d1jsa4jz7pnf5n.cloudfront.net/16/2021/25126/imagema311.jpg?1622210599977
"9a0a941d-35b7-4e80-b48a-f2ef3a45a1a0","2023 - REVALIDAAÇÃO - CLÍNICA MÉDICA - GASTROENTEROLOGIA",https://d1jsa4jz7pnf5n.cloudfront.net/117/_ent/12996/2023/imagem1679661130738.jpg?1682449390031
"9a835045-6060-484d-9909-35705f5448ca","2023 R+ Hematologia 1 - Abordagem das Anemias",https://d1jsa4jz7pnf5n.cloudfront.net/77/_ent/1198/2023/imagem67.jpg?1693569516367
"9b303bfc-349b-4b56-ae40-165939f9280c","2023 Infecções Sexualmente Transmissíveis",https://d1jsa4jz7pnf5n.cloudfront.net/16/_ent/600-b/2023/imagem86_v3.jpg?1694464079800
"9b3efb72-ab58-421d-8242-21b446c13e4d","2023 REVALIDAAÇÃO2 - PEDIATRIA - NEONATOLOGIA",https://d1jsa4jz7pnf5n.cloudfront.net/117/_ent/12987/2023/imagem1697388240975.jpg?1698866321654
"9ba51241-339f-4159-b866-ee4afad8b915","2024 R+ ENDOSCOPIA CLM 24",https://d1jsa4jz7pnf5n.cloudfront.net/77/_ent/1186/2024/imagem1714070091739.jpg?1716920014933
"9bef8eb2-0f19-4263-a5cb-6bf95a84bb82","2024 R+ Medicina Preventiva - Epidemiologia Clínica, Saúde Coletiva, Declaração de Óbito e Ética Médica",https://d1jsa4jz7pnf5n.cloudfront.net/77/_ent/1206-b/2024/imagem108_v2_v3.jpg?1727206725073
"9cc7611a-32ee-4df9-a172-3e4ebcbd54a6","2024 R+ Nefrologia 3 - Distúrbios Eletrolíticos e Acidobásicos",https://d1jsa4jz7pnf5n.cloudfront.net/77/_ent/1189/2024/2020_DIA_TAB_R3_CLM27_4_v2_v5.jpg?1718363255591
fee6c263-52ad-487d-8460-2ba4d0811d8f,"2024 - REVALIDAAÇÃO - HEMATOLOGIA",https://d1jsa4jz7pnf5n.cloudfront.net/117/_ent/13014/2024/imagem1699648640126.jpg?1717611014031
a2125411-689d-4f16-8d3d-05112c916d6e,"2021 MEDIMAGEM R 11 - Ginecologia",http://d1jsa4jz7pnf5n.cloudfront.net/105/2021/27211/obstrucao_infravesica_01.jpg?1628955617013
a347741e-5118-467d-bbcf-7256af1a804b,"2024 R+ ENDOSCOPIA CLM 36",https://d1jsa4jz7pnf5n.cloudfront.net/77/_ent/1198/2024/imagem1717772699408.jpg?1723666715082
a358cbb0-a27b-4c12-b4f1-fd4538d519a9,"2022 Esôfago, Estômago, e Duodeno",http://d1jsa4jz7pnf5n.cloudfront.net/16/_ent/591/2022/imagem75.jpg?1651495004424
"9ec11d1b-54d5-41bd-aae2-7b6a9b411f4f","2022 RADIOLOGIA 01",http://d1jsa4jz7pnf5n.cloudfront.net/53/_ent/12928/2022/imagem1665258688485.jpg?1665662499149
"9ec30086-324b-4299-8c5e-67dd47d32417","2022 MED Amenorreia e Infertilidade",http://d1jsa4jz7pnf5n.cloudfront.net/17/_ent/656-b/2022/imagem74_v2106914.jpg?1659015242021
"9f359138-d909-439a-bbfb-80a058f14e15","2022 Doenças Benignas e Malignas do Colo, do Corpo do Útero, da Vulva e da Vagina",http://d1jsa4jz7pnf5n.cloudfront.net/16/_ent/599-b/2022/imagem44_v2_v2.jpg?1658841959104
"9f78f7a8-44db-40ec-8ef7-1c127a9c59cf","2025 R+ Infectologia 2 - Infecções Pulmonares",https://d1jsa4jz7pnf5n.cloudfront.net/166/_ent/13534/2025/imagem1710329302623.jpg?1744720100582
a0e2c493-d6fc-4f7e-8f7b-1ba72ffe90cb,"2024 Hiperplasia e Câncer de Endométrio, Lesões Intraepiteliais e Câncer de Colo Uterino, da Vulva e da Vagina",https://d1jsa4jz7pnf5n.cloudfront.net/16/_ent/599-b/2024/imagem1716314758887.png?1721916678121
a10dc552-326b-4e67-a2a7-02c8fc50e486,"2024 R+ ENDOSCOPIA CLM 07",https://d1jsa4jz7pnf5n.cloudfront.net/77/_ent/1169/2024/imagem1705513408202.jpg?1706016922642
a123230c-c70f-4b30-af70-c6a70bc0d13d,"2024 R+ Cardiologia 2 - Insuficiência Cardíaca, Miocardiopatias e Pericardiopatias",https://d1jsa4jz7pnf5n.cloudfront.net/77/_ent/1182/2024/imagem45.jpg?1715002439015
a1d1e5cf-6dc2-4e48-a50c-68fdab486349,"2025 TEGO Sofrimento Fetal",https://d1jsa4jz7pnf5n.cloudfront.net/80/_ent/1308/2025/imagem1679997288813.jpg?1745327162090
a1ebeb71-1ad1-46e9-8bd0-d40a88089604,"2025 TED -Oncologia 5: Anomalias vasculares",https://d1jsa4jz7pnf5n.cloudfront.net/120/_ent/12695/2025/imagem1744118054456_v3.png?1744390633764
a3608a95-2f7f-43fb-bec0-1323aa3fb836,"2022 R+ ENDOSCOPIA CLM 33",http://d1jsa4jz7pnf5n.cloudfront.net/77/_ent/1195/2022/imagem_77_26764_35990.jpg?1660921814780
a381af81-1b6f-410a-9dca-778d744c5714,"2025 INTCLM1 NEF",https://d1jsa4jz7pnf5n.cloudfront.net/14/_ent/1428/2025/imagem1750262888913.jpg?1755623725759
a39b97fe-e96c-4d5c-af46-bfe167b02dce,"2023 REVALIDAAÇÃO2 - CLÍNICA MÉDICA - HEPATOLOGIA",https://d1jsa4jz7pnf5n.cloudfront.net/117/_ent/12999/2023/imagem1681168426770_v3.jpg?1700567449807
a3a66816-82c9-4e16-8b01-56c5b60f22fc,"2025 INTCLM2 END - ENAMED 2025",https://d1jsa4jz7pnf5n.cloudfront.net/179/_ent/13665/2025/old1434_imagem1750701586453.jpg?1757020873949
a3d8de22-aef0-482a-8bd1-0e6bbe9ba74e,"2022 MASTO GO Medicina Fetal 3",http://d1jsa4jz7pnf5n.cloudfront.net/80/_ent/1319/2022/imagem40.jpg?1653946547813
a3dbdd93-8994-4f21-8366-29beb0616b4e,"2024 MED Sopros Cardíacos",https://d1jsa4jz7pnf5n.cloudfront.net/17/_ent/13412/2024/2022_DIA_APO_MED_CLM26_v01_2.png?1726499552055
a3f46a09-c266-4992-bc39-5312c8c3821c,"2025 Principais Doenças Endócrinas",https://d1jsa4jz7pnf5n.cloudfront.net/16/_ent/587/2025/imagem1750100740856_v3.png?1753130135610
a429cb9d-b093-4ae5-8ae0-0d5d5a404f25,"2022 Intestinos Parte 1",http://d1jsa4jz7pnf5n.cloudfront.net/16/_ent/592/2022/imagem45.jpg?1652300912150
a458c323-0302-4e03-b286-dcc5f1340e8a,"2025 REVALIDAAÇÃO2 - ASSISTÊNCIA PRÉ-NATAL E PARTO",https://d1jsa4jz7pnf5n.cloudfront.net/117/_ent/13003/2025/imagem1680793496711_v2.jpg?1764767629438
a4664fa2-eaf9-4b2e-8844-e9873f188c23,"2022 R+ ENDOSCOPIA CLM 44",http://d1jsa4jz7pnf5n.cloudfront.net/77/_ent/1206-b/2022/imagem108_v2.jpg?1666375024706
a4728c47-8c86-4267-bf8d-5e9a9382ea71,"2024 R+ Endócrino 3 - Suprarrenal, Hipófise, Síndromes Poliglandulares Autoimunes e Neoplasia Endócrina Múltipla",https://d1jsa4jz7pnf5n.cloudfront.net/77/_ent/1192/2024/imagem1719601576516.jpg?1720438753765
a478cc2b-75d5-4492-bfb5-ac340ee926e8,"2022 CPMR D2 - EXTRA 3",http://d1jsa4jz7pnf5n.cloudfront.net/101/_ent/12512/2022/barra_branca.jpg?1652477411270
a4ae5b78-87ba-4367-918f-f69206685b25,"2025 TED -Dermatoses infecciosas 3: Micologia 1 - Superficiais",https://d1jsa4jz7pnf5n.cloudfront.net/120/_ent/12707/2025/imagem1751284355506.png?1751464422653
a5b56f3d-5261-424c-b942-26e60237a824,"2025 REVALIDAAÇÃO2 - INFECTOLOGIA",https://d1jsa4jz7pnf5n.cloudfront.net/117/_ent/13002/2025/imagem1680111748194_v2.jpg?1764010849280
a5c61af9-70c9-4ae6-9783-d54fab525203,"2023 MEDIMAGEM 11 - Ginecologia",https://d1jsa4jz7pnf5n.cloudfront.net/105/_ent/12090/2023/obstrucao_infravesica_01.jpg?1691421644356
a7bdf9b4-eaeb-458b-9af8-077fb6461753,"2023 REVALIDAAÇÃO2 - TRAUMA 1",https://d1jsa4jz7pnf5n.cloudfront.net/117/_ent/12994/2023/imagem1678706598675_v7.png?1699033079737
a7ef16bd-e9af-476f-9944-e4f598061c15,"2022 R+ Hematologia 3 - Distúrbios da Hemostasia e Transfusão de Hemoderivados",http://d1jsa4jz7pnf5n.cloudfront.net/77/_ent/1200/2022/2020_DDG_APO_R3_CLM39_wells_A_01.jpg?1663869342200
a8836d47-8b05-4375-bca6-eb9347662755,"2025 MED ATB - TRATAMENTO DAS INFECÇÕES BACTERIANAS ORTOPÉDICAS & INTERPRETAÇÃO DO ANTIBIOGRAMA",https://d1jsa4jz7pnf5n.cloudfront.net/116/_ent/12944/2025/imagem1692821999905_v2.jpg?1749828728296
a8e9f4d0-c4c9-44dc-bc56-ee3081d48949,"2025 MED Síndromes Exantemáticas na Infância",https://d1jsa4jz7pnf5n.cloudfront.net/17/_ent/663-b/2025/imagem1733409638019.jpg?1734620307344
aa08c25d-254c-4064-a5d9-da0d45d6338a,"2025 MED ATB - INFECÇÕES BACTERIANAS DO TRATO URINÁRIO",https://d1jsa4jz7pnf5n.cloudfront.net/116/_ent/12939/2025/imagem1693493443601_v4.png?1744223590310
ab1dacb5-c269-4b15-92b1-42859b2f224a,"2025 Apostila Intensivão - CIR",https://d1jsa4jz7pnf5n.cloudfront.net/14/_ent/737/2025/imagem1752504917596.jpg?1756927730857
ab735034-1f41-4d0e-b642-213d9c28eaf3,"2023 R+ ENDOSCOPIA CLM 30",https://d1jsa4jz7pnf5n.cloudfront.net/77/_ent/1192/2023/imagem10.jpg?1689870768625
ab85baab-f6a3-47ad-aec8-c0e493999a1f,"2025 RADIOLOGIA 02",https://d1jsa4jz7pnf5n.cloudfront.net/53/_ent/12929/2025/imagem1665258891417_v3.jpg?1761946474144
abf46d8a-d951-4bed-bb7b-3559aca7752f,"2025 MEDIMAGEM 02 - Cardiologia",https://d1jsa4jz7pnf5n.cloudfront.net/105/_ent/12082/2025/imagem1685563695736_v4.jpg?1750682641799
ac09f78b-db5e-4c67-96aa-05ac673c63f9,"2024 Síndromes Febris",https://d1jsa4jz7pnf5n.cloudfront.net/16/_ent/611-b/2024/imagem1720478690359.jpg?1726501051461
ac226ed7-6a92-4ab8-97b5-5ffc210e66ab,"2023 R+ ENDOSCOPIA CLM 13",https://d1jsa4jz7pnf5n.cloudfront.net/77/_ent/1175/2023/imagem06.jpg?1680024224341
ff13012d-0aa6-4ecd-ab94-86eb3c1d41d0,"2025 R+ ENDOSCOPIA CLM 26",https://d1jsa4jz7pnf5n.cloudfront.net/77/_ent/1188/2025/imagem1714157542751.jpg?1748966729015
ac8b8df8-101b-4e36-b3ad-7b544486c696,"2024 R+ Infectologia 4 - Principais Síndromes Febris",https://d1jsa4jz7pnf5n.cloudfront.net/77/_ent/1179/2024/imagem1711472850773.JPG?1712758481706
ad2b1a5c-2c2e-47dd-8844-bd8fcbb0b4f4,"2024 Urologia; Resposta ao Trauma; Queimaduras; Cirurgia Plástica",https://d1jsa4jz7pnf5n.cloudfront.net/16/_ent/567/2024/imagem1678460847554_v2.jpg?1709235164926
adacb669-d8c6-4546-8e16-76b84aca55e6,"2025 R+ Cirurgia do Aparelho Digestivo 7 - Fígado",https://d1jsa4jz7pnf5n.cloudfront.net/78/_ent/1238/2025/imagem1728913167731.jpg?1753973581464
adc7d00c-c0e7-4754-aec1-dfc3252e6fae,"2024 Distúbios Nutricionais na Infância e Imunizações",https://d1jsa4jz7pnf5n.cloudfront.net/16/_ent/689/2024/imagem22_old690_v7.jpg?1718980681580
ade7a3cf-700f-44fe-bbc0-1d4fb14421c9,"2023 R+ Doenças Emergentes e de Importância Coletiva",https://d1jsa4jz7pnf5n.cloudfront.net/77/_ent/1193/2023/Inoculation-chagoma-on-the-dorsal-surface-of-the-left-hand-at-the-base-of-the-thumb-21_Q640.jpeg?1690400919991
ae5881db-a93f-48ef-a1e4-20343a4caccf,"2023 CPMR D2 - EXTRA 3",https://d1jsa4jz7pnf5n.cloudfront.net/101/_ent/12512/2023/barra_branca.jpg?1686163212697
af5d25aa-1c17-4c5c-b0a0-d27acc41763c,"2023 Fórcipe, Sofrimento Fetal Agudo e Crônico, Puerpério",https://d1jsa4jz7pnf5n.cloudfront.net/16/_ent/684/2023/imagem74.jpg?1693591736926
af69b8d1-7a1d-454c-8907-3f2c6d6f22db,"2022 R+ Endócrino 3 - Suprarrenal, Hipófise, Síndromes Poliglandulares Autoimunes e Neoplasia Endócrina Múltipla",http://d1jsa4jz7pnf5n.cloudfront.net/77/_ent/1192/2022/imagem10.jpg?1659019972354
b067b323-af4f-46b0-90e9-9fd642a43495,"2024 R+ Neurologia 1 - Doença Cerebrovascular e Neurorradiologia",https://d1jsa4jz7pnf5n.cloudfront.net/77/_ent/1170/2024/imagem106.jpg?1706817985925
b0879633-c83a-41e4-84ca-d96f3a18c581,"2024 REVALIDAAÇÃO2 - PEDIATRIA - NEONATOLOGIA",https://d1jsa4jz7pnf5n.cloudfront.net/117/_ent/12987/2024/imagem1729261726565.png?1730209547005
b0cb375c-9c0b-43b6-900e-671555135908,"2024 R+ Doenças Emergentes e de Importância Coletiva",https://d1jsa4jz7pnf5n.cloudfront.net/77/_ent/1193/2024/Inoculation-chagoma-on-the-dorsal-surface-of-the-left-hand-at-the-base-of-the-thumb-21_Q640.jpeg?1720531585726
ff39fe7a-2879-4635-b8a6-2d8a25b2b8d6,"2022 Ortopedia Pediatrica, Fraturas, Luxações e Lesões Ligamentares, Tendinites, Tenossinovites, Fasciítes e Bursistes",http://d1jsa4jz7pnf5n.cloudfront.net/16/_ent/686-b/2022/imagem189.jpg?1663778884943
b15b24c5-ea5c-4374-97cf-e8aeb9939cd5,"2024 TED - Terapêutica Medicamentosa",https://d1jsa4jz7pnf5n.cloudfront.net/120/_ent/12713/2024/imagem1727126886878.jpg?1731963226586
b16a7a1b-5b82-4740-9a90-27d5ea030627,"2023 MED Avaliação Inicial da Gestação",https://d1jsa4jz7pnf5n.cloudfront.net/17/_ent/661-b/2023/imagem64_v2_v3.jpg?1687345132144
b17ebcfe-d55e-42c2-8fbc-5b1a2abd6600,"2025 VENTILAMED Fisiologia Respiratória Aplicada",https://d1jsa4jz7pnf5n.cloudfront.net/104/_ent/12080/2025/imagem1728658586108.jpg?1754401937512
b1dcee74-ea5b-43f2-b8d6-874697cd1f19,"2025 REVALIDAAÇÃO2 - TRAUMA 1",https://d1jsa4jz7pnf5n.cloudfront.net/117/_ent/12994/2025/imagem1678706598675_v7.png?1762880943699
b22d0f59-dd61-4fc9-a717-c6b97bdd2b09,"2025 REVALIDAAÇÃO2 - SANGRAMENTOS NA GESTAÇÃO",https://d1jsa4jz7pnf5n.cloudfront.net/117/_ent/12993/2025/imagem1679502184992_v3.jpg?1763387800931
b238c3e1-4875-4072-82c8-45123353b66b,"2022 CPMR D2 - EXTRA 1",http://d1jsa4jz7pnf5n.cloudfront.net/101/_ent/12510/2022/barra_branca.jpg?1652477326240
b23b102c-145f-43f5-b2aa-b6b2cbd164eb,"2023 R+ ENDOSCOPIA CLM 24",https://d1jsa4jz7pnf5n.cloudfront.net/77/_ent/1186/2023/imagem30.jpg?1685628055060
b279fb05-8bd5-4132-8428-462927629003,"2024 R+ ENDOSCOPIA CLM 09",https://d1jsa4jz7pnf5n.cloudfront.net/77/_ent/1171/2024/imagem1706212540606.jpg?1707331555940
b2b7e889-7505-4457-8a88-c62b6b3b454f,"2022 R+ ENDOSCOPIA CLM 19",http://d1jsa4jz7pnf5n.cloudfront.net/77/_ent/1181/2022/imagem42_v2_v2.jpg?1652270750693
b3132ea3-8f40-4d11-8cbf-b711b31c2db5,"2021 Doenças Infecciosas Prevalentes na Infância",http://d1jsa4jz7pnf5n.cloudfront.net/16/2021/25268/imagem52_v2.jpg?1626187057146
b36c6284-c691-4a78-acea-df8747fdfdb2,"2023 R+ ENDOSCOPIA CLM 19",https://d1jsa4jz7pnf5n.cloudfront.net/77/_ent/1181/2023/imagem42_v2_v2.jpg?1682605459963
b386beb7-6aa3-4588-b50f-7dae08200eb3,"2021 Ortopedia Pediatrica, Fraturas, Luxações e Lesões Ligamentares, Tendinites, Tenossinovites, Fasciítes e Bursistes",http://d1jsa4jz7pnf5n.cloudfront.net/16/2021/25263/imagem189.jpg?1633708972787
b3afa473-a7dd-4b3e-8af7-b9b39cc852ff,"2024 R+ Hepatologia 2 - Complicações da Cirrose",https://d1jsa4jz7pnf5n.cloudfront.net/77/_ent/1166/2024/imagem1704980118463.jpg?1705922577678
b3cf9aec-e079-4865-a960-efcb0bb8eb6c,"2024 Pré-Operatório, Complicações em Cirurgia, Hérnias da Parede Abdominal, Anestesiologia",https://d1jsa4jz7pnf5n.cloudfront.net/16/_ent/568/2024/imagem1710256156376.jpg?1712089443869
b41f42f5-a382-4e0c-85ea-176a998bf3db,"2023 - REVALIDAAÇÃO - CLÍNICA MÉDICA - HEPATOLOGIA",https://d1jsa4jz7pnf5n.cloudfront.net/117/_ent/12999/2023/imagem1681168426770_v2.jpg?1683027285217
b475bdd7-58a9-489e-9fd7-eeb757d8e8b8,"2024 R+ Infectologia 1 - Principais Infecções Bacterianas",https://d1jsa4jz7pnf5n.cloudfront.net/166/_ent/13512/2024/imagem1709759914953.png?1723128244712
b47b0bbe-8f9a-42aa-bf5c-dd50441747f4,"2025 R+ Pneumologia 2 - Outras Doenças Pulmonares, Doenças Vasculares, Mediastinais e Pleurais",https://d1jsa4jz7pnf5n.cloudfront.net/166/_ent/13521/2025/imagem1714070091739.jpg?1750253853603
b519ee22-9343-46b0-aa9c-ae385aafa1bf,"2023 R+ ENDOSCOPIA CLM 38",https://d1jsa4jz7pnf5n.cloudfront.net/77/_ent/1200/2023/2020_DDG_APO_R3_CLM39_wells_A_01.jpg?1694632941670
b52ed9b4-67fb-41d7-859c-71e85621b8a7,"2022 R+ ENDOSCOPIA CLM 30",http://d1jsa4jz7pnf5n.cloudfront.net/77/_ent/1192/2022/imagem10.jpg?1659019972354
b5426d84-3074-4e48-9786-3f9a0ef5ac10,"2025 VENTILAMED Ventilação Não Invasiva (VNI) e Oxigenoterapia nasal de alto fluxo (ONAF)",https://d1jsa4jz7pnf5n.cloudfront.net/104/_ent/12076/2025/q10bonus.jpg?1752777957952
b54fe8e4-d659-4f87-905c-552d1975734b,"2025 TED -Autoimunes e metabólicas 4: Dermatoses metabólicas e nutricionais",https://d1jsa4jz7pnf5n.cloudfront.net/120/_ent/12704/2025/imagem1749581434448_v2.PNG?1749673512413
b56fa747-20f3-43aa-99b8-6abad8e5e7a8,"2024 R+ ENDOSCOPIA CLM 32",https://d1jsa4jz7pnf5n.cloudfront.net/77/_ent/1194/2024/imagem1720991561022.jpg?1721843844097
b57d3521-8197-4e1c-ab29-3e9de066a4c1,"2021 Síndrome da Imunodeficiência Adquirida - aids",http://d1jsa4jz7pnf5n.cloudfront.net/16/2021/25166/imagem57_v2.jpg?1631130242489
b598bd94-d739-4e84-aaeb-8636a5f76a49,"2025 RADIOLOGIA 01",https://d1jsa4jz7pnf5n.cloudfront.net/53/_ent/12928/2025/imagem1665258688485_v3.jpg?1761946509748
b5cc0e45-e784-4509-8adf-f9b688d5a36b,"2025 R+ Paciente Crítico 2 - Neurointensivismo e Cuidados Paliativos",https://d1jsa4jz7pnf5n.cloudfront.net/77/_ent/1164-b/2025/2020_DIA_TAB_R3_CLM02_09_v3.jpg?1735841061510
b61465ec-e86f-4d45-a02e-7668592d2952,"2023 - REVALIDAAÇÃO - NEFROLOGIA",https://d1jsa4jz7pnf5n.cloudfront.net/117/_ent/13012/2023/imagem1685476911213.jpg?1685705324289
b6307719-559e-4e63-bd89-a41712bad61d,"2021 CPMR2 D2 - EXTRA 1",http://d1jsa4jz7pnf5n.cloudfront.net/101/_ent/12510/2021/barra_branca.jpg?1636464635362
b6e02772-055a-4ba3-9b51-07386ec47d3b,"2023 - REVALIDAAÇÃO - SANGRAMENTOS NA GESTAÇÃO",https://d1jsa4jz7pnf5n.cloudfront.net/117/_ent/12993/2023/imagem1679502184992.jpg?1681823407773
b717949c-63a5-4f14-89b6-163fb504a029,"2023 MED Ciclo Menstrual, Distopia Genital, Incontinência Urinária",https://d1jsa4jz7pnf5n.cloudfront.net/17/_ent/655-b/2023/imagem88_v2_v2.jpg?1687869586117
b72c40f9-a900-43f4-9140-9bd8c872dade,"2023 REVALIDAAÇÃO2 - PRÉ-ECLÂMPSIA, DIABETES, SOFRIMENTO FETAL E PUERPÉRIO",https://d1jsa4jz7pnf5n.cloudfront.net/117/_ent/13015/2023/imagem1683058850273_v2.jpg?1703621011901
b76cc976-d275-4c1e-8b4f-e6778363befc,"2024 R+ Reumatologia 1 - Artrite Reumatoide, Espondiloartropatias Soronegativas, Síndrome de Sjögren, Lúpus, SAAF e Esclerose Sistêmica",https://d1jsa4jz7pnf5n.cloudfront.net/77/_ent/1194/2024/imagem1720991561022.jpg?1721843844097
b79a66e9-38eb-4446-afa6-12ce511b2da2,"2025 R+ ENDOSCOPIA CLM 13",https://d1jsa4jz7pnf5n.cloudfront.net/77/_ent/1175/2025/imagem1708962683309_v4.png?1741897384612
b7d964db-8aca-48f0-be25-4aca1d8645b0,"2025 MED Ciclo Menstrual, Distopia Genital, Incontinência Urinária",https://d1jsa4jz7pnf5n.cloudfront.net/17/_ent/655-b/2025/imagem1717447690310_v2.png?1751026808939
b7f74090-5fb0-47a0-ad19-a336b4983dd0,"2023 TEGO Sofrimento Fetal",https://d1jsa4jz7pnf5n.cloudfront.net/80/_ent/1308/2023/imagem1679997288813.jpg?1682014591979
b80f5b36-c868-4f7c-b3fa-003cdccc85a1,"2025 VENTILAMED Desmame Ventilatório ",https://d1jsa4jz7pnf5n.cloudfront.net/104/_ent/12079/2025/imagem1728575933399.jpg?1754498107880
b8410617-f4fb-4b3f-a40a-247ff5eecb21,"2022 R+ Neurologia 2 - Cefaleias e Epilepsia",http://d1jsa4jz7pnf5n.cloudfront.net/77/_ent/1171/2022/imagem15_v2.jpg?1646417061556
b8b59bec-6dbf-4f49-9ade-426ba1c1a82f,"2025 R+ Paciente Crítico 2 - Neurointensivismo e Cuidados Paliativos",https://d1jsa4jz7pnf5n.cloudfront.net/166/_ent/13503/2025/2020_DIA_TAB_R3_CLM02_09_v3.jpg?1741613316443
b8bc3440-4b4b-4a9b-8a59-bf4ad5a88c38,"2023 R+ Sofrimento Fetal",https://d1jsa4jz7pnf5n.cloudfront.net/80/_ent/1308/2023/imagem1679997288813.jpg?1682014591979
b9081fd6-1ce2-4cad-a28a-7d84ebab4728,"2025 INT TED TPI INTENSIVÃO 10 - Discromia / Hipoderme / Metabólicas",https://d1jsa4jz7pnf5n.cloudfront.net/185/_ent/13717/2025/old13722_imagem1766008693242.jpg?1767723917855
b9093f8c-5f32-4fb1-a32d-e94cf3a0b9f4,"2025 MED Estudos Epidemiológicos",https://d1jsa4jz7pnf5n.cloudfront.net/17/_ent/671/2025/imagem64_v2_v2.jpg?1744641492304
b9628c42-296b-478f-8395-c7cac02873e9,"2025 INTCLM2 PNE - ENAMED 2025",https://d1jsa4jz7pnf5n.cloudfront.net/179/_ent/13666/2025/old1436_imagem1752098276739.png?1757021070847
b980baa0-4808-4ee8-b0a5-bced0feba756,"2023 R+ Reumatologia 3 - Osteoartrite, Gota, Outras Artropatias e Fibromialgia",https://d1jsa4jz7pnf5n.cloudfront.net/77/_ent/1196/2023/imagem02.jpg?1691786295610
b9d9f961-f16c-4c9e-a770-4f5734f9f574,"2024 MED Oncologia 1",https://d1jsa4jz7pnf5n.cloudfront.net/17/_ent/654/2024/imagem117_v2_v2_v6.jpg?1711113666168
ba5d1e3f-78e2-4959-bec0-db18f38fd0a4,"2024 - REVALIDAAÇÃO - PUERICULTURA",https://d1jsa4jz7pnf5n.cloudfront.net/117/_ent/12997/2024/imagem1699472139346.png?1714147684164
ba649a42-b5e4-455b-b977-eb35c5e8ea55,"2023 R+ Hepatologia 2 - Complicações da Cirrose",http://d1jsa4jz7pnf5n.cloudfront.net/77/_ent/1166/2023/imagem42.jpg?1673376877374
bae2eb8e-5d32-45b5-8bb8-3a38418f660e,"2022 CP-MED EXTENSIVO APOSTILA 07 - Lavado Peritoneal Diagnóstico",http://d1jsa4jz7pnf5n.cloudfront.net/100/_ent/11724/2022/imagem01.jpg?1650314981566
bb1a1aab-035d-4926-936a-1a24cb562cf6,"2024 TED - Dermatoses infecciosas 3: Micoses cutâneas",https://d1jsa4jz7pnf5n.cloudfront.net/120/_ent/12701/2024/imagem1723116995835.png?1724674937498
bb1d875a-161e-4c31-b6f2-bd95bc66a676,"2025 R+ Neurologia 1 - Doença Cerebrovascular e Neurorradiologia",https://d1jsa4jz7pnf5n.cloudfront.net/166/_ent/13509/2025/imagem106.jpg?1742577439797
e0057c5e-01f1-4ff8-be0f-0606358c1562,"2024 R+ ENDOSCOPIA CLM 26",https://d1jsa4jz7pnf5n.cloudfront.net/77/_ent/1188/2024/imagem1714157542751.jpg?1718199467055
bbfc4e8c-5697-479f-9b52-0ff97fc70250,"2025 REVALIDAAÇÃO2 - ENDOCRINOLOGIA GINECOLÓGICA, SANGRAMENTO UTERINO ANORMAL E ENDOMETRIOSE",https://d1jsa4jz7pnf5n.cloudfront.net/117/_ent/13009/2025/imagem1684861842148_v3.jpg?1765476778615
ff561d60-616d-463f-b70d-ccb55a52529c,"2023 VENTILAMED Ventilação Não Invasiva (VNI) e Oxigenoterapia nasal de alto fluxo (ONAF)",https://d1jsa4jz7pnf5n.cloudfront.net/104/_ent/12076/2023/q10bonus.jpg?1683579209965
bc61b2b8-e8c3-4423-bb04-a15ce0dff4f0,"2024 MED ATB - INFECÇÕES BACTERIANAS DE PELE E PARTES MOLES",https://d1jsa4jz7pnf5n.cloudfront.net/116/_ent/12941/2024/imagem1689799113252.png?1716987677880
bcb3e35e-0d67-40fa-922b-3fd4590af3c9,"2023 R+ Infectologia 1 - Principais Infecções Bacterianas",https://d1jsa4jz7pnf5n.cloudfront.net/77/_ent/1176/2023/imagem56.jpg?1680036542373
bcfdd183-532a-4ea1-9873-3414d745eb46,"2023Introdução à Hepatologia, Hepatites Virais Agudas, Hepatites Virais Crônicas, Insuficiência Hepática Fulminante",https://d1jsa4jz7pnf5n.cloudfront.net/16/_ent/605/2023/imagem47_v4.jpg?1685553008880
bd581f20-7665-4d6b-8d5b-34089268c0b9,"2023 R+ Pneumologia 2 - Outras Doenças Pulmonares, Doenças Vasculares, Mediastinais e Pleurais",https://d1jsa4jz7pnf5n.cloudfront.net/77/_ent/1186/2023/imagem30.jpg?1685628055060
bd6889c3-fe64-487e-918f-38031b9379d2,"2024 R+ Doenças da Parede Abdominal",https://d1jsa4jz7pnf5n.cloudfront.net/78/_ent/1217/2024/imagem1709750529895.jpg?1710775463286
bda703f9-1d76-4f47-aa4e-eb056ae128e1,"2025 REVALIDAAÇÃO2 - INFECÇÕES SEXUALMENTE TRANSMISSÍVEIS E VIOLÊNCIA SEXUAL",https://d1jsa4jz7pnf5n.cloudfront.net/117/_ent/12998/2025/imagem1761851025509_v5.png?1763127249786
bdf15c52-3ea5-4c93-8f9f-0022da44546a,"2025 - REVALIDAAÇÃO - CLÍNICA MÉDICA - GASTROENTEROLOGIA",https://d1jsa4jz7pnf5n.cloudfront.net/117/_ent/12996/2025/imagem1712423151684.jpg?1746631683335
be082a48-0b03-4996-a0fe-5d13ab7cc0bd,"2023 - REVALIDAAÇÃO - HEMATOLOGIA",https://d1jsa4jz7pnf5n.cloudfront.net/117/_ent/13014/2023/imagem1682610679585_v3.png?1686150072019
be1668e0-0009-4439-a5a9-b1ffb3f08177,"2024 MED Amenorreia, SOP e Infertilidade",https://d1jsa4jz7pnf5n.cloudfront.net/17/_ent/656-b/2024/imagem1720725007301_v2.png?1722432086717
be2fd29c-4bdf-4857-8146-dacc5ed3a991,"2024 REVALIDAAÇÃO2 - TRAUMA 1",https://d1jsa4jz7pnf5n.cloudfront.net/117/_ent/12994/2024/imagem1678706598675_v7.png?1730978890580
bea45f5e-450d-4a4e-a37b-c4c8a4a614e9,"2025 - REVALIDAAÇÃO - CARDIOLOGIA",https://d1jsa4jz7pnf5n.cloudfront.net/117/_ent/13008/2025/imagem1681742911820.png?1749152703220
bfe5d06b-f5c1-4550-a659-0ece009eaf27,"2024 R+ Hematologia 3 - Distúrbios da Hemostasia e Transfusão de Hemoderivados",https://d1jsa4jz7pnf5n.cloudfront.net/166/_ent/13532/2024/imagem1724333391157_v3.png?1725994236035
c11f460a-81e3-4d47-8ef7-ab7134b0fbd1,"2023 REVALIDAAÇÃO2 - SANGRAMENTOS NA GESTAÇÃO",https://d1jsa4jz7pnf5n.cloudfront.net/117/_ent/12993/2023/imagem1679502184992_v2.jpg?1699359161100
c1a55566-7936-468f-8709-0b2e904e0206,"2023 Doenças Infecciosas Prevalentes na Infância",https://d1jsa4jz7pnf5n.cloudfront.net/16/_ent/692/2023/imagem1686168505232_v2.png?1689607840114
c1f1ea0a-53f6-4c5d-9736-0efb48d5cbe9,"2024 MED Síndromes Anêmicas",https://d1jsa4jz7pnf5n.cloudfront.net/17/_ent/640-b/2024/imagem1715272612828.jpg?1721649059059
c1f8a2f6-8323-4751-92db-7ce199b5e87b,"2025 INT TED TPI INTENSIVÃO 3 - Infectologia 1",https://d1jsa4jz7pnf5n.cloudfront.net/185/_ent/13707/2025/old12723_old12724_imagem1738238550020.png?1762449906737
c2caaf91-4e61-428f-bd67-87a41dd1df93,"2023 MED ATB - PNEUMONIAS BACTERIANAS HOSPITALARES",https://d1jsa4jz7pnf5n.cloudfront.net/116/_ent/12938/2023/imagem1688765349602.jpg?1692902543646
c3048d2a-5a0a-4530-849a-2da2df3c9244,"2022 MED Vigilância da Saúde",http://d1jsa4jz7pnf5n.cloudfront.net/17/_ent/672-b/2022/imagem109.jpg?1654539568704
c3644310-8362-4226-9a8d-7d2afd991d96,"2024 CPMR D2 - EXTRA 1",https://d1jsa4jz7pnf5n.cloudfront.net/101/_ent/12187/2024/barra_branca.jpg?1718219804513
c470e93a-60ca-41f4-9c8c-cfce37cb51f5,"2025 Fisiologia Menstrual, Anticoncepção, Amenorreia, Síndrome dos Ovários Policísticos",https://d1jsa4jz7pnf5n.cloudfront.net/16/_ent/595/2025/imagem1730141520044.jpg?1737116522378
c4b53251-dd56-4465-90c7-a658b7be3f93,"2021 Tuberculose; Micoses Pulmonares",http://d1jsa4jz7pnf5n.cloudfront.net/16/2021/25273/imagem_ausente440298_v2.png?1630435637451
c4e82334-bd82-4414-b901-02b13994f1ce,"2025 MASTO CIR Cirurgia do Aparelho Digestivo 7 - Fígado",https://d1jsa4jz7pnf5n.cloudfront.net/78/_ent/1238/2025/imagem1728913167731.jpg?1753973581464
c4ee3ceb-a925-421e-bd54-552d4f5f2cc1,"2025 MED Sofrimento Fetal, Puerpério, Fórcipe",https://d1jsa4jz7pnf5n.cloudfront.net/17/_ent/660-b/2025/imagem1681136958623_v8.png?1748873880156
c589ee6e-49ba-49f7-9903-d0b7294745b6,"2024 R+ ENDOSCOPIA CLM 34",https://d1jsa4jz7pnf5n.cloudfront.net/77/_ent/1196/2024/imagem1717698433584.jpg?1722344637811
c5bf8783-5cb2-4358-8a15-ec4cb13fa808,"2023 R+ Gastroenterologia 1 - Doenças do Esôfago e do Estômago",http://d1jsa4jz7pnf5n.cloudfront.net/77/_ent/1167/2023/imagem42.jpg?1675169734786
c5d04745-783a-4fa7-9450-7265217f18bb,"2024 VENTILAMED Gráficos, Monitorização e Assincronias ",https://d1jsa4jz7pnf5n.cloudfront.net/104/_ent/12075/2024/6548_img_q7_bonus_vmed03.jpg?1721314466886
c5d9c5f4-35dc-4a1e-b600-fc961518dee4,"2024 R+ Infectologia 4 - Principais Síndromes Febris",https://d1jsa4jz7pnf5n.cloudfront.net/166/_ent/13515/2024/imagem1711472850773.JPG?1723137285346
c603966c-2c59-4ae9-83bd-b0150d1c0c88,"2024 TED - Dermatoses inflamatórias 5: Dermatites neutrofílicas e eosinofiílicas; Síndromes autoinflamatórias.",https://d1jsa4jz7pnf5n.cloudfront.net/120/_ent/12689/2024/imagem1708088966615_v2.jpg?1717438384780
c677bf33-b8fc-4d63-9edb-b5c9b555c7b8,"2022 VENTILAMED Modos ventilatórios convencionais e ajustes iniciais.",http://d1jsa4jz7pnf5n.cloudfront.net/104/_ent/12074/2022/2021_DGR_APO_VEMED_figu20_A_01_v2.jpg?1651092534253
ff720e91-fc04-4902-bb08-17a089cd6a68,"2024 R+ ENDOSCOPIA CIR 12",https://d1jsa4jz7pnf5n.cloudfront.net/78/_ent/1217/2024/imagem1709750529895.jpg?1710775463286
c77589a6-aca8-4750-a655-b033985e1d0b,"2023 R+ ENDOSCOPIA CLM 43",https://d1jsa4jz7pnf5n.cloudfront.net/77/_ent/1205/2023/imagem21.jpg?1696342109516
c7f3a703-96d6-4c5a-9dc1-a32638686567,"2021 R3 Grandes Emergências Pediátricas 2 - Trauma Pediátrico",http://d1jsa4jz7pnf5n.cloudfront.net/79/2021/25470/Captura_de_Tela_2021-06-06_as_17.47.48_v2.jpg?1624048918102
c814f12b-1953-469d-9654-328d8eea7be4,"2025 INTCLM2 HEP",https://d1jsa4jz7pnf5n.cloudfront.net/14/_ent/1433/2025/imagem1751307539224.jpg?1756145662147
c870ba1a-622c-4fd3-a2eb-fb2c84692ebf,"2024 R+ Neurologia 2 - Cefaleias e Epilepsia",https://d1jsa4jz7pnf5n.cloudfront.net/166/_ent/13510/2024/imagem1706212540606.jpg?1723127434204
c88060cc-868e-4251-9dbb-ddffdd75bb8f,"2024 R+ Infectologia 3 - HIV e Aids",https://d1jsa4jz7pnf5n.cloudfront.net/77/_ent/1178/2024/imagem1711113425321.jpg?1712334885639
c8d8779a-daa7-4c16-b05c-3facf4fb69f7,"2022 Transtornos Mentais Orgânicos, Esquizofrenia e outros Transtornos Psicóticos, Transtornos do Humor, Transtornos de Ansiedade, Transtornos de Pers",http://d1jsa4jz7pnf5n.cloudfront.net/16/_ent/703-b/2022/imagem09.jpg?1663617592372
c925ffb1-e56a-4b27-bc27-a6073e532999,"2022 O Parto",http://d1jsa4jz7pnf5n.cloudfront.net/16/_ent/681/2023/imagem109.jpg?1646918556688
c95956e6-6d68-4ae1-8287-7de1774e9949,"2025 - REVALIDAAÇÃO - PUERICULTURA",https://d1jsa4jz7pnf5n.cloudfront.net/117/_ent/12997/2025/imagem1699472139346.png?1747059949111
c9b8c5a8-2dd0-40ec-9bca-2ac45affca1b,"2022 R+ Infectologia 2 - Infecções Pulmonares",http://d1jsa4jz7pnf5n.cloudfront.net/77/_ent/1177/2022/imagem74.jpg?1649871050783
ca0049c0-5ddc-469c-b40d-6a6a5b4fec77,"2023 R+ ENDOSCOPIA CLM 42",https://d1jsa4jz7pnf5n.cloudfront.net/77/_ent/1204/2023/imagem33_v2.jpg?1696261720335
ca2dad2a-e74d-4590-bff3-0d78c9e939d8,"2023 Insuficiência Renal",https://d1jsa4jz7pnf5n.cloudfront.net/16/_ent/677/2023/imagem27_v3.jpg?1675273268535
caa688a5-a6e5-4ba8-9341-7fa0b5bb440e,"2022 Infecções Sexualmente Trasmissíveis",http://d1jsa4jz7pnf5n.cloudfront.net/16/_ent/600-b/2022/imagem86_v2.jpg?1664487493044
cada46f3-e787-4f7c-a426-02ae514a02da,"2024 REVALIDAAÇÃO2 - PUERICULTURA",https://d1jsa4jz7pnf5n.cloudfront.net/117/_ent/12997/2024/imagem1699472139346.png?1731940022899
cadfd87f-5755-4e74-854c-8d3eceab85a6,"2024 REVALIDAAÇÃO2 - ENDOCRINOLOGIA GINECOLÓGICA, SANGRAMENTO UTERINO ANORMAL E ENDOMETRIOSE",https://d1jsa4jz7pnf5n.cloudfront.net/117/_ent/13009/2024/imagem1684861842148_v3.jpg?1734121309818
cb312f82-fe2f-46e9-9ebe-4353bd755311,"2025 REVALIDAAÇÃO2 - SISTEMA ÚNICO DE SAÚDE",https://d1jsa4jz7pnf5n.cloudfront.net/117/_ent/12995/2025/imagem1699009557709.png?1762202258384
cb9b4335-1279-4e23-82eb-c234a7e8b66c,"2022 O Pâncreas",http://d1jsa4jz7pnf5n.cloudfront.net/16/_ent/594/2022/imagem32_v2.jpg?1652966224351
cbc3206a-e3bb-4028-8d17-09e6542d2317,"2023 MED ATB - INTRODUÇÃO E INFECÇÕES BACTERIANAS DAS VIAS AÉREAS SUPERIORES",https://d1jsa4jz7pnf5n.cloudfront.net/116/_ent/12936/2023/imagem1682620030571_v4.jpg?1692190219069
cc0b5ff5-3a96-42e6-8436-26b02837f717,"2023 - REVALIDAAÇÃO - CLÍNICA MÉDICA - ENDOCRINOLOGIA",https://d1jsa4jz7pnf5n.cloudfront.net/117/_ent/12986/2023/imagem1677777914985_v4.PNG?1681735234003
cc1ebf17-305c-48d8-911f-b23d103ca185,"2022 R+ Cardiologia 1 - Hipertensão Arterial Sistêmica e Valvulopatias",http://d1jsa4jz7pnf5n.cloudfront.net/77/_ent/1181/2022/imagem42_v2_v2.jpg?1652270750693
cca65b66-e855-4f36-95d2-373a46cb2b90,"2023 R+ Endócrino 3 - Suprarrenal, Hipófise, Síndromes Poliglandulares Autoimunes e Neoplasia Endócrina Múltipla",https://d1jsa4jz7pnf5n.cloudfront.net/77/_ent/1192/2023/imagem10.jpg?1689870768625
ccf64d52-87c5-4d4e-9173-2f61bfd299b1,"2025 INTCLM1 HEM",https://d1jsa4jz7pnf5n.cloudfront.net/14/_ent/1430/2025/imagem1749260267950_v3.png?1755633881106
cd0b8f63-9298-451a-b515-66907c1d3790,"2023 R+ Gastroenterologia 2 - Doenças dos Intestinos Delgado e Grosso",http://d1jsa4jz7pnf5n.cloudfront.net/77/_ent/1168/2023/2019_DIA_TAB_R3_CLM06_16_v2_v2.jpg?1674652879605
cd36e1b2-82f0-47cf-9731-1da967c0dfa4,"2023 MASTO CIR Doenças da Parede Abdominal",https://d1jsa4jz7pnf5n.cloudfront.net/78/_ent/1217/2023/imagem25.jpg?1679419973024
cd38537e-3c6c-4d89-ae8a-cd919b469616,"2025 R+ Infectologia 1 - Principais Infecções Bacterianas",https://d1jsa4jz7pnf5n.cloudfront.net/77/_ent/1176/2025/imagem1709759914953.png?1742497081263
cd8160a1-388f-475d-a935-9d92f43eda7e,"2024 R+ Gastroenterologia 3 - Doenças do Pâncreas",https://d1jsa4jz7pnf5n.cloudfront.net/77/_ent/1169/2024/imagem1705513408202.jpg?1706016922642
ce120c14-573d-4cee-af99-4e70935bcecb,"2023 R+ ENDOSCOPIA CLM 02",http://d1jsa4jz7pnf5n.cloudfront.net/77/_ent/1164-b/2023/2020_DIA_TAB_R3_CLM02_09_v2.jpg?1672145337702
ce2107b3-c6a0-4345-aa18-92d347daef88,"2023 Vigilância da Saúde e Saúde do Trabalhador",https://d1jsa4jz7pnf5n.cloudfront.net/16/_ent/701/2023/imagem1678108059686.JPEG?1678822243942
ce4796b6-123c-48b6-9609-37d3d27b945f,"2021 Cirrose Hepática e suas Complicações",http://d1jsa4jz7pnf5n.cloudfront.net/16/2021/25161/imagem28.jpg?1622814786241
ce5f9b6a-eac0-4784-ad25-2394497280dc,"2022 R+ Neurologia 1 - Semiologia, Síndromes Vasculares e Imagem em Neurologia",http://d1jsa4jz7pnf5n.cloudfront.net/77/_ent/1170/2022/imagem106.jpg?1645446239066
d4330cc0-24cc-44ed-965d-8c7b4a4fe011,"2022 Epidemiologia Analítica e Aplicada à Clinica",http://d1jsa4jz7pnf5n.cloudfront.net/16/_ent/700/2022/QUADRO_SINTESE_v2.PNG?1643998930904
d1dd6552-8ad2-447a-9f4f-9d3d1e5b0a02,"2025 R+ ENDOSCOPIA CLM 24",https://d1jsa4jz7pnf5n.cloudfront.net/77/_ent/1186/2025/imagem1714070091739.jpg?1748529826966
d2b47458-25c2-4fb6-bada-d7adb4151f43,"2022 R+ ENDOSCOPIA CLM 04",http://d1jsa4jz7pnf5n.cloudfront.net/77/_ent/1166/2022/imagem42.jpg?1643138910907
d2cb5583-8923-483d-ac1e-aeb2f200bde3,"2024 REVALIDAAÇÃO2 - PREVENTIVA - VIGILÂNCIA DA SAÚDE, SAÚDE DO TRABALHADOR E ÉTICA MÉDICA",https://d1jsa4jz7pnf5n.cloudfront.net/117/_ent/13006/2024/imagem1681846433742_v2.jpg?1733853814011
d331d76b-06d5-44f9-ba23-3f747508b724,"2021 Doença Coronariana",http://d1jsa4jz7pnf5n.cloudfront.net/16/2021/25122/imagem37_v2.jpg?1625857062479
d33f5ac6-89f0-4ab1-89d2-4be6b12d7a47,"2023 REVALIDAAÇÃO2 - CLÍNICA MÉDICA - PNEUMOLOGIA",https://d1jsa4jz7pnf5n.cloudfront.net/117/_ent/12985/2023/imagem1679689364376.png?1698853265644
d37b79fb-9c92-4a71-9d4d-a93c70909a64,"2022 Cirurgia Vascular; Proctologia; Cirurgia Pediátrica",http://d1jsa4jz7pnf5n.cloudfront.net/16/_ent/731-b/2022/imagem81_v2.jpg?1664286990080
d3b385bf-34e0-4f32-a595-538a131f8a62,"2025 R+ ENDOSCOPIA CLM 19",https://d1jsa4jz7pnf5n.cloudfront.net/77/_ent/1181/2025/imagem1712599365981.jpg?1745858603940
d4701c18-0c06-4435-9fd7-ebd319197650,"2024 MED ATB - TRATAMENTO DAS INFECÇÕES BACTERIANAS ORTOPÉDICAS & INTERPRETAÇÃO DO ANTIBIOGRAMA",https://d1jsa4jz7pnf5n.cloudfront.net/116/_ent/12944/2024/imagem1692821999905_v2.jpg?1718107951936
d48ef58d-fbc7-4faa-8619-ff860fabd4e0,"2024 MED ATB - TRATAMENTO DA ENDOCARDITE INFECCIOSA",https://d1jsa4jz7pnf5n.cloudfront.net/116/_ent/12943/2024/imagem1691701522876_v3.png?1717160314959
d52b472a-c7cc-4ee3-98f7-c187b9d656ff,"2022 R+ Psiquiatria 2 - Transtornos do Humor, Ansiedade, Alimentares e Psicóticos",http://d1jsa4jz7pnf5n.cloudfront.net/77/_ent/1175/2022/imagem06.jpg?1648485069935
d749698f-5ea4-4547-981f-75510f1be52c,"2023 VENTILAMED Fisiologia Respiratória Aplicada",https://d1jsa4jz7pnf5n.cloudfront.net/104/_ent/12080/2023/21_v2a_v2.jpg?1684428522831
d764b6af-8ee5-456c-961b-0cef8872368f,"2022 R+ ENDOSCOPIA CLM 13",http://d1jsa4jz7pnf5n.cloudfront.net/77/_ent/1175/2022/imagem06.jpg?1648485069935
d87f6ccd-b377-44aa-abca-763c9ed889e0,"2023 R+ Doenças da Parede Abdominal",https://d1jsa4jz7pnf5n.cloudfront.net/78/_ent/1217/2023/imagem25.jpg?1679419973024
d8a28cb1-e3f4-412b-bb8f-875af8b180a5,"2024 TED - Dermato-reumatologia 2: Colagenoses e outras doenças Reumatológicas",https://d1jsa4jz7pnf5n.cloudfront.net/120/_ent/12697/2024/imagem1721771097078.jpg?1721993878295
d8b6bde2-cc14-45f6-9ce9-6fa853fd377e,"2022 A Série Branca",http://d1jsa4jz7pnf5n.cloudfront.net/16/_ent/602/2022/imagem59.jpg?1650309092067
d8c55b4d-80e3-4c6f-b52c-a83440410ce2,"2025 R+ Dermatologia - das Lesões Elementares às Grandes Dermatoses",https://d1jsa4jz7pnf5n.cloudfront.net/77/_ent/1197/2025/(1)249002-1e8eb7b0-f323-4e71-952c-c74b9db40729.png?1754597525358
d9bc9809-e188-4702-860b-73d5eae9b5e1,"2023 MED Oncologia 1",https://d1jsa4jz7pnf5n.cloudfront.net/17/_ent/654/2023/2022_DIA_APO_MED_GIN02_TABELAS_v06_2_v9.jpg?1679342048377
d9f50bd0-775a-4b20-9025-8d366040303b,"2023 REVALIDAAÇÃO2 - DOENÇAS INFECCIOSAS PREVALENTES NA INFÂNCIA",https://d1jsa4jz7pnf5n.cloudfront.net/117/_ent/13010/2023/imagem1682263494965.jpg?1702668663666
da2e639f-8cff-45f9-9fcb-45446d81928c,"2022 R+ Oncologia 4 - Tumores Gastrointestinais II",http://d1jsa4jz7pnf5n.cloudfront.net/77/_ent/1205/2022/imagem21.jpg?1666356115834
db0eb5db-fc23-43b6-8b00-d5e3a41f9fca,"2024 R+ Nefrologia 2 - Falência Renal",https://d1jsa4jz7pnf5n.cloudfront.net/77/_ent/1188/2024/imagem1714157542751.jpg?1718199467055
db4a9162-27d1-4f63-9c7d-5fd6478d1047,"2024 MED Avaliação Inicial da Gestação",https://d1jsa4jz7pnf5n.cloudfront.net/17/_ent/661-b/2024/imagem1714158333533_v3.png?1718647974404
dbe39905-0f1d-459d-9a7d-9dbfbdf523ee,"2024 REVALIDAAÇÃO2 - INFECÇÕES SEXUALMENTE TRANSMISSÍVEIS E VIOLÊNCIA SEXUAL",https://d1jsa4jz7pnf5n.cloudfront.net/117/_ent/12998/2024/imagem1679613420456_v5.png?1731343428037
dcb0f74e-fb1c-459f-a580-ec4ef93d35f9,"2025 R+ ENDOSCOPIA CLM 32",https://d1jsa4jz7pnf5n.cloudfront.net/77/_ent/1194/2025/imagem1720991561022.jpg?1752605382279
dd421b4a-0316-4f7e-a6fe-db81c0749cf7,"2025 R+ ENDOSCOPIA CLM 42",https://d1jsa4jz7pnf5n.cloudfront.net/77/_ent/1204/2025/imagem1754924970175.png?1756996308563
ddb12afb-f613-4a63-a48d-ebfecbdca78b,"2023 R+ ENDOSCOPIA CLM 39",https://d1jsa4jz7pnf5n.cloudfront.net/77/_ent/1201/2023/2022_DDG_APO_Rmais_CLM39_manobraepley_A_01.jpg?1695154211551
de475f64-54fd-4bb0-8e86-ddfb5737945f,"2025 - REVALIDAAÇÃO - SISTEMA ÚNICO DE SAÚDE",https://d1jsa4jz7pnf5n.cloudfront.net/117/_ent/12995/2025/imagem1746444830114.jpg?1746462630121
de655e00-8f2c-4126-93de-d6c5f14f3f7e,"2025 Doenças Tubulointersticiais e Vasculares dos Rins",https://d1jsa4jz7pnf5n.cloudfront.net/16/_ent/674/2025/imagem1701108063377_v5.png?1736886182138
de9d1b62-5c7f-4dcb-8fa6-036595acd2c7,"2022 Sistema Único de Saúde",http://d1jsa4jz7pnf5n.cloudfront.net/16/_ent/702-b/2022/imagem11_v2_v2.jpg?1659640429930
df4f06d6-17d2-4d0b-9628-cf8af960d47c,"2025 VENTILAMED A escolha do suporte ventilatório ",https://d1jsa4jz7pnf5n.cloudfront.net/104/_ent/12073/2025/imagem1727714117817.jpg?1750965327698
e003a19f-c1cd-40ee-9990-0bd39a12110e,"2024 - REVALIDAAÇÃO - SISTEMA ÚNICO DE SAÚDE",https://d1jsa4jz7pnf5n.cloudfront.net/117/_ent/12995/2024/imagem1699009557709.png?1713191896685
e06627d5-79b4-4ffd-91ec-8356fabf02d1,"2022 MED Sofrimento Fetal, Puerpério, Fórcipe",http://d1jsa4jz7pnf5n.cloudfront.net/17/_ent/660-b/2022/Tabela_Amamentacao_Outros_v2.jpg?1653570599374
e0d427bb-f36e-41d6-b53d-795701f4c090,"2022 MASTO GO Sofrimento Fetal",http://d1jsa4jz7pnf5n.cloudfront.net/80/_ent/1308/2022/imagem40.jpg?1650475312967
e0e1b498-eee7-4599-b4e0-f9ce400b241f,"2022 R+ Grandes Emergências Pediátricas 2 - Trauma Pediátrico",http://d1jsa4jz7pnf5n.cloudfront.net/79/_ent/1274/2022/Captura_de_Tela_2021-06-06_as_17_47_48_v2.jpg?1655496506617
e173698a-7015-42a5-bee3-ff374c008a31,"2025 R+ Hematologia 1 - Abordagem das Anemias",https://d1jsa4jz7pnf5n.cloudfront.net/166/_ent/13530/2025/old1198_imagem1752783236883.jpg?1756134311344
e1aed349-a481-4a3f-bc74-8d849025a178,"2025 R+ Gastroenterologia 1 - Doenças do Esôfago e do Estômago",https://d1jsa4jz7pnf5n.cloudfront.net/77/_ent/1167/2025/imagem1704222712485.jpg?1738180447488
e1c16f10-2d71-4f27-a53e-d0f8cce08360,"2025 R+ Nefrologia 1 - Síndromes Compartimentais Renais",https://d1jsa4jz7pnf5n.cloudfront.net/77/_ent/1187/2025/imagem1714072222373.jpg?1748539419566
e1ee4177-2bb3-404d-a959-e35b00457f53,"2025 R+ Cardiologia 1 - Hipertensão Arterial Sistêmica e Valvulopatias",https://d1jsa4jz7pnf5n.cloudfront.net/77/_ent/1181/2025/imagem1712599365981.jpg?1745858603940
e1fb9571-8615-40fa-a057-d65b4e798947,"2021 Principais Infecções Bacterianas",http://d1jsa4jz7pnf5n.cloudfront.net/16/2021/25167/imagem35_v2_v2.jpg?1631552903980
e2d6cd40-1136-4368-80d6-e51619d62aed,"2024 MED ATB - PNEUMONIAS BACTERIANAS HOSPITALARES",https://d1jsa4jz7pnf5n.cloudfront.net/116/_ent/12938/2024/imagem1688765349602_v2.jpg?1716217302426
e36575d8-d096-4cbf-9584-efbb42da0d16,"2023 R+ ENDOSCOPIA CLM 14",https://d1jsa4jz7pnf5n.cloudfront.net/77/_ent/1176/2023/imagem56.jpg?1680036542373
e393b1a0-33bc-49c6-b879-dbc9128f2064,"2024 R+ ENDOSCOPIA CLM 14",https://d1jsa4jz7pnf5n.cloudfront.net/77/_ent/1176/2024/imagem1709759914953.png?1710333878876
e3a7b3a8-393f-4f0e-978b-b3ec3f85fe78,"2025 - REVALIDAAÇÃO - OBS 3: DOENÇAS INTERCORRENTES NA GESTAÇÃO, SOFRIMENTO FETAL AGUDO E PUERPÉRIO",https://d1jsa4jz7pnf5n.cloudfront.net/117/_ent/13015/2025/imagem1683058850273_v2.jpg?1750763468703
e3ae415d-1eef-4683-b35c-4772b1ba7f2e,"2022 Doença Coronariana",http://d1jsa4jz7pnf5n.cloudfront.net/16/_ent/564-t/2022/imagem37_v2.jpg?1657631872306
e3bbc1a5-7ef8-4be4-a718-8a21b66c917f,"2025 R+ Gastroenterologia 1 - Doenças do Esôfago e do Estômago",https://d1jsa4jz7pnf5n.cloudfront.net/166/_ent/13506/2025/old1167_imagem1704222712485.jpg?1742566756447
e40df962-5396-4c4e-a6ad-c3834510ceab,"2022 MED Avaliação Inicial da Gestação",http://d1jsa4jz7pnf5n.cloudfront.net/17/_ent/661-b/2022/imagem64_v2_v2.jpg?1655903274740
e40f7c64-8b0e-4f94-aa94-9e6707c7fcef,"2024 VENTILAMED SDRA e COVID-19",https://d1jsa4jz7pnf5n.cloudfront.net/104/_ent/12077/2024/VMED-9.jpg?1722884169471
e426cf40-5088-47cc-a3d6-845891c273cd,"2025 R+ Infectologia 4 - Principais Síndromes Febris",https://d1jsa4jz7pnf5n.cloudfront.net/77/_ent/1179/2025/imagem1711472850773.JPG?1743526437968
e44bf9a6-ef88-4f80-b164-8d16ac70e365,"2022 R+ Hematologia 1 - Abordagem das Anemias",http://d1jsa4jz7pnf5n.cloudfront.net/77/_ent/1198/2022/imagem67.jpg?1662654607723
e494297f-1f0a-4c65-8d78-5d611a61dc36,"2024 R+ Gastroenterologia 1 - Doenças do Esôfago e do Estômago",https://d1jsa4jz7pnf5n.cloudfront.net/77/_ent/1167/2024/imagem1704222712485.jpg?1705924390278
e51468ea-05da-47fd-a3a6-14682aafdba8,"2023 R+ ENDOSCOPIA CLM 31",https://d1jsa4jz7pnf5n.cloudfront.net/77/_ent/1193/2023/Inoculation-chagoma-on-the-dorsal-surface-of-the-left-hand-at-the-base-of-the-thumb-21_Q640.jpeg?1690400919991
e521f54f-1d12-44ec-b069-65f4f09edb74,"2023 R+ Geriatria - Alterações Fisiológicas, Avaliação Geriátrica, Síndromes Geriátricas e Doenças Neurodegenerativas",https://d1jsa4jz7pnf5n.cloudfront.net/77/_ent/1173/2023/imagem21_v2_v2.jpg?1678306089691
e561f905-7f56-42ec-b07d-047b68af390b,"2023 Fisiologia Menstrual, Anticoncepção, Noções de Embriologia, Amenorreia, Síndrome dos Ovários Policísticos",http://d1jsa4jz7pnf5n.cloudfront.net/16/_ent/595/2023/imagem1669069528041.jpg?1673358589754
e5b65336-f191-4bed-9ed6-b157699ea789,"2024 R+ Reumatologia 3 - Osteoartrite, Gota, Outras Artropatias e Fibromialgia",https://d1jsa4jz7pnf5n.cloudfront.net/166/_ent/13529/2024/imagem1717698433584.jpg?1723149130239
e5ba87a4-4bb5-4458-b1f7-15544015925a,"2023 Preparo Pré-Operatório, Complicações em Cirurgia, Hérnias da Parede Abdominal, Princípios de Anestesia ",https://d1jsa4jz7pnf5n.cloudfront.net/16/_ent/567/2023/imagem29_v2.jpg?1680016856515
e61ec4c9-aeca-48b8-a816-0febc218a9d6,"2023 REVALIDAAÇÃO2 - CLÍNICA MÉDICA - ENDOCRINOLOGIA",https://d1jsa4jz7pnf5n.cloudfront.net/117/_ent/12986/2023/imagem1677777914985_v4.PNG?1698772231885
e6c76e6a-1361-4031-80af-b637864edd24,"2022 Cirrose Hepática e suas Complicações",http://d1jsa4jz7pnf5n.cloudfront.net/16/_ent/607-b/2022/imagem28_v2.jpg?1654002724156
e7190fb1-0abf-4d64-9e28-2bf760613950,"2024 MED Síndromes Exantemáticas na Infância",https://d1jsa4jz7pnf5n.cloudfront.net/17/_ent/663-b/2024/2022_DDG_APO_MED_PED1_febre_A_01_v4.jpg?1703688194227
e72d2ce6-2ab3-4e66-9ce4-df74efc82c30,"2025 Hiperplasia e Câncer de Endométrio, Lesões Intraepiteliais e Câncer de Colo Uterino, da Vulva e da Vagina",https://d1jsa4jz7pnf5n.cloudfront.net/16/_ent/599-b/2025/imagem1716314758887_v2.png?1753724540287
e73925fc-cf49-4191-bb18-62b20873d64e,"2021 Especialidades Pediátricas",http://d1jsa4jz7pnf5n.cloudfront.net/16/2021/25269/2021_DDG_APO_MDC_PED6_sinaisdealaerta_A_01.jpg?1629912241777
e821bbf3-cbf7-4ae0-9fad-56d9811339b6,"2024 VENTILAMED Desmame Ventilatório ",https://d1jsa4jz7pnf5n.cloudfront.net/104/_ent/12079/2024/24_v2.jpg?1722602133669
e84e1f52-caa8-496e-8257-be6b8c6d4c01,"2022 RADIOLOGIA 04",http://d1jsa4jz7pnf5n.cloudfront.net/53/_ent/12931/2022/imagem1665259172010.jpg?1665522510183
e923bd24-bd36-4946-b10c-033f276199b4,"2025 - REVALIDAAÇÃO - GIN 1: INFECÇÕES SEXUALMENTE TRANSMISSÍVEIS E VIOLÊNCIA SEXUAL",https://d1jsa4jz7pnf5n.cloudfront.net/117/_ent/12998/2025/imagem1679613420456_v7.png?1747076270071
e9a8ab58-4a8a-4c7d-abd0-573cd86289cc,"2022 Doenças Tubulointersticiais e Vasculares dos Rins",http://d1jsa4jz7pnf5n.cloudfront.net/16/_ent/674/2022/imagem21_v2.jpg?1643054711779
ea850a67-d9a3-450a-872e-6cdf2941ff0a,"2024 - REVALIDAAÇÃO - CLÍNICA MÉDICA - GASTROENTEROLOGIA",https://d1jsa4jz7pnf5n.cloudfront.net/117/_ent/12996/2024/imagem1712423151684.jpg?1713556255282
eaa2a0df-2469-4f11-9ecf-ebb929dab8cd,"2025 MED ATB - PNEUMONIAS BACTERIANAS HOSPITALARES",https://d1jsa4jz7pnf5n.cloudfront.net/116/_ent/12938/2025/imagem1688765349602_v2.jpg?1744220113375
ead1e404-2ca4-46ac-bcda-a22b6eca741d,"2024 MED Vigilância da Saúde",https://d1jsa4jz7pnf5n.cloudfront.net/17/_ent/672-b/2024/imagem1684260262244.JPEG?1717416543015
eae791b0-b737-47ae-8cf1-66f3360a769f,"2023 CPMR D2 - EXTRA 2",https://d1jsa4jz7pnf5n.cloudfront.net/101/_ent/12511/2023/barra_branca.jpg?1686163155290
eb4440d7-ea54-4015-8f1e-7d35d3adb778,"2023 VENTILAMED Gráficos, Monitorização e Assincronias ",https://d1jsa4jz7pnf5n.cloudfront.net/104/_ent/12075/2023/6548_img_q7_bonus_vmed03.jpg?1683043284437
eb55e100-aeab-4eaf-b0ac-aab7f8327ce1,"2025 INTCLM2 PNE",https://d1jsa4jz7pnf5n.cloudfront.net/14/_ent/1436/2025/imagem1752098276739.png?1756145719356
eb66780b-fdfd-4773-84c1-45b7edc0d58f,"2022 R+ ENDOSCOPIA CLM 24",http://d1jsa4jz7pnf5n.cloudfront.net/77/_ent/1186/2022/imagem30.jpg?1655468875152
ebe6b45d-d4b9-411b-91e8-3477edea0d30,"2024 REVALIDAAÇÃO2 - CLÍNICA MÉDICA - GASTROENTEROLOGIA",https://d1jsa4jz7pnf5n.cloudfront.net/117/_ent/12996/2024/imagem1712423151684.jpg?1731343345255
ec2afeea-1001-40e6-9faf-6f995a2e8dbe,"2024 R+ ENDOSCOPIA CLM 11",https://d1jsa4jz7pnf5n.cloudfront.net/77/_ent/1173/2024/imagem21_v2_v2.jpg?1709066463540
ec5b1ea7-06af-4861-92d9-1698ef28872a,"2025 REVALIDAAÇÃO2 - PUERICULTURA",https://d1jsa4jz7pnf5n.cloudfront.net/117/_ent/12997/2025/imagem1699472139346.png?1762956257617
ecc4ca25-8342-470a-b5c0-efc05746181e,"2025 R+ ENDOSCOPIA CLM 06",https://d1jsa4jz7pnf5n.cloudfront.net/77/_ent/1168/2025/2019_DIA_TAB_R3_CLM06_16_v2_v3.jpg?1737144334860
ece2c465-b650-45f2-add3-438c32ac381f,"2024 REVALIDAAÇÃO2 - DOENÇAS INFECCIOSAS PREVALENTES NA INFÂNCIA",https://d1jsa4jz7pnf5n.cloudfront.net/117/_ent/13010/2024/imagem1682263494965.jpg?1733766035678
ed9ecad9-f636-4a66-bd10-a62ec7eb7bc5,"2023 CP-MED EXTENSIVO APOSTILA 07 - Lavado Peritoneal Diagnóstico",https://d1jsa4jz7pnf5n.cloudfront.net/100/_ent/11724/2023/imagem01.jpg?1681246242013
ee60423d-6a1b-4cd2-8350-dcea90c07495,"2022 Principais Síndromes Febris ",http://d1jsa4jz7pnf5n.cloudfront.net/16/_ent/612-b/2022/variola_do_macaco2.JPG?1663959860912
ee9b6a48-af8a-4f3c-93ca-a9150f9a1761,"2022 Cirrose Hepática e Suas Causas",http://d1jsa4jz7pnf5n.cloudfront.net/16/_ent/606-b/2022/imagem41_v2.jpg?1654002577146
eece4269-7fda-490f-bb3c-8befc7fac9e4,"2024 R+ ENDOSCOPIA CLM 16",https://d1jsa4jz7pnf5n.cloudfront.net/77/_ent/1178/2024/imagem1711113425321.jpg?1712334885639
eef09b22-a164-42a1-8bf8-5a44e52653bb,"2024 R+ ENDOSCOPIA CLM 27",https://d1jsa4jz7pnf5n.cloudfront.net/77/_ent/1189/2024/2020_DIA_TAB_R3_CLM27_4_v2_v5.jpg?1718363255591
ef1bb5f0-a250-4789-87b3-facdb807f8f3,"2022 Introdução à Nefrologia; As Doenças Glomerulares",http://d1jsa4jz7pnf5n.cloudfront.net/16/_ent/673/2022/imagem40_v2.jpg?1640278584974
ef7f6c7c-27bb-4b66-bca7-a6a913057db3,"2022 R+ Nefrologia 2 - Falência Renal",http://d1jsa4jz7pnf5n.cloudfront.net/77/_ent/1188/2022/imagem12.jpg?1656355536158
ef9af01f-ca02-42bc-8c0c-81191db9d549,"2024 R+ ENDOSCOPIA CLM 20",https://d1jsa4jz7pnf5n.cloudfront.net/77/_ent/1182/2024/imagem45.jpg?1715002439015
eface071-080e-4a89-80b1-bc79367025ae,"2023 Urologia (Conceitos Clínicos, Cirúrgicos e Pediátricos)",https://d1jsa4jz7pnf5n.cloudfront.net/16/_ent/678/2023/imagem50_v2.jpg?1676648291257
f037cded-eaaf-4f65-bcb4-d31d890ed9aa,"2024 REVALIDAAÇÃO2 - CARDIOLOGIA",https://d1jsa4jz7pnf5n.cloudfront.net/117/_ent/13008/2024/imagem1681742911820.png?1733845060603
f1d3f51b-eab9-420d-b0ec-dc26e2e57491,"2025 R+ Nefrologia 3 - Distúrbios Eletrolíticos e Acidobásicos",https://d1jsa4jz7pnf5n.cloudfront.net/77/_ent/1189/2025/2020_DIA_TAB_R3_CLM27_4_v2_v6.jpg?1749653043652
f21a6ebd-f27f-4265-b933-fc093dc1dbee,"2025 INTCLM2 END",https://d1jsa4jz7pnf5n.cloudfront.net/14/_ent/1434/2025/imagem1750701586453.jpg?1756145187621
f2244e05-68c7-46af-8aaf-a9a208c609e1,"2023 MED ATB - INFECÇÕES BACTERIANAS DO SISTEMA NERVOSO CENTRAL",https://d1jsa4jz7pnf5n.cloudfront.net/116/_ent/12942/2023/imagem1691676360496_v3.png?1695412049104
f2614446-36d4-4e34-9bc1-f48287f0968c,"2025 INT TED TPI INTENSIVÃO 1 - Bases / Neoplasias 1",https://d1jsa4jz7pnf5n.cloudfront.net/185/_ent/13705/2025/old12721_imagem1761240642900_v2.png?1761316101452
ffe09cf0-a3bf-4f9b-b186-9af0926d2f0c,"2025 R+ ENDOSCOPIA CLM 27",https://d1jsa4jz7pnf5n.cloudfront.net/77/_ent/1189/2025/2020_DIA_TAB_R3_CLM27_4_v2_v6.jpg?1749653043652
f3e11a7f-c828-4565-88bb-6fceccfaf503,"2022 R+ ENDOSCOPIA CLM 05",http://d1jsa4jz7pnf5n.cloudfront.net/77/_ent/1167/2022/imagem42.jpg?1643720472661
f526336e-44a9-48b3-8f7d-f2d6fa08f7ea,"2021 CPMR D2 - EXTRA 3",http://d1jsa4jz7pnf5n.cloudfront.net/101/2021/27322/barra_branca.jpg?1624640633343
f5319263-5bbc-4dad-b8ab-a5f1423abbb0,"2023 R+ Neurologia 2 - Cefaleias e Epilepsia",https://d1jsa4jz7pnf5n.cloudfront.net/77/_ent/1171/2023/imagem1675041577818_v2.jpg?1676400519536
f532dc57-8cfa-49f7-9f84-7ea7d2ddde45,"2022 R+ ENDOSCOPIA CLM 02",http://d1jsa4jz7pnf5n.cloudfront.net/77/_ent/1164-b/2022/2020_DIA_TAB_R3_CLM02_09.jpg?1642163533216
f562000c-e8ff-4b95-bc83-c3ce2a40b534,"2024 TED - Dermatoses infecciosas 2: Piodermites",https://d1jsa4jz7pnf5n.cloudfront.net/120/_ent/12700/2024/imagem1723489080764.png?1723815729784
f572f607-6dd9-495b-974c-fa50956d596e,"2024 Vigilância da Saúde e Saúde do Trabalhador",https://d1jsa4jz7pnf5n.cloudfront.net/16/_ent/701/2024/imagem1678108059686.JPEG?1711134410664
f5a9464e-d1da-4a2e-a88c-51c306e1d645,"2025 Neurologia",https://d1jsa4jz7pnf5n.cloudfront.net/16/_ent/679-b/2025/imagem1753137660345.jpg?1758799779432
f674fde9-a749-4eab-9e00-f632eb7406db,"2024 R+ Hematologia 3 - Distúrbios da Hemostasia e Transfusão de Hemoderivados",https://d1jsa4jz7pnf5n.cloudfront.net/77/_ent/1200/2024/imagem1724333391157_v3.png?1725287738611
f6ca9f7a-9d28-453c-b5e2-8cbf21243830,"2021 CPMR D2 - EXTRA 1",http://d1jsa4jz7pnf5n.cloudfront.net/101/2021/27320/barra_branca.jpg?1624640133583
f6f1e80c-bf5d-4d2a-8a79-9b0d4ecf683e,"2024 Fórcipe, Sofrimento Fetal Agudo e Crônico, Puerpério",https://d1jsa4jz7pnf5n.cloudfront.net/16/_ent/684/2024/imagem1719934287684_v4.png?1726084935088
f73e671e-c3bc-49cd-95c1-ad45ca1b5a3c,"2021 Parasitoses Intestinais (Doenças por Helmintos e Protozoários), Esquistossomose",http://d1jsa4jz7pnf5n.cloudfront.net/16/2021/25169/imagem35a.jpg?1631290528306
f76bdc55-b7aa-427d-8c34-78761bce16a0,"2023 MASTO GO Sofrimento Fetal",https://d1jsa4jz7pnf5n.cloudfront.net/80/_ent/1308/2023/imagem1679997288813.jpg?1682014591979
f7b91c5b-9ffd-4c5b-8544-fa5846e3078e,"2022 Fórcipe, Sofrimento Fetal Agudo e Crônico, Puerpério",http://d1jsa4jz7pnf5n.cloudfront.net/16/_ent/684/2022/imagem74.jpg?1663102570565
f8862705-f96a-4e9f-acb8-20d8b1bec3a8,"2023 R+ Cardiologia 2 - Insuficiência Cardíaca, Miocardiopatias e Pericardiopatias",https://d1jsa4jz7pnf5n.cloudfront.net/77/_ent/1182/2023/imagem45.jpg?1683636218168
f8966e95-3d8b-487c-9448-0f97f00f4891,"2024 - REVALIDAAÇÃO -REUMATOLOGIA",https://d1jsa4jz7pnf5n.cloudfront.net/117/_ent/13011/2024/imagem1682001072749_v2.jpg?1716567602792
f89c042c-6aed-4034-88d7-af9a4da82932,"2025 TED -Oncologia 10: Paraneoplasias",https://d1jsa4jz7pnf5n.cloudfront.net/120/_ent/12700/2025/imagem1747311296243_v2.JPG?1747393716932
f8a1025a-176a-4949-861c-fe7f0f523e62,"2025 R+ ENDOSCOPIA CLM 30",https://d1jsa4jz7pnf5n.cloudfront.net/77/_ent/1192/2025/imagem1719601576516.jpg?1751972746752
f919b00e-2a58-4bf4-baa1-d08667a80468,"2023 Doenças das Mamas, Doenças dos Ovários",https://d1jsa4jz7pnf5n.cloudfront.net/16/_ent/598-b/2023/imagem1683031428597.jpg?1688568955235
fbd29ea1-6b1a-416e-a142-1024faae15f0,"2023 Hiperplasia e Câncer de Endométrio, Lesões Intraepiteliais e Câncer de Colo Uterino, da Vulva e da Vagina",https://d1jsa4jz7pnf5n.cloudfront.net/16/_ent/599-b/2023/imagem44_v2_v2.jpg?1690285449655
fbe43da5-5bbc-4b91-b5fa-618cc51bcb63,"2022 R+ Clínica Cirúrgica",http://d1jsa4jz7pnf5n.cloudfront.net/77/_ent/1201/2022/2022_DDG_APO_Rmais_CLM39_manobraepley_A_01.jpg?1664565886230
"77e7091a-4b92-4aee-891f-fdd0b70b9ab9","2022 MED Síndromes Exantemáticas na Infância",http://d1jsa4jz7pnf5n.cloudfront.net/17/_ent/663-b/2022/2022_DDG_APO_MED_PED1_febre_A_01_v2.jpg?1640801031972
bc290aad-252b-4ea1-b1c2-5a63c042ce8d,"2024 TED - Cirurgia dermatológica 1 - Fundamentos",https://d1jsa4jz7pnf5n.cloudfront.net/120/_ent/12714/2024/imagem1728304103280_v3.png?1732291455528
fcad32b7-2a79-48d0-937f-e72a2b39573a,"2023 R+ Infectologia 4 - Principais Síndromes Febris",https://d1jsa4jz7pnf5n.cloudfront.net/77/_ent/1179/2023/imagem1681760676472.JPG?1682436574012
fd32c278-7412-4732-9288-eaef51d7feff,"2022 R+ ENDOSCOPIA CLM 27",http://d1jsa4jz7pnf5n.cloudfront.net/77/_ent/1189/2022/2020_DIA_TAB_R3_CLM27_4_v2_v3.jpg?1657115137581
